232,1952,11,14,11/14/1952,21:00:00,America/Chicago,1952-11-15T03:00:00Z,AZ,4,0,0,0,NA,35.13,-112.57,0,0,0.2,200,1,1,25,0,0,0,TRUE,0
21,1954,3,4,3/4/1954,12:15:00,America/Chicago,1954-03-04T18:15:00Z,AZ,4,0,0,0,NA,31.95,-110.95,0,0,0.1,10,1,1,19,0,0,0,TRUE,0
451,1954,8,5,8/5/1954,12:48:00,America/Chicago,1954-08-05T17:48:00Z,AZ,4,0,0,0,NA,34.77,-112.5,0,0,0.1,10,1,1,25,0,0,0,TRUE,0
375,1955,6,13,6/13/1955,17:30:00,America/Chicago,1955-06-13T22:30:00Z,AZ,4,1,0,0,50000,33.25,-111.62,0,0,1,10,1,1,13,0,0,0,FALSE,0
351,1956,7,12,7/12/1956,22:45:00,America/Chicago,1956-07-13T03:45:00Z,AZ,4,0,0,0,NA,32,-110.3,0,0,0.1,10,1,1,3,0,0,0,TRUE,0
397,1956,7,25,7/25/1956,18:30:00,America/Chicago,1956-07-25T23:30:00Z,AZ,4,1,0,0,500,33.18,-112.75,0,0,0.1,17,1,1,13,0,0,0,TRUE,0
398,1956,7,25,7/25/1956,19:00:00,America/Chicago,1956-07-26T00:00:00Z,AZ,4,0,0,0,NA,33.37,-112,0,0,0.1,10,1,1,13,0,0,0,FALSE,0
274,1957,4,29,4/29/1957,15:15:00,America/Chicago,1957-04-29T20:15:00Z,AZ,4,0,0,0,NA,36.85,-109.83,0,0,2.5,120,1,1,1,0,0,0,TRUE,0
724,1957,8,18,8/18/1957,17:45:00,America/Chicago,1957-08-18T22:45:00Z,AZ,4,0,0,0,50,35.1,-111.5,0,0,0.1,10,1,1,5,0,0,0,TRUE,0
725,1957,8,20,8/20/1957,16:14:00,America/Chicago,1957-08-20T21:14:00Z,AZ,4,0,0,0,50,34.78,-112.82,0,0,0.1,10,1,1,5,0,0,0,TRUE,0
726,1957,8,29,8/29/1957,15:30:00,America/Chicago,1957-08-29T20:30:00Z,AZ,4,0,0,0,50000,32.87,-113.2,0,0,0.1,880,1,1,13,0,0,0,FALSE,0
707,1957,8,4,8/4/1957,19:00:00,America/Chicago,1957-08-05T00:00:00Z,AZ,4,3,0,0,5000,32.85,-113.2,0,0,12,10,1,1,13,0,0,0,FALSE,0
37,1958,3,11,3/11/1958,15:30:00,America/Chicago,1958-03-11T21:30:00Z,AZ,4,0,0,0,5000,33.4,-112.1,0,0,0.7,33,1,1,13,0,0,0,FALSE,0
146,1958,5,11,5/11/1958,11:30:00,America/Chicago,1958-05-11T16:30:00Z,AZ,4,0,0,0,50,35,-112.55,0,0,0.1,10,1,1,13,0,0,0,TRUE,0
422,1958,7,24,7/24/1958,16:00:00,America/Chicago,1958-07-24T21:00:00Z,AZ,4,1,0,0,5000,36,-112.1,0,0,0.5,200,1,1,5,0,0,0,TRUE,0
508,1958,9,24,9/24/1958,11:15:00,America/Chicago,1958-09-24T16:15:00Z,AZ,4,0,0,0,50,33.52,-111.72,0,0,4,10,1,1,13,0,0,0,TRUE,0
592,1959,11,2,11/2/1959,02:00:00,America/Chicago,1959-11-02T08:00:00Z,AZ,4,1,0,0,50000,34.6,-112.4,0,0,0.1,200,1,1,25,0,0,0,FALSE,0
483,1959,8,17,8/17/1959,09:20:00,America/Chicago,1959-08-17T14:20:00Z,AZ,4,2,1,0,500000,32.6,-114.1,0,0,0.1,200,1,1,27,0,0,0,FALSE,1
362,1960,6,10,6/10/1960,14:30:00,America/Chicago,1960-06-10T19:30:00Z,AZ,4,0,0,0,NA,34.97,-110.33,0,0,0.1,10,1,1,17,0,0,0,TRUE,0
552,1960,9,8,9/8/1960,15:00:00,America/Chicago,1960-09-08T20:00:00Z,AZ,4,1,0,0,50000,32.88,-111.85,0,0,0.1,10,1,1,21,0,0,0,TRUE,0
529,1961,7,22,7/22/1961,19:15:00,America/Chicago,1961-07-23T00:15:00Z,AZ,4,1,0,0,50000,32.7,-112.07,0,0,0.1,10,1,1,13,0,0,0,FALSE,0
540,1961,7,27,7/27/1961,17:15:00,America/Chicago,1961-07-27T22:15:00Z,AZ,4,1,1,0,500000,32.1,-110.9,0,0,0.1,10,1,1,19,0,0,0,FALSE,1
594,1961,9,8,9/8/1961,14:30:00,America/Chicago,1961-09-08T19:30:00Z,AZ,4,1,2,0,500000,33.4,-112,33.57,-111.95,11.8,10,1,1,13,0,0,0,FALSE,2
647,1962,10,17,10/17/1962,08:10:00,America/Chicago,1962-10-17T13:10:00Z,AZ,4,1,0,0,5000,34.4,-110.6,0,0,2,200,1,1,17,0,0,0,TRUE,0
648,1962,10,17,10/17/1962,12:20:00,America/Chicago,1962-10-17T17:20:00Z,AZ,4,0,0,0,NA,35.58,-109.78,0,0,0.1,10,1,1,1,0,0,0,TRUE,0
555,1962,7,26,7/26/1962,11:30:00,America/Chicago,1962-07-26T16:30:00Z,AZ,4,0,0,0,500,34.55,-112.48,0,0,0.1,10,1,1,25,0,0,0,FALSE,0
328,1963,7,10,7/10/1963,14:20:00,America/Chicago,1963-07-10T19:20:00Z,AZ,4,0,0,0,NA,31.43,-109.9,0,0,0.1,10,1,1,3,0,0,0,TRUE,0
590,1964,8,27,8/27/1964,12:16:00,America/Chicago,1964-08-27T17:16:00Z,AZ,4,2,9,2,50000,32.2,-111.02,0,0,0.1,10,1,1,19,0,0,0,FALSE,11
638,1964,9,15,9/15/1964,13:50:00,America/Chicago,1964-09-15T18:50:00Z,AZ,4,0,0,0,NA,35,-111.2,0,0,0.1,10,1,1,0,5,0,0,FALSE,0
433,1966,7,28,7/28/1966,04:00:00,America/Chicago,1966-07-28T09:00:00Z,AZ,4,1,0,0,50000,31.4,-109.88,0,0,1,167,1,1,3,0,0,0,FALSE,0
436,1966,7,30,7/30/1966,12:00:00,America/Chicago,1966-07-30T17:00:00Z,AZ,4,0,0,0,NA,34.92,-111.45,0,0,0.1,10,1,1,5,0,0,0,FALSE,0
500,1966,8,31,8/31/1966,11:15:00,America/Chicago,1966-08-31T16:15:00Z,AZ,4,0,0,0,NA,32.1,-109.85,0,0,0.1,10,1,1,3,0,0,0,TRUE,0
462,1966,8,9,8/9/1966,14:30:00,America/Chicago,1966-08-09T19:30:00Z,AZ,4,1,9,0,50000,33.4,-110.8,0,0,0.1,10,1,1,7,0,0,0,FALSE,9
513,1966,9,13,9/13/1966,17:00:00,America/Chicago,1966-09-13T22:00:00Z,AZ,4,1,0,0,5000,32.7,-114.68,0,0,0.1,10,1,1,27,0,0,0,TRUE,0
902,1967,12,19,12/19/1967,18:30:00,America/Chicago,1967-12-20T00:30:00Z,AZ,4,1,0,0,50000,33.38,-111.82,0,0,0.3,33,1,1,13,0,0,0,TRUE,0
623,1967,7,16,7/16/1967,18:30:00,America/Chicago,1967-07-16T23:30:00Z,AZ,4,1,0,0,50000,32.73,-111.75,0,0,1,17,1,1,21,0,0,0,FALSE,0
653,1967,7,29,7/29/1967,22:55:00,America/Chicago,1967-07-30T03:55:00Z,AZ,4,1,0,0,50000,33.78,-112.53,0,0,0.1,10,1,1,13,0,0,0,TRUE,0
664,1967,8,5,8/5/1967,17:00:00,America/Chicago,1967-08-05T22:00:00Z,AZ,4,0,0,0,NA,34.4,-112.28,0,0,0.1,17,1,1,25,0,0,0,TRUE,0
666,1967,8,8,8/8/1967,13:15:00,America/Chicago,1967-08-08T18:15:00Z,AZ,4,0,0,0,NA,35.4,-112.5,0,0,0.1,10,1,1,5,0,0,0,TRUE,0
571,1968,10,3,10/3/1968,20:00:00,America/Chicago,1968-10-04T01:00:00Z,AZ,4,2,3,0,500000,33.5,-112.4,33.5,-112.42,0.1,50,1,1,13,0,0,0,FALSE,3
585,1968,11,1,11/1/1968,13:45:00,America/Chicago,1968-11-01T19:45:00Z,AZ,4,0,0,0,NA,35,-110.93,0,0,0.1,10,1,1,5,0,0,0,TRUE,0
462,1968,7,20,7/20/1968,13:50:00,America/Chicago,1968-07-20T18:50:00Z,AZ,4,0,0,0,NA,36.1,-111.45,0,0,0.1,10,1,1,5,0,0,0,TRUE,0
463,1968,7,20,7/20/1968,21:30:00,America/Chicago,1968-07-21T02:30:00Z,AZ,4,1,3,0,50000,33.5,-112.1,0,0,0.1,33,1,1,13,0,0,0,FALSE,3
431,1968,7,4,7/4/1968,18:30:00,America/Chicago,1968-07-04T23:30:00Z,AZ,4,2,2,0,50000,33.4,-111.75,0,0,0.1,33,1,1,13,0,0,0,FALSE,2
8,1969,2,22,2/22/1969,14:45:00,America/Chicago,1969-02-22T20:45:00Z,AZ,4,0,0,0,NA,33.73,-112.07,0,0,0.1,10,1,1,13,0,0,0,TRUE,0
521,1969,8,16,8/16/1969,20:00:00,America/Chicago,1969-08-17T01:00:00Z,AZ,4,1,0,0,500000,31.93,-110.97,0,0,1,10,1,1,19,0,0,0,FALSE,0
465,1969,8,1,8/1/1969,00:45:00,America/Chicago,1969-08-01T05:45:00Z,AZ,4,1,2,0,50000,33,-112.8,0,0,0.1,10,1,1,13,0,0,0,FALSE,2
467,1969,8,1,8/1/1969,22:00:00,America/Chicago,1969-08-02T03:00:00Z,AZ,4,0,0,0,NA,31.9,-110.8,0,0,0.1,10,1,1,19,0,0,0,FALSE,0
453,1970,7,19,7/19/1970,20:25:00,America/Chicago,1970-07-20T01:25:00Z,AZ,4,0,0,0,NA,33.5,-112,0,0,0.1,10,1,1,13,0,0,0,TRUE,0
487,1970,8,8,8/8/1970,23:30:00,America/Chicago,1970-08-09T04:30:00Z,AZ,4,0,0,0,NA,32.75,-111.47,0,0,0.1,10,1,1,21,0,0,0,TRUE,0
542,1970,9,5,9/5/1970,17:00:00,America/Chicago,1970-09-05T22:00:00Z,AZ,4,1,0,0,50000,33.42,-111.77,33.42,-111.73,2.3,100,1,1,13,0,0,0,FALSE,0
811,1971,10,18,10/18/1971,14:40:00,America/Chicago,1971-10-18T19:40:00Z,AZ,4,1,0,0,50000,33.58,-111.97,0,0,0.5,50,1,1,13,0,0,0,FALSE,0
635,1971,7,16,7/16/1971,16:05:00,America/Chicago,1971-07-16T21:05:00Z,AZ,4,1,2,0,50000,31.55,-110.3,0,0,0.1,10,1,1,3,0,0,0,FALSE,2
638,1971,7,17,7/17/1971,19:45:00,America/Chicago,1971-07-18T00:45:00Z,AZ,4,1,0,0,50000,32.25,-109.83,0,0,0.1,300,1,1,3,0,0,0,FALSE,0
732,1971,8,30,8/30/1971,18:45:00,America/Chicago,1971-08-30T23:45:00Z,AZ,4,2,41,0,5000000,33.37,-111.92,33.42,-111.87,4.7,400,1,1,13,0,0,0,FALSE,41
754,1971,9,14,9/14/1971,20:15:00,America/Chicago,1971-09-15T01:15:00Z,AZ,4,2,0,0,50000,33.45,-112.27,0,0,0.1,27,1,1,13,0,0,0,FALSE,0
735,1971,9,1,9/1/1971,15:00:00,America/Chicago,1971-09-01T20:00:00Z,AZ,4,1,0,0,NA,32.23,-110.53,0,0,0.1,10,1,1,19,0,0,0,FALSE,0
736,1971,9,1,9/1/1971,18:20:00,America/Chicago,1971-09-01T23:20:00Z,AZ,4,1,0,0,500000,32.97,-111.63,33.43,-111.7,32.4,10,1,1,21,13,0,0,FALSE,0
689,1972,10,18,10/18/1972,19:45:00,America/Chicago,1972-10-19T00:45:00Z,AZ,4,1,0,0,50000,33.42,-111.53,0,0,0.1,1000,1,1,21,0,0,0,FALSE,0
686,1972,10,4,10/4/1972,16:00:00,America/Chicago,1972-10-04T21:00:00Z,AZ,4,0,0,0,50,33.05,-113.35,0,0,0.1,10,1,1,27,0,0,0,FALSE,0
378,1972,6,13,6/13/1972,20:33:00,America/Chicago,1972-06-14T01:33:00Z,AZ,4,0,0,0,50000,33.47,-112.17,0,0,0.3,10,1,1,13,0,0,0,FALSE,0
419,1972,6,21,6/21/1972,16:15:00,America/Chicago,1972-06-21T21:15:00Z,AZ,4,1,8,0,5000000,32.75,-111.55,0,0,1,1000,1,1,21,0,0,0,FALSE,8
420,1972,6,21,6/21/1972,16:53:00,America/Chicago,1972-06-21T21:53:00Z,AZ,4,0,0,0,50000,33.07,-111.73,33.23,-111.5,17.8,10,1,1,21,13,0,0,FALSE,0
421,1972,6,21,6/21/1972,17:00:00,America/Chicago,1972-06-21T22:00:00Z,AZ,4,1,5,0,500000,33.02,-112.12,33.05,-112.02,6.4,100,1,1,21,0,0,0,FALSE,5
422,1972,6,21,6/21/1972,17:30:00,America/Chicago,1972-06-21T22:30:00Z,AZ,4,0,0,0,50000,33.42,-111.55,0,0,0.1,10,1,1,21,0,0,0,FALSE,0
423,1972,6,21,6/21/1972,18:05:00,America/Chicago,1972-06-21T23:05:00Z,AZ,4,0,0,0,NA,33.38,-111.93,0,0,0.1,10,1,1,13,0,0,0,FALSE,0
424,1972,6,21,6/21/1972,19:30:00,America/Chicago,1972-06-22T00:30:00Z,AZ,4,2,3,0,50000000,33.47,-112,33.65,-111.92,13.5,10,1,1,13,0,0,0,FALSE,3
548,1972,7,23,7/23/1972,18:30:00,America/Chicago,1972-07-23T23:30:00Z,AZ,4,0,0,0,50,33.1,-111.57,0,0,0.1,10,1,1,13,0,0,0,FALSE,0
605,1972,8,10,8/10/1972,15:00:00,America/Chicago,1972-08-10T20:00:00Z,AZ,4,3,0,0,50,34.75,-112.47,0,0,0.1,10,1,1,25,0,0,0,FALSE,0
610,1972,8,12,8/12/1972,21:00:00,America/Chicago,1972-08-13T02:00:00Z,AZ,4,1,0,0,50,33.38,-112.08,0,0,0.3,17,1,1,13,0,0,0,FALSE,0
596,1972,8,8,8/8/1972,16:00:00,America/Chicago,1972-08-08T21:00:00Z,AZ,4,0,0,0,50,35.32,-113.92,35.3,-113.95,2.3,300,1,1,15,0,0,0,FALSE,0
645,1972,9,10,9/10/1972,20:05:00,America/Chicago,1972-09-11T01:05:00Z,AZ,4,1,1,0,5000000,33.4,-111.85,0,0,1.8,700,1,1,13,0,0,0,FALSE,1
657,1972,9,18,9/18/1972,17:00:00,America/Chicago,1972-09-18T22:00:00Z,AZ,4,1,1,0,500000,35.03,-114.57,0,0,0.1,10,1,1,15,0,0,0,FALSE,1
658,1972,9,18,9/18/1972,18:00:00,America/Chicago,1972-09-18T23:00:00Z,AZ,4,1,0,0,50000,34.25,-114.17,0,0,0.1,10,1,1,27,0,0,0,FALSE,0
642,1972,9,9,9/9/1972,15:10:00,America/Chicago,1972-09-09T20:10:00Z,AZ,4,0,0,0,50,32.18,-109.83,0,0,0.1,10,1,1,3,0,0,0,FALSE,0
201,1973,4,20,4/20/1973,14:55:00,America/Chicago,1973-04-20T20:55:00Z,AZ,4,0,0,0,NA,34.83,-110.23,0,0,0.1,10,1,1,17,0,0,0,FALSE,0
830,1973,8,2,8/2/1973,13:50:00,America/Chicago,1973-08-02T18:50:00Z,AZ,4,0,0,0,NA,34.6,-112.43,0,0,0.3,10,1,1,25,0,0,0,FALSE,0
884,1974,10,23,10/23/1974,13:30:00,America/Chicago,1974-10-23T18:30:00Z,AZ,4,1,0,0,NA,32.9,-110.83,0,0,0.1,67,1,1,21,0,0,0,FALSE,0
885,1974,10,23,10/23/1974,13:33:00,America/Chicago,1974-10-23T18:33:00Z,AZ,4,1,0,0,NA,32.7,-110.77,32.73,-110.7,4.7,33,1,1,21,0,0,0,FALSE,0
886,1974,10,27,10/27/1974,10:15:00,America/Chicago,1974-10-27T16:15:00Z,AZ,4,0,0,0,NA,34.9,-109.82,0,0,0.2,33,1,1,1,0,0,0,FALSE,0
620,1974,6,17,6/17/1974,17:35:00,America/Chicago,1974-06-17T22:35:00Z,AZ,4,0,0,0,NA,31.83,-111.42,0,0,0.5,30,1,1,19,0,0,0,FALSE,0
683,1974,6,23,6/23/1974,16:45:00,America/Chicago,1974-06-23T21:45:00Z,AZ,4,1,40,1,500000,32.12,-111.03,0,0,1,50,1,1,19,0,0,0,FALSE,41
684,1974,6,23,6/23/1974,17:03:00,America/Chicago,1974-06-23T22:03:00Z,AZ,4,0,0,0,5000,32.07,-110.95,0,0,2,20,1,1,19,0,0,0,FALSE,0
685,1974,6,24,6/24/1974,18:50:00,America/Chicago,1974-06-24T23:50:00Z,AZ,4,0,0,0,NA,31.47,-109.7,0,0,1,20,1,1,3,0,0,0,FALSE,0
741,1974,7,25,7/25/1974,18:30:00,America/Chicago,1974-07-25T23:30:00Z,AZ,4,0,0,0,50000,33.05,-110.9,0,0,0.1,27,1,1,21,0,0,0,FALSE,0
834,1974,8,24,8/24/1974,21:05:00,America/Chicago,1974-08-25T02:05:00Z,AZ,4,1,0,0,5000,33.47,-112.47,0,0,0.1,10,1,1,13,0,0,0,FALSE,0
760,1974,8,6,8/6/1974,12:20:00,America/Chicago,1974-08-06T17:20:00Z,AZ,4,1,0,0,NA,35.95,-113.57,0,0,1,20,1,1,15,0,0,0,FALSE,0
910,1975,12,23,12/23/1975,12:25:00,America/Chicago,1975-12-23T18:25:00Z,AZ,4,1,0,0,NA,32.05,-111.42,0,0,2,33,1,1,19,0,0,0,FALSE,0
345,1976,5,4,5/4/1976,15:15:00,America/Chicago,1976-05-04T20:15:00Z,AZ,4,1,0,0,NA,33.5,-111.72,0,0,2,33,1,1,13,0,0,0,FALSE,0
346,1976,5,4,5/4/1976,15:15:00,America/Chicago,1976-05-04T20:15:00Z,AZ,4,0,0,0,NA,33.57,-111.83,0,0,2,13,1,1,13,0,0,0,FALSE,0
347,1976,5,4,5/4/1976,16:03:00,America/Chicago,1976-05-04T21:03:00Z,AZ,4,0,0,0,NA,33.58,-111.75,0,0,0.1,17,1,1,13,0,0,0,FALSE,0
683,1976,7,6,7/6/1976,16:38:00,America/Chicago,1976-07-06T21:38:00Z,AZ,4,0,0,0,NA,35.33,-112.88,0,0,0.1,17,1,1,25,0,0,0,FALSE,0
763,1976,8,12,8/12/1976,19:00:00,America/Chicago,1976-08-13T00:00:00Z,AZ,4,1,0,0,5000,36.95,-112.98,0,0,0.1,10,1,1,15,0,0,0,FALSE,0
64,1977,3,25,3/25/1977,13:55:00,America/Chicago,1977-03-25T19:55:00Z,AZ,4,1,0,0,NA,33.52,-112.42,0,0,1,20,1,1,13,0,0,0,FALSE,0
601,1977,7,19,7/19/1977,15:00:00,America/Chicago,1977-07-19T20:00:00Z,AZ,4,0,0,0,NA,35.12,-112.35,0,0,0.5,20,1,1,25,0,0,0,TRUE,0
27,1978,2,10,2/10/1978,16:30:00,America/Chicago,1978-02-10T22:30:00Z,AZ,4,0,0,0,NA,32.68,-113.92,0,0,0.1,10,1,1,27,0,0,0,TRUE,0
28,1978,2,10,2/10/1978,16:40:00,America/Chicago,1978-02-10T22:40:00Z,AZ,4,0,0,0,NA,32.68,-114.17,0,0,0.1,10,1,1,27,0,0,0,TRUE,0
31,1979,3,14,3/14/1979,15:30:00,America/Chicago,1979-03-14T21:30:00Z,AZ,4,1,3,0,50000,34.7,-113.62,0,0,0.5,50,1,1,15,0,0,0,TRUE,3
649,1979,8,14,8/14/1979,18:24:00,America/Chicago,1979-08-14T23:24:00Z,AZ,4,0,0,0,NA,34.17,-109.67,0,0,1,50,1,1,1,0,0,0,FALSE,0
780,1979,9,28,9/28/1979,18:15:00,America/Chicago,1979-09-28T23:15:00Z,AZ,4,0,0,0,NA,32.47,-114.5,0,0,0.1,10,1,1,27,0,0,0,FALSE,0
195,1980,5,1,5/1/1980,12:48:00,America/Chicago,1980-05-01T17:48:00Z,AZ,4,1,0,0,NA,35.32,-112.88,35.33,-112.42,26.5,50,1,1,25,5,0,0,FALSE,0
723,1981,9,5,9/5/1981,16:25:00,America/Chicago,1981-09-05T21:25:00Z,AZ,4,1,0,0,500000,32.7,-111.97,0,0,2,40,1,1,21,0,0,0,FALSE,0
724,1981,9,5,9/5/1981,16:27:00,America/Chicago,1981-09-05T21:27:00Z,AZ,4,1,0,0,500000,32.95,-112.72,0,0,1,40,1,1,13,0,0,0,FALSE,0
725,1981,9,5,9/5/1981,20:20:00,America/Chicago,1981-09-06T01:20:00Z,AZ,4,1,0,0,500000,33.67,-112.32,0,0,1,30,1,1,13,0,0,0,FALSE,0
862,1982,8,12,8/12/1982,16:14:00,America/Chicago,1982-08-12T21:14:00Z,AZ,4,0,0,0,50,32.95,-112.75,0,0,0.5,30,1,1,13,0,0,0,FALSE,0
925,1983,12,27,12/27/1983,21:00:00,America/Chicago,1983-12-28T03:00:00Z,AZ,4,1,0,0,500000,36.97,-112.97,0,0,0.4,50,1,1,15,0,0,0,FALSE,0
716,1983,7,31,7/31/1983,17:45:00,America/Chicago,1983-07-31T22:45:00Z,AZ,4,1,0,0,5000,33.67,-114.23,0,0,0.2,20,1,1,27,0,0,0,FALSE,0
741,1983,8,16,8/16/1983,18:30:00,America/Chicago,1983-08-16T23:30:00Z,AZ,4,1,0,0,500000,33.43,-112.03,0,0,0.3,30,1,1,13,0,0,0,FALSE,0
724,1983,8,6,8/6/1983,19:00:00,America/Chicago,1983-08-07T00:00:00Z,AZ,4,1,0,0,50000,35.62,-114.2,0,0,0.2,20,1,1,15,0,0,0,FALSE,0
729,1983,8,8,8/8/1983,18:18:00,America/Chicago,1983-08-08T23:18:00Z,AZ,4,1,0,0,50000,33.48,-112.23,0,0,0.2,20,1,1,13,0,0,0,FALSE,0
747,1984,7,16,7/16/1984,20:50:00,America/Chicago,1984-07-17T01:50:00Z,AZ,4,1,0,0,50000,32.17,-110.88,0,0,0.1,20,1,1,19,0,0,0,FALSE,0
748,1984,7,16,7/16/1984,21:10:00,America/Chicago,1984-07-17T02:10:00Z,AZ,4,1,0,0,NA,32.05,-111.15,0,0,0.1,20,1,1,19,0,0,0,FALSE,0
751,1984,7,22,7/22/1984,14:15:00,America/Chicago,1984-07-22T19:15:00Z,AZ,4,1,0,0,50000,33.03,-111.83,0,0,1,1500,1,1,21,0,0,0,FALSE,0
785,1984,8,9,8/9/1984,21:00:00,America/Chicago,1984-08-10T02:00:00Z,AZ,4,1,0,0,500000,33.63,-112.1,0,0,0.5,30,1,1,13,0,0,0,FALSE,0
19,1985,3,15,3/15/1985,10:45:00,America/Chicago,1985-03-15T16:45:00Z,AZ,4,0,0,0,NA,32.93,-111.58,0,0,2,10,1,1,21,0,0,0,FALSE,0
20,1985,3,15,3/15/1985,10:45:00,America/Chicago,1985-03-15T16:45:00Z,AZ,4,0,0,0,NA,32.93,-111.62,0,0,2,10,1,1,21,0,0,0,FALSE,0
21,1985,3,15,3/15/1985,11:05:00,America/Chicago,1985-03-15T17:05:00Z,AZ,4,1,0,0,50000,32.97,-111.52,0,0,0.1,30,1,1,21,0,0,0,FALSE,0
753,1986,11,18,11/18/1986,17:30:00,America/Chicago,1986-11-18T23:30:00Z,AZ,4,0,0,0,NA,32.77,-111.55,0,0,0.5,17,1,1,21,0,0,0,FALSE,0
754,1986,11,18,11/18/1986,19:04:00,America/Chicago,1986-11-19T01:04:00Z,AZ,4,1,0,0,500000,33.42,-111.55,0,0,0.5,20,1,1,21,0,0,0,FALSE,0
565,1987,8,29,8/29/1987,16:35:00,America/Chicago,1987-08-29T21:35:00Z,AZ,4,0,0,0,500,33.72,-112.07,0,0,0.1,10,1,1,13,0,0,0,FALSE,0
585,1987,9,22,9/22/1987,18:00:00,America/Chicago,1987-09-22T23:00:00Z,AZ,4,0,0,0,NA,32.83,-114.48,0,0,0.5,10,1,1,27,0,0,0,FALSE,0
586,1987,9,22,9/22/1987,18:00:00,America/Chicago,1987-09-22T23:00:00Z,AZ,4,1,0,0,5000,32.8,-114.52,0,0,0.5,10,1,1,27,0,0,0,FALSE,0
382,1988,7,20,7/20/1988,20:00:00,America/Chicago,1988-07-21T01:00:00Z,AZ,4,1,0,0,50000,32.82,-111.48,0,0,0.5,30,1,1,21,0,0,0,FALSE,0
1,1989,1,4,1/4/1989,13:00:00,America/Chicago,1989-01-04T19:00:00Z,AZ,4,0,0,0,50000,33.43,-112.15,0,0,0.5,20,1,1,13,0,0,0,FALSE,0
894,1990,7,16,7/16/1990,15:35:00,America/Chicago,1990-07-16T20:35:00Z,AZ,4,0,0,0,NA,31.9,-109.82,0,0,0.2,10,1,1,3,0,0,0,FALSE,0
909,1990,7,21,7/21/1990,13:32:00,America/Chicago,1990-07-21T18:32:00Z,AZ,4,0,0,0,5000,34.9,-112.9,0,0,0.2,10,1,1,25,0,0,0,FALSE,0
1004,1990,9,3,9/3/1990,19:10:00,America/Chicago,1990-09-04T00:10:00Z,AZ,4,0,0,0,NA,33.48,-112.07,0,0,0.2,20,1,1,13,0,0,0,FALSE,0
1062,1991,8,24,8/24/1991,14:15:00,America/Chicago,1991-08-24T19:15:00Z,AZ,4,1,2,0,500000,32.42,-111.27,0,0,1,20,1,1,19,0,0,0,FALSE,2
1063,1991,9,2,9/2/1991,16:38:00,America/Chicago,1991-09-02T21:38:00Z,AZ,4,0,0,0,NA,34.78,-112.75,0,0,0.2,10,1,1,25,0,0,0,FALSE,0
1128,1992,10,24,10/24/1992,16:55:00,America/Chicago,1992-10-24T21:55:00Z,AZ,4,2,0,0,50000,35.43,-111.53,35.5,-111.5,5.5,200,1,1,5,0,0,0,FALSE,0
1129,1992,10,24,10/24/1992,18:37:00,America/Chicago,1992-10-24T23:37:00Z,AZ,4,0,0,0,NA,35.25,-110.97,0,0,0.3,100,1,1,5,0,0,0,FALSE,0
1130,1992,10,24,10/24/1992,18:55:00,America/Chicago,1992-10-24T23:55:00Z,AZ,4,0,0,0,NA,35.47,-111.18,0,0,0.2,73,1,1,5,0,0,0,FALSE,0
1,1992,1,6,1/6/1992,16:08:00,America/Chicago,1992-01-06T22:08:00Z,AZ,4,1,0,0,50000,33.48,-112.07,0,0,1.2,30,1,1,13,0,0,0,FALSE,0
2,1992,1,6,1/6/1992,16:30:00,America/Chicago,1992-01-06T22:30:00Z,AZ,4,0,0,0,50000,33.42,-111.82,0,0,0.5,20,1,1,13,0,0,0,FALSE,0
22,1992,2,13,2/13/1992,14:55:00,America/Chicago,1992-02-13T20:55:00Z,AZ,4,0,0,0,5000,33.48,-112.07,0,0,0.5,20,1,1,13,0,0,0,FALSE,0
23,1992,2,13,2/13/1992,15:50:00,America/Chicago,1992-02-13T21:50:00Z,AZ,4,0,0,0,NA,33.4,-111.93,0,0,0.5,20,1,1,13,0,0,0,FALSE,0
24,1992,2,13,2/13/1992,16:45:00,America/Chicago,1992-02-13T22:45:00Z,AZ,4,0,0,0,50000,33.42,-111.62,0,0,0.5,20,1,1,13,0,0,0,FALSE,0
264,1992,5,23,5/23/1992,17:18:00,America/Chicago,1992-05-23T22:18:00Z,AZ,4,0,0,0,500,33.48,-111.9,0,0,0.5,10,1,1,13,0,0,0,FALSE,0
265,1992,5,23,5/23/1992,17:40:00,America/Chicago,1992-05-23T22:40:00Z,AZ,4,1,0,0,50000,33.48,-112.07,0,0,0.5,20,1,1,13,0,0,0,FALSE,0
728,1992,7,6,7/6/1992,20:00:00,America/Chicago,1992-07-07T01:00:00Z,AZ,4,1,1,0,5000000,32.23,-110.93,0,0,2.8,10,1,1,19,0,0,0,FALSE,1
937,1992,8,17,8/17/1992,17:31:00,America/Chicago,1992-08-17T22:31:00Z,AZ,4,0,0,0,50000,32.42,-109.83,0,0,0.1,10,1,1,3,0,0,0,FALSE,0
1015,1992,8,31,8/31/1992,14:42:00,America/Chicago,1992-08-31T19:42:00Z,AZ,4,0,0,0,NA,36.03,-111.65,36.2,-111.65,10,20,1,1,5,0,0,0,FALSE,0
11,1993,1,17,1/17/1993,14:30:00,America/Chicago,1993-01-17T20:30:00Z,AZ,4,2,0,0,5000000,33.62,-111.9,0,0,2.1,50,1,1,13,0,0,0,FALSE,0
15,1993,1,18,1/18/1993,14:25:00,America/Chicago,1993-01-18T20:25:00Z,AZ,4,0,0,0,NA,33.98,-112.07,0,0,0.5,10,1,1,13,0,0,0,FALSE,0
14,1993,1,18,1/18/1993,15:18:00,America/Chicago,1993-01-18T21:18:00Z,AZ,4,1,0,0,NA,33.13,-111.65,0,0,2,20,1,1,21,0,0,0,FALSE,0
19,1993,2,8,2/8/1993,20:04:00,America/Chicago,1993-02-09T02:04:00Z,AZ,4,0,0,0,5000,33.92,-112.13,0,0,0.5,20,1,1,13,0,0,0,FALSE,0
327,1993,5,16,5/16/1993,15:00:00,America/Chicago,1993-05-16T20:00:00Z,AZ,4,2,0,0,50000,34.72,-112.48,0,0,0.3,20,1,1,25,0,0,0,FALSE,0
1011,1993,8,24,8/24/1993,20:45:00,America/Chicago,1993-08-25T01:45:00Z,AZ,4,0,0,0,NA,32.73,-110.9,0,0,0.1,10,1,1,21,0,0,0,FALSE,0
1016,1993,8,29,8/29/1993,12:40:00,America/Chicago,1993-08-29T17:40:00Z,AZ,4,0,0,0,NA,31.63,-110.33,0,0,0.1,10,1,1,3,0,0,0,FALSE,0
926,1993,8,5,8/5/1993,20:14:00,America/Chicago,1993-08-06T01:14:00Z,AZ,4,0,0,0,NA,32.88,-111.55,0,0,0.1,10,1,1,21,0,0,0,FALSE,0
16,1994,2,8,2/8/1994,15:18:00,America/Chicago,1994-02-08T21:18:00Z,AZ,4,0,0,0,50000,33.73,-112.37,0,0,1,20,1,1,13,0,0,0,FALSE,0
31,1994,3,7,3/7/1994,14:28:00,America/Chicago,1994-03-07T20:28:00Z,AZ,4,0,0,0,5000,33.32,-112.07,0,0,0.2,10,1,1,13,0,0,0,FALSE,0
32,1994,3,7,3/7/1994,15:30:00,America/Chicago,1994-03-07T21:30:00Z,AZ,4,0,0,0,50000,32.23,-110.93,0,0,0.1,10,1,1,19,0,0,0,FALSE,0
196,1994,4,26,4/26/1994,15:30:00,America/Chicago,1994-04-26T20:30:00Z,AZ,4,0,0,0,NA,36.88,-113.62,36.88,-113.55,3,20,1,1,15,0,0,0,FALSE,0
831,1994,7,28,7/28/1994,18:28:00,America/Chicago,1994-07-28T23:28:00Z,AZ,4,2,0,0,500000,32.38,-111.02,0,0,2,23,1,1,19,0,0,0,FALSE,0
39,1995,2,13,2/13/1995,17:08:00,America/Chicago,1995-02-13T23:08:00Z,AZ,4,1,0,0,5000000,33.35,-111.7,0,0,0.5,10,1,1,13,0,0,0,FALSE,0
886,1995,7,11,7/11/1995,19:10:00,America/Chicago,1995-07-12T00:10:00Z,AZ,4,0,0,0,NA,35.38,-112.67,0,0,0.1,10,1,1,5,0,0,0,FALSE,0
898,1995,7,13,7/13/1995,16:30:00,America/Chicago,1995-07-13T21:30:00Z,AZ,4,0,0,0,NA,35.43,-113.77,0,0,0.1,10,1,1,15,0,0,0,FALSE,0
903,1995,7,14,7/14/1995,15:40:00,America/Chicago,1995-07-14T20:40:00Z,AZ,4,0,0,0,NA,32.95,-112.72,0,0,0.1,10,1,1,13,0,0,0,FALSE,0
1108,1996,11,22,11/22/1996,16:50:00,America/Chicago,1996-11-22T22:50:00Z,AZ,4,0,0,0,10000,35.27,-113.97,35.28,-113.95,2,50,1,1,15,0,0,0,FALSE,0
1111,1996,11,22,11/22/1996,17:30:00,America/Chicago,1996-11-22T23:30:00Z,AZ,4,0,0,0,NA,35.2,-114.37,35.2,-114.37,0.1,50,1,1,15,0,0,0,FALSE,0
1109,1996,11,22,11/22/1996,18:02:00,America/Chicago,1996-11-23T00:02:00Z,AZ,4,0,0,0,NA,35.2,-114.2,35.2,-114.2,0.1,100,1,1,15,0,0,0,FALSE,0
1110,1996,11,22,11/22/1996,18:36:00,America/Chicago,1996-11-23T00:36:00Z,AZ,4,1,0,0,NA,35.02,-114.28,34.98,-114.17,5,400,1,1,15,0,0,0,FALSE,0
178,1996,5,25,5/25/1996,09:50:00,America/Chicago,1996-05-25T14:50:00Z,AZ,4,0,0,0,NA,35.65,-110.5,35.65,-110.5,0.1,50,1,1,17,0,0,0,FALSE,0
179,1996,5,25,5/25/1996,12:10:00,America/Chicago,1996-05-25T17:10:00Z,AZ,4,0,0,0,NA,36.73,-110.25,36.73,-110.25,0.1,50,1,1,17,0,0,0,FALSE,0
749,1996,7,14,7/14/1996,18:10:00,America/Chicago,1996-07-14T23:10:00Z,AZ,4,1,0,0,NA,33.35,-110.73,33.35,-110.73,0.1,10,1,1,7,0,0,0,FALSE,0
794,1996,8,14,8/14/1996,18:10:00,America/Chicago,1996-08-14T23:10:00Z,AZ,4,0,0,0,NA,32.28,-111,32.28,-111,1,10,1,1,19,0,0,0,FALSE,0
714,1996,9,13,9/13/1996,18:00:00,America/Chicago,1996-09-13T23:00:00Z,AZ,4,1,0,0,250000,34.73,-112.45,34.73,-112.45,4,100,1,1,25,0,0,0,FALSE,0
1128,1997,10,22,10/22/1997,15:05:00,America/Chicago,1997-10-22T20:05:00Z,AZ,4,0,0,0,NA,34.9,-110.18,34.9,-110.18,0.5,50,1,1,17,0,0,0,FALSE,0
136,1997,4,23,4/23/1997,17:00:00,America/Chicago,1997-04-23T22:00:00Z,AZ,4,0,0,0,2000,35.77,-112.2,35.75,-112.2,1,50,1,1,5,0,0,0,FALSE,0
137,1997,4,23,4/23/1997,17:38:00,America/Chicago,1997-04-23T22:38:00Z,AZ,4,0,0,0,NA,35.6,-112.2,35.6,-112.2,0.1,10,1,1,5,0,0,0,FALSE,0
494,1997,8,23,8/23/1997,15:20:00,America/Chicago,1997-08-23T20:20:00Z,AZ,4,0,0,0,NA,31.52,-110.27,31.52,-110.27,0.1,10,1,1,3,0,0,0,FALSE,0
1127,1997,9,12,9/12/1997,14:30:00,America/Chicago,1997-09-12T19:30:00Z,AZ,4,0,0,0,NA,35.15,-111.02,35.15,-111.02,0.3,50,1,1,5,0,0,0,FALSE,0
190,1998,5,14,5/14/1998,13:15:00,America/Chicago,1998-05-14T18:15:00Z,AZ,4,0,0,0,NA,36.72,-111.95,36.72,-111.95,0.1,30,1,1,5,0,0,0,FALSE,0
612,1998,8,6,8/6/1998,16:15:00,America/Chicago,1998-08-06T21:15:00Z,AZ,4,0,0,0,4000,34.38,-112.55,34.38,-112.55,0.1,50,1,1,25,0,0,0,FALSE,0
554,1999,7,6,7/6/1999,16:18:00,America/Chicago,1999-07-06T21:18:00Z,AZ,4,0,0,0,NA,33.27,-111.33,33.27,-111.42,8,20,1,1,21,0,0,0,FALSE,0
660,1999,9,14,9/14/1999,14:52:00,America/Chicago,1999-09-14T19:52:00Z,AZ,4,0,0,0,NA,34.73,-112.32,34.73,-112.32,0,0,1,1,25,0,0,0,FALSE,0
663,1999,9,14,9/14/1999,17:22:00,America/Chicago,1999-09-14T22:22:00Z,AZ,4,0,0,0,NA,34.55,-112.28,34.55,-112.65,0,0,1,1,25,0,0,0,FALSE,0
661,1999,9,15,9/15/1999,18:13:00,America/Chicago,1999-09-15T23:13:00Z,AZ,4,0,0,0,NA,34.53,-112.23,34.53,-112.23,0,0,1,1,25,0,0,0,FALSE,0
662,1999,9,16,9/16/1999,15:00:00,America/Chicago,1999-09-16T20:00:00Z,AZ,4,0,0,0,NA,35.2,-111.33,35.2,-111.33,0,0,1,1,5,0,0,0,FALSE,0
422,2001,8,29,8/29/2001,14:30:00,America/Chicago,2001-08-29T19:30:00Z,AZ,4,0,0,0,NA,34.9,-110.17,34.9,-110.17,1,1,1,1,17,0,0,0,FALSE,0
436,2001,9,16,9/16/2001,10:35:00,America/Chicago,2001-09-16T15:35:00Z,AZ,4,0,0,0,NA,34.5,-110.08,34.5,-110.08,3,1,1,1,17,0,0,0,FALSE,0
437,2001,9,16,9/16/2001,11:25:00,America/Chicago,2001-09-16T16:25:00Z,AZ,4,0,0,0,NA,34.5,-110.08,34.5,-110.08,1,1,1,1,17,0,0,0,FALSE,0
669,2003,10,3,10/3/2003,17:45:00,America/Chicago,2003-10-03T22:45:00Z,AZ,4,0,0,0,NA,35.6,-110.07,35.6,-110.07,0.1,0,1,1,17,0,0,0,FALSE,0
12,2003,2,28,2/28/2003,13:15:00,America/Chicago,2003-02-28T19:15:00Z,AZ,4,0,0,0,NA,33.48,-111.9,33.9,-111.93,0.5,20,1,1,13,0,0,0,FALSE,0
189,2003,5,6,5/6/2003,12:47:00,America/Chicago,2003-05-06T17:47:00Z,AZ,4,0,0,0,NA,35.53,-111.37,35.53,-111.37,0.1,5,1,1,5,0,0,0,FALSE,0
474,2003,6,17,6/17/2003,12:50:00,America/Chicago,2003-06-17T17:50:00Z,AZ,4,0,0,0,NA,35.03,-110.7,35.03,-110.7,0.5,10,1,1,17,0,0,0,FALSE,0
629,2003,8,14,8/14/2003,20:20:00,America/Chicago,2003-08-15T01:20:00Z,AZ,4,0,0,0,NA,34.57,-111.85,34.57,-111.85,0.1,1,1,1,25,0,0,0,FALSE,0
630,2003,8,14,8/14/2003,22:38:00,America/Chicago,2003-08-15T03:38:00Z,AZ,4,0,0,0,NA,34.88,-112.47,34.88,-112.47,0.1,1,1,1,25,0,0,0,FALSE,0
631,2003,8,15,8/15/2003,09:30:00,America/Chicago,2003-08-15T14:30:00Z,AZ,4,0,0,0,NA,34.43,-110.6,34.43,-110.6,0,0,1,1,17,0,0,0,FALSE,0
652,2003,9,9,9/9/2003,09:10:00,America/Chicago,2003-09-09T14:10:00Z,AZ,4,0,0,0,NA,35.23,-111.83,35.2,-111.65,4.5,100,1,1,5,0,0,0,FALSE,0
653,2003,9,9,9/9/2003,19:50:00,America/Chicago,2003-09-10T00:50:00Z,AZ,4,0,0,0,NA,35.42,-109.5,35.42,-109.5,1,100,1,1,1,0,0,0,FALSE,0
29,2004,4,4,4/4/2004,15:30:00,America/Chicago,2004-04-04T20:30:00Z,AZ,4,0,0,0,NA,32.07,-111.97,32.07,-111.97,0.1,10,1,1,21,0,0,0,FALSE,0
566,2004,9,29,9/29/2004,13:50:00,America/Chicago,2004-09-29T18:50:00Z,AZ,4,0,0,0,NA,34.97,-110.43,34.97,-110.43,3,100,1,1,17,0,0,0,FALSE,0
565,2004,9,4,9/4/2004,08:15:00,America/Chicago,2004-09-04T13:15:00Z,AZ,4,0,0,0,NA,34.1,-110.95,34.1,-110.95,1,10,1,1,7,0,0,0,FALSE,0
1198,2005,10,18,10/18/2005,12:00:00,America/Chicago,2005-10-18T17:00:00Z,AZ,4,0,0,0,10000,35.88,-111.42,35.88,-111.42,10,100,1,1,5,0,0,0,FALSE,0
1199,2005,10,18,10/18/2005,12:10:00,America/Chicago,2005-10-18T17:10:00Z,AZ,4,0,0,0,10000,35.83,-110.62,36.77,-110.5,30,100,1,1,17,0,0,0,FALSE,0
494,2005,10,18,10/18/2005,13:00:00,America/Chicago,2005-10-18T18:00:00Z,AZ,4,0,0,0,NA,36.3,-111.45,36.3,-111.45,1,50,1,1,5,0,0,0,FALSE,0
146,2005,6,23,6/23/2005,18:10:00,America/Chicago,2005-06-23T23:10:00Z,AZ,4,0,0,0,NA,34.83,-109.85,34.83,-109.85,1,50,1,1,17,0,0,0,FALSE,0
287,2005,7,16,7/16/2005,17:30:00,America/Chicago,2005-07-16T22:30:00Z,AZ,4,0,0,0,NA,34.47,-109.6,34.47,-109.6,1,10,1,1,1,0,0,0,FALSE,0
286,2005,7,16,7/16/2005,17:54:00,America/Chicago,2005-07-16T22:54:00Z,AZ,4,0,0,0,NA,34.5,-109.37,34.5,-109.37,1,10,1,1,1,0,0,0,FALSE,0
288,2005,7,25,7/25/2005,14:53:00,America/Chicago,2005-07-25T19:53:00Z,AZ,4,0,0,0,NA,35.12,-109.55,35.12,-109.55,1,10,1,1,1,0,0,0,FALSE,0
252,2005,7,31,7/31/2005,17:15:00,America/Chicago,2005-07-31T22:15:00Z,AZ,4,0,0,0,NA,32.07,-110.8,32.07,-110.8,0.5,2,1,1,19,0,0,0,FALSE,0
957,2006,10,14,10/14/2006,08:30:00,America/Chicago,2006-10-14T13:30:00Z,AZ,4,1,0,0,NA,35.07,-111.83,35.2,-111.84,9.27,200,1,1,5,0,0,0,FALSE,0
951,2006,10,8,10/8/2006,16:58:00,America/Chicago,2006-10-08T21:58:00Z,AZ,4,0,0,0,13000,32.42,-111.12,32.42,-111.12,0.03,12,1,1,19,0,0,0,FALSE,0
160,2006,3,19,3/19/2006,16:26:00,America/Chicago,2006-03-19T22:26:00Z,AZ,4,0,0,0,NA,35.28,-110.97,35.28,-110.97,0.1,10,1,1,5,0,0,0,FALSE,0
739,2006,7,16,7/16/2006,19:20:00,America/Chicago,2006-07-17T00:20:00Z,AZ,4,0,0,0,NA,34.2,-112.15,34.2,-112.15,0.1,10,1,1,25,0,0,0,FALSE,0
802,2006,8,10,8/10/2006,20:45:00,America/Chicago,2006-08-11T01:45:00Z,AZ,4,0,0,0,NA,32.92,-114.23,32.92,-114.23,10,50,1,1,27,0,0,0,FALSE,0
854,2006,8,30,8/30/2006,12:00:00,America/Chicago,2006-08-30T17:00:00Z,AZ,4,0,0,0,NA,33.85,-109.13,33.85,-109.13,1,10,1,1,1,0,0,0,FALSE,0
614,2008,5,6,5/6/2008,14:15:00,America/Chicago,2008-05-06T19:15:00Z,AZ,4,0,0,0,NA,34.05,-112.71,34.05,-112.71,0.2,20,1,1,25,0,0,0,FALSE,0
1429,2008,8,16,8/16/2008,14:40:00,America/Chicago,2008-08-16T19:40:00Z,AZ,4,0,0,0,NA,35.81,-112.33,0,0,1,10,1,1,5,0,0,0,FALSE,0
1539,2008,9,3,9/3/2008,13:02:00,America/Chicago,2008-09-03T18:02:00Z,AZ,4,0,0,0,NA,33.85,-109.38,0,0,0.5,40,1,1,1,0,0,0,FALSE,0
1105,2009,11,29,11/29/2009,11:57:00,America/Chicago,2009-11-29T17:57:00Z,AZ,4,0,0,0,NA,31.4114,-109.622,31.4114,-109.622,0.1,50,1,1,3,0,0,0,FALSE,0
562,2009,5,22,5/22/2009,13:22:00,America/Chicago,2009-05-22T18:22:00Z,AZ,4,0,0,0,NA,35.27,-111.52,35.27,-111.52,1,10,1,1,5,0,0,0,FALSE,0
563,2009,5,22,5/22/2009,15:00:00,America/Chicago,2009-05-22T20:00:00Z,AZ,4,0,0,0,NA,35.28,-111.51,35.28,-111.51,0.5,5,1,1,5,0,0,0,FALSE,0
564,2009,5,22,5/22/2009,15:30:00,America/Chicago,2009-05-22T20:30:00Z,AZ,4,0,0,0,NA,35.07,-109.78,35.07,-109.78,1,10,1,1,1,0,0,0,FALSE,0
1101,2010,10,18,10/18/2010,17:43:00,America/Chicago,2010-10-18T22:43:00Z,AZ,4,0,0,0,10000,35.2023,-113.974,35.1859,-113.982,1.23,25,1,1,15,0,0,0,FALSE,0
1103,2010,10,21,10/21/2010,17:34:00,America/Chicago,2010-10-21T22:34:00Z,AZ,4,0,0,0,NA,36.15,-109.85,36.1593,-109.841,0.81,20,1,1,1,0,0,0,FALSE,0
1090,2010,10,6,10/6/2010,02:58:00,America/Chicago,2010-10-06T07:58:00Z,AZ,4,1,0,0,NA,34.483,-111.29,34.675,-111.208,14.06,400,1,1,5,0,0,0,FALSE,0
1091,2010,10,6,10/6/2010,05:53:00,America/Chicago,2010-10-06T10:53:00Z,AZ,4,2,7,0,1000000,34.9863,-111.871,35.4738,-111.772,34.14,400,1,1,5,0,0,0,FALSE,7
1092,2010,10,6,10/6/2010,06:54:00,America/Chicago,2010-10-06T11:54:00Z,AZ,4,2,0,0,400000,34.9976,-111.877,35.4866,-111.779,32.02,800,1,1,5,0,0,0,FALSE,0
1093,2010,10,6,10/6/2010,07:50:00,America/Chicago,2010-10-06T12:50:00Z,AZ,4,2,0,0,NA,34.9824,-111.927,35.2455,-111.861,18.55,500,1,1,5,0,0,0,FALSE,0
1094,2010,10,6,10/6/2010,10:10:00,America/Chicago,2010-10-06T15:10:00Z,AZ,4,2,0,0,NA,34.981,-111.876,35.0205,-111.867,2.77,200,1,1,5,0,0,0,FALSE,0
1095,2010,10,6,10/6/2010,11:30:00,America/Chicago,2010-10-06T16:30:00Z,AZ,4,0,0,0,NA,34.1358,-112.055,34.2215,-111.982,7.26,50,1,1,25,0,0,0,FALSE,0
1096,2010,10,6,10/6/2010,13:05:00,America/Chicago,2010-10-06T18:05:00Z,AZ,4,3,0,0,200000,35.9342,-111.001,35.9342,-111.001,0.01,1100,1,1,5,0,0,0,FALSE,0
1097,2010,10,6,10/6/2010,13:05:00,America/Chicago,2010-10-06T18:05:00Z,AZ,4,0,0,0,NA,34.9404,-111.665,35.1735,-111.566,17.05,200,1,1,5,0,0,0,FALSE,0
976,2010,7,29,7/29/2010,18:10:00,America/Chicago,2010-07-29T23:10:00Z,AZ,4,1,1,0,NA,33.4033,-112.827,33.4423,-112.808,1.42,40,1,1,13,0,0,0,FALSE,1
986,2010,8,3,8/3/2010,18:15:00,America/Chicago,2010-08-03T23:15:00Z,AZ,4,0,0,0,NA,36.26,-109.62,36.26,-109.62,1,40,1,1,1,0,0,0,FALSE,0
335794,2011,7,24,7/24/2011,18:50:00,America/Chicago,2011-07-24T23:50:00Z,AZ,4,0,0,0,NA,34.52,-110.08,34.5345,-110.08,1,10,1,1,17,0,0,0,FALSE,0
349327,2011,9,14,9/14/2011,18:23:00,America/Chicago,2011-09-14T23:23:00Z,AZ,4,2,0,0,NA,35.3347,-111.706,35.3354,-111.697,0.5,50,1,1,5,0,0,0,FALSE,0
348479,2011,9,1,9/1/2011,14:25:00,America/Chicago,2011-09-01T19:25:00Z,AZ,4,0,0,0,NA,34.87,-110.12,34.87,-110.12,1.19,10,1,1,17,0,0,0,FALSE,0
374733,2012,5,9,5/9/2012,14:00:00,America/Chicago,2012-05-09T19:00:00Z,AZ,4,0,0,0,NA,31.41,-110.939,31.4142,-110.94,0.31,25,1,1,23,0,0,0,FALSE,0
453064,2013,7,15,7/15/2013,20:00:00,America/Chicago,2013-07-16T01:00:00Z,AZ,4,0,0,0,NA,35.0269,-110.69,35.0269,-110.69,0.1,10,1,1,17,0,0,0,FALSE,0
494705,2014,3,1,3/1/2014,13:40:00,America/Chicago,2014-03-01T19:40:00Z,AZ,4,0,0,0,50000,33.4176,-111.854,33.4178,-111.846,0.45,100,1,1,13,0,0,0,FALSE,0
540447,2014,8,15,8/15/2014,14:39:00,America/Chicago,2014-08-15T19:39:00Z,AZ,4,0,0,0,NA,32.2659,-109.999,32.2564,-109.992,0.79,50,1,1,3,0,0,0,FALSE,0
542327,2014,9,27,9/27/2014,14:55:00,America/Chicago,2014-09-27T19:55:00Z,AZ,4,0,0,0,500000,34.465,-112.411,34.4947,-112.402,2.1,700,1,1,25,0,0,0,FALSE,0
603399,2015,10,20,10/20/2015,14:00:00,America/Chicago,2015-10-20T19:00:00Z,AZ,4,0,0,0,NA,35.65,-109.77,35.7354,-109.705,6.93,10,1,1,1,0,0,0,FALSE,0
600063,2015,10,6,10/6/2015,13:34:00,America/Chicago,2015-10-06T18:34:00Z,AZ,4,0,0,0,NA,33.31,-112.46,33.3156,-112.453,0.56,50,1,1,13,0,0,0,FALSE,0
593852,2015,7,31,7/31/2015,17:30:00,America/Chicago,2015-07-31T22:30:00Z,AZ,4,0,0,0,NA,32.8641,-109.709,32.8662,-109.719,0.58,15,1,1,9,0,0,0,FALSE,0
599896,2015,8,29,8/29/2015,15:38:00,America/Chicago,2015-08-29T20:38:00Z,AZ,4,0,0,0,NA,32.0726,-110.78,32.0679,-110.775,0.43,15,1,1,19,0,0,0,FALSE,0
602377,2015,9,22,9/22/2015,16:40:00,America/Chicago,2015-09-22T21:40:00Z,AZ,4,0,0,0,NA,31.9444,-110.184,31.9499,-110.175,0.62,25,1,1,3,0,0,0,FALSE,0
614245,2016,7,27,7/27/2016,16:38:00,America/Chicago,2016-07-27T21:38:00Z,AZ,4,0,0,0,NA,35.29,-113.96,35.29,-113.96,0.1,25,1,1,15,0,0,0,FALSE,0
615564,2017,7,14,7/14/2017,19:55:00,America/Chicago,2017-07-15T00:55:00Z,AZ,4,0,0,0,NA,32.4445,-111.2182,32.4439,-111.22,0.11,10,1,1,19,0,0,0,FALSE,0
615599,2017,7,29,7/29/2017,17:00:00,America/Chicago,2017-07-29T22:00:00Z,AZ,4,0,0,0,NA,31.81,-110.2,31.8092,-110.2018,0.12,10,1,1,3,0,0,0,FALSE,0
615607,2017,8,3,8/3/2017,18:05:00,America/Chicago,2017-08-03T23:05:00Z,AZ,4,0,0,0,NA,33.41,-112.07,33.411,-112.0682,0.25,100,1,1,13,0,0,0,FALSE,0
616838,2018,10,13,10/13/2018,17:59:00,America/Chicago,2018-10-13T22:59:00Z,AZ,4,0,0,0,NA,33.71,-114.18,33.7099,-114.1799,0.01,50,1,1,12,0,0,0,FALSE,0
616839,2018,10,13,10/13/2018,18:22:00,America/Chicago,2018-10-13T23:22:00Z,AZ,4,0,0,0,NA,32.86,-114.36,32.8618,-114.3591,0.14,50,1,1,27,0,0,0,FALSE,0
616841,2018,10,21,10/21/2018,15:06:00,America/Chicago,2018-10-21T20:06:00Z,AZ,4,0,0,0,NA,35.1,-110.97,35.1,-110.94,1.7,20,1,1,5,0,0,0,FALSE,0
616846,2018,10,23,10/23/2018,17:15:00,America/Chicago,2018-10-23T22:15:00Z,AZ,4,0,0,0,NA,33.5184,-112.2621,33.5469,-112.3171,3.73,100,1,1,13,0,0,0,FALSE,0
616592,2018,8,18,8/18/2018,15:22:00,America/Chicago,2018-08-18T20:22:00Z,AZ,4,0,0,0,NA,35.11,-111.47,35.1073,-111.4158,3.07,10,1,1,5,0,0,0,FALSE,0
618479,2019,11,29,11/29/2019,04:49:00,America/Chicago,2019-11-29T10:49:00Z,AZ,4,0,0,0,40000,33.56,-112.12,33.68,-112.02,10.09,100,1,1,13,0,0,0,FALSE,0
618480,2019,11,29,11/29/2019,04:54:00,America/Chicago,2019-11-29T10:54:00Z,AZ,4,0,0,0,100000,33.56,-112.06,33.64,-111.94,8.85,200,1,1,13,0,0,0,FALSE,0
618481,2019,11,29,11/29/2019,05:41:00,America/Chicago,2019-11-29T11:41:00Z,AZ,4,0,0,0,25000,33.29,-111.75,33.34,-111.7,4.5,100,1,1,13,0,0,0,FALSE,0
618482,2019,11,29,11/29/2019,05:51:00,America/Chicago,2019-11-29T11:51:00Z,AZ,4,0,0,0,80000,33.23,-111.63,33.26,-111.58,3.56,100,1,1,13,0,0,0,FALSE,0
617636,2019,5,20,5/20/2019,10:50:00,America/Chicago,2019-05-20T15:50:00Z,AZ,4,0,0,0,NA,36.05,-111.35,36.05,-111.35,1,10,1,1,5,0,0,0,FALSE,0
618240,2019,7,30,7/30/2019,17:30:00,America/Chicago,2019-07-30T22:30:00Z,AZ,4,0,0,0,NA,33.26,-111.82,33.268,-111.8065,0.95,50,1,1,13,0,0,0,FALSE,0
618257,2019,8,10,8/10/2019,14:00:00,America/Chicago,2019-08-10T19:00:00Z,AZ,4,0,0,0,NA,32.1153,-111.3196,32.1156,-111.3225,0.17,10,1,1,19,0,0,0,FALSE,0
618375,2019,9,16,9/16/2019,14:55:00,America/Chicago,2019-09-16T19:55:00Z,AZ,4,0,0,0,NA,32.7,-111.84,32.7,-111.84,0.1,10,1,1,21,0,0,0,FALSE,0
618387,2019,9,23,9/23/2019,13:06:00,America/Chicago,2019-09-23T18:06:00Z,AZ,4,0,0,0,20000,33.89,-112.04,33.9028,-112.0309,1.03,100,1,1,13,0,0,0,FALSE,0
618388,2019,9,23,9/23/2019,19:23:00,America/Chicago,2019-09-24T00:23:00Z,AZ,4,0,0,0,NA,32.87,-111.88,32.8761,-111.8743,0.53,50,1,1,21,0,0,0,FALSE,0
618389,2019,9,23,9/23/2019,22:23:00,America/Chicago,2019-09-24T03:23:00Z,AZ,4,1,5,0,250000,32.2682,-109.8966,32.2858,-109.8759,1.71,580,1,1,3,0,0,0,FALSE,5
618398,2019,9,25,9/25/2019,19:23:00,America/Chicago,2019-09-26T00:23:00Z,AZ,4,0,0,0,NA,32.87,-111.88,32.8788,-111.875,0.67,50,1,1,13,0,0,0,FALSE,0
619321,2020,7,24,7/24/2020,11:55:00,America/Chicago,2020-07-24T16:55:00Z,AZ,4,0,0,0,NA,35.222,-113.8609,35.236,-113.8579,0.98,50,1,1,15,0,0,0,FALSE,0
619322,2020,7,24,7/24/2020,17:00:00,America/Chicago,2020-07-24T22:00:00Z,AZ,4,0,0,0,NA,33.63,-111.56,33.6262,-111.5643,0.36,50,1,1,13,0,0,0,FALSE,0
620165,2021,6,16,6/16/2021,18:31:00,America/Chicago,2021-06-16T23:31:00Z,AZ,4,0,0,0,NA,35.49,-110.51,35.49,-110.51,0.1,10,1,1,17,0,0,0,FALSE,0
620166,2021,6,17,6/17/2021,16:31:00,America/Chicago,2021-06-17T21:31:00Z,AZ,4,0,0,0,NA,35.08,-109.18,35.08,-109.18,0.1,10,1,1,1,0,0,0,FALSE,0
620230,2021,6,29,6/29/2021,17:00:00,America/Chicago,2021-06-29T22:00:00Z,AZ,4,0,0,0,NA,35.27,-111.52,35.27,-111.52,0.1,10,1,1,5,0,0,0,FALSE,0
620264,2021,7,10,7/10/2021,18:01:00,America/Chicago,2021-07-10T23:01:00Z,AZ,4,1,0,0,NA,34.5998,-111.3216,34.5869,-111.3346,1.25,300,1,1,5,0,0,0,FALSE,0
620267,2021,7,11,7/11/2021,18:10:00,America/Chicago,2021-07-11T23:10:00Z,AZ,4,0,0,0,NA,34.73,-112.45,34.7199,-112.45,0.7,10,1,1,25,0,0,0,FALSE,0
620235,2021,7,2,7/2/2021,15:57:00,America/Chicago,2021-07-02T20:57:00Z,AZ,4,NA,0,0,NA,32.3085,-110.8445,32.3093,-110.8546,0.59,10,1,1,19,0,0,0,FALSE,0
621936,2022,10,16,10/16/2022,16:00:00,America/Chicago,2022-10-16T21:00:00Z,AZ,4,0,0,0,NA,33.1997,-111.8819,33.1983,-111.8865,0.28,25,1,1,21,0,0,0,FALSE,0
621925,2022,10,3,10/3/2022,13:37:00,America/Chicago,2022-10-03T18:37:00Z,AZ,4,1,0,0,350000,35.36,-112.2108,35.3631,-112.199,0.7,30,1,1,5,0,0,0,FALSE,0
621778,2022,6,23,6/23/2022,15:00:00,America/Chicago,2022-06-23T20:00:00Z,AZ,4,0,0,0,NA,35.16,-111.27,35.16,-111.27,0.1,10,1,1,5,0,0,0,FALSE,0
621779,2022,6,23,6/23/2022,15:03:00,America/Chicago,2022-06-23T20:03:00Z,AZ,4,NA,0,0,NA,32.9011,-112.0261,32.9076,-112.0193,0.6,15,1,1,21,0,0,0,FALSE,0
621797,2022,6,25,6/25/2022,15:43:00,America/Chicago,2022-06-25T20:43:00Z,AZ,4,0,0,0,NA,34.72,-112.26,34.72,-112.26,0.1,10,1,1,25,0,0,0,FALSE,0
621884,2022,8,21,8/21/2022,17:38:00,America/Chicago,2022-08-21T22:38:00Z,AZ,4,NA,0,0,NA,36.67,-113.64,36.67,-113.64,0.01,50,1,1,15,0,0,0,FALSE,0
621889,2022,8,25,8/25/2022,17:00:00,America/Chicago,2022-08-25T22:00:00Z,AZ,4,0,0,0,NA,32.12,-110.88,32.12,-110.88,0.05,10,1,1,19,0,0,0,FALSE,0
621902,2022,9,13,9/13/2022,12:00:00,America/Chicago,2022-09-13T17:00:00Z,AZ,4,0,0,0,NA,34.96,-110.33,34.96,-110.33,0.1,10,1,1,17,0,0,0,FALSE,0
621903,2022,9,13,9/13/2022,18:45:00,America/Chicago,2022-09-13T23:45:00Z,AZ,4,0,0,0,NA,36.84,-109.85,36.9513,-109.839,7.71,10,1,1,1,0,0,0,FALSE,0
