2,1951,1,11,1/11/1951,10:25:00,America/Chicago,1951-01-11T16:25:00Z,CA,6,2,0,0,5000000,37.37,-122.12,37.42,-122.03,5.7,10,1,1,85,0,0,0,FALSE,0
240,1952,12,20,12/20/1952,14:00:00,America/Chicago,1952-12-20T20:00:00Z,CA,6,0,0,0,NA,34.4,-118.53,0,0,0.1,10,1,1,37,0,0,0,TRUE,0
101,1953,4,27,4/27/1953,15:15:00,America/Chicago,1953-04-27T20:15:00Z,CA,6,2,0,0,5000,37.65,-121,0,0,0.1,10,1,1,99,0,0,0,FALSE,0
182,1953,5,19,5/19/1953,15:30:00,America/Chicago,1953-05-19T20:30:00Z,CA,6,2,0,0,5000,39.75,-122.18,0,0,2,10,1,1,21,0,0,0,FALSE,0
390,1954,6,25,6/25/1954,12:00:00,America/Chicago,1954-06-25T17:00:00Z,CA,6,2,0,0,500,34.63,-117.2,0,0,0.1,10,1,1,71,0,0,0,FALSE,0
3,1955,1,18,1/18/1955,13:01:00,America/Chicago,1955-01-18T19:01:00Z,CA,6,1,0,0,5000,34.05,-118.3,0,0,3,23,1,1,37,0,0,0,TRUE,0
88,1955,4,18,4/18/1955,14:00:00,America/Chicago,1955-04-18T20:00:00Z,CA,6,0,0,0,NA,37.3,-120.25,0,0,0.1,10,1,1,47,0,0,0,TRUE,0
71,1955,4,6,4/6/1955,15:30:00,America/Chicago,1955-04-06T21:30:00Z,CA,6,0,0,0,NA,34,-117.25,0,0,1,50,1,1,65,0,0,0,TRUE,0
141,1956,4,13,4/13/1956,16:55:00,America/Chicago,1956-04-13T22:55:00Z,CA,6,1,1,0,50000,32.63,-117.08,0,0,0.1,20,1,1,73,0,0,0,FALSE,1
178,1956,5,9,5/9/1956,10:30:00,America/Chicago,1956-05-09T15:30:00Z,CA,6,0,1,0,50000,34.08,-118.18,0,0,0.1,17,1,1,37,0,0,0,FALSE,1
348,1957,5,19,5/19/1957,10:22:00,America/Chicago,1957-05-19T15:22:00Z,CA,6,1,0,0,50,36.7,-119.83,0,0,0.1,10,1,1,19,0,0,0,FALSE,0
2,1958,1,10,1/10/1958,04:45:00,America/Chicago,1958-01-10T10:45:00Z,CA,6,0,0,0,NA,41.75,-124.2,0,0,0.8,60,1,1,15,0,0,0,FALSE,0
31,1958,2,28,2/28/1958,07:00:00,America/Chicago,1958-02-28T13:00:00Z,CA,6,0,0,0,NA,37.12,-119.7,0,0,0.5,90,1,1,39,0,0,0,TRUE,0
12,1958,2,3,2/3/1958,12:00:00,America/Chicago,1958-02-03T18:00:00Z,CA,6,0,0,0,NA,38.75,-123.53,0,0,0.1,10,1,1,45,0,0,0,TRUE,0
38,1958,3,12,3/12/1958,13:00:00,America/Chicago,1958-03-12T19:00:00Z,CA,6,0,0,0,500,36.97,-120.07,0,0,0.2,10,1,1,39,0,0,0,FALSE,0
45,1958,3,29,3/29/1958,15:40:00,America/Chicago,1958-03-29T21:40:00Z,CA,6,2,0,0,5000,40.95,-124.1,0,0,2,200,1,1,23,0,0,0,FALSE,0
47,1958,4,1,4/1/1958,02:25:00,America/Chicago,1958-04-01T08:25:00Z,CA,6,1,0,0,50000,37.62,-122.35,0,0,0.2,67,1,1,81,0,0,0,TRUE,0
48,1958,4,1,4/1/1958,07:00:00,America/Chicago,1958-04-01T13:00:00Z,CA,6,1,0,0,5000,37.47,-120.78,0,0,2,20,1,1,99,0,0,0,FALSE,0
49,1958,4,1,4/1/1958,11:30:00,America/Chicago,1958-04-01T17:30:00Z,CA,6,1,0,0,500,33.52,-117.77,0,0,0.5,30,1,1,59,0,0,0,TRUE,0
165,1958,5,22,5/22/1958,20:00:00,America/Chicago,1958-05-23T01:00:00Z,CA,6,1,0,0,NA,41.92,-121.47,41.93,-121.4,2.7,50,1,1,93,0,0,0,FALSE,0
193,1958,6,1,6/1/1958,07:55:00,America/Chicago,1958-06-01T12:55:00Z,CA,6,2,0,0,50000,38.28,-122.98,38.4,-122.75,15,50,1,1,97,0,0,0,FALSE,0
36,1959,2,17,2/17/1959,06:45:00,America/Chicago,1959-02-17T12:45:00Z,CA,6,1,0,0,5000,38.52,-123.25,0,0,0.5,50,1,1,97,0,0,0,TRUE,0
216,1960,5,13,5/13/1960,15:00:00,America/Chicago,1960-05-13T20:00:00Z,CA,6,0,0,0,NA,41.55,-124,0,0,0.1,10,1,1,15,0,0,0,TRUE,0
633,1961,10,8,10/8/1961,11:30:00,America/Chicago,1961-10-08T16:30:00Z,CA,6,1,3,0,50000,33.17,-117.35,0,0,0.1,10,1,1,73,0,0,0,FALSE,3
21,1962,2,19,2/19/1962,05:30:00,America/Chicago,1962-02-19T11:30:00Z,CA,6,0,0,0,500,33.7,-117.8,0,0,2,10,1,1,59,0,0,0,FALSE,0
22,1962,2,19,2/19/1962,18:00:00,America/Chicago,1962-02-20T00:00:00Z,CA,6,1,0,0,5000,36.23,-118.52,0,0,0.6,250,1,1,37,0,0,0,FALSE,0
51,1962,3,22,3/22/1962,14:00:00,America/Chicago,1962-03-22T20:00:00Z,CA,6,2,0,0,5000,36.8,-119.8,0,0,0.5,10,1,1,19,0,0,0,FALSE,0
128,1962,5,14,5/14/1962,14:00:00,America/Chicago,1962-05-14T19:00:00Z,CA,6,1,0,0,50000,33.87,-118.3,0,0,0.1,10,1,1,37,0,0,0,FALSE,0
673,1964,11,10,11/10/1964,03:34:00,America/Chicago,1964-11-10T09:34:00Z,CA,6,1,0,0,5000,38.53,-122.8,0,0,1,30,1,1,97,0,0,0,TRUE,0
670,1964,11,1,11/1/1964,17:20:00,America/Chicago,1964-11-01T23:20:00Z,CA,6,1,0,0,500,35.88,-119.52,0,0,1,50,1,1,31,0,0,0,TRUE,0
672,1964,11,9,11/9/1964,09:00:00,America/Chicago,1964-11-09T15:00:00Z,CA,6,1,0,0,5000,33.93,-118.42,0,0,1,10,1,1,37,0,0,0,FALSE,0
5,1964,1,21,1/21/1964,04:00:00,America/Chicago,1964-01-21T10:00:00Z,CA,6,0,0,0,5000,36.82,-119.7,0,0,0.2,10,1,1,19,0,0,0,FALSE,0
873,1965,11,25,11/25/1965,16:30:00,America/Chicago,1965-11-25T22:30:00Z,CA,6,1,0,0,50000,34.12,-117.77,0,0,2,50,1,1,71,0,0,0,FALSE,0
88,1965,4,1,4/1/1965,12:30:00,America/Chicago,1965-04-01T18:30:00Z,CA,6,1,0,0,NA,36.98,-121.8,0,0,0.1,100,1,1,87,0,0,0,FALSE,0
111,1965,4,8,4/8/1965,13:00:00,America/Chicago,1965-04-08T19:00:00Z,CA,6,1,0,0,500,33.65,-117.9,0,0,0.1,30,1,1,59,0,0,0,TRUE,0
643,1965,7,5,7/5/1965,14:15:00,America/Chicago,1965-07-05T19:15:00Z,CA,6,1,0,0,50,32.73,-114.63,0,0,2,10,1,1,25,0,0,0,FALSE,0
644,1965,7,5,7/5/1965,15:00:00,America/Chicago,1965-07-05T20:00:00Z,CA,6,0,0,0,50,32.8,-114.83,0,0,0.1,10,1,1,25,0,0,0,TRUE,0
559,1966,11,7,11/7/1966,11:09:00,America/Chicago,1966-11-07T17:09:00Z,CA,6,1,0,0,5000,33.62,-117.88,0,0,0.5,10,1,1,59,0,0,0,TRUE,0
560,1966,11,7,11/7/1966,15:00:00,America/Chicago,1966-11-07T21:00:00Z,CA,6,2,0,0,5000,33.9,-118.3,0,0,0.1,10,1,1,37,0,0,0,FALSE,0
561,1966,11,7,11/7/1966,15:00:00,America/Chicago,1966-11-07T21:00:00Z,CA,6,2,10,0,500000,33.85,-118.33,33.9,-118.17,10.3,50,1,1,37,0,0,0,FALSE,10
562,1966,11,7,11/7/1966,15:15:00,America/Chicago,1966-11-07T21:15:00Z,CA,6,2,0,0,5000,33.65,-117.92,0,0,0.2,10,1,1,59,0,0,0,FALSE,0
415,1966,7,22,7/22/1966,18:45:00,America/Chicago,1966-07-22T23:45:00Z,CA,6,0,0,0,NA,34.5,-117.3,0,0,0.1,10,1,1,71,0,0,0,TRUE,0
149,1967,4,18,4/18/1967,20:00:00,America/Chicago,1967-04-19T02:00:00Z,CA,6,0,0,0,5000,34.02,-118.5,0,0,0.3,10,1,1,37,0,0,0,FALSE,0
192,1967,4,21,4/21/1967,18:45:00,America/Chicago,1967-04-22T00:45:00Z,CA,6,1,0,0,5000,36.97,-120.07,0,0,0.1,10,1,1,39,0,0,0,FALSE,0
203,1967,4,22,4/22/1967,19:07:00,America/Chicago,1967-04-23T01:07:00Z,CA,6,1,0,0,NA,36.7,-120.67,0,0,0.1,10,1,1,19,0,0,0,FALSE,0
204,1967,4,22,4/22/1967,20:15:00,America/Chicago,1967-04-23T02:15:00Z,CA,6,1,0,0,NA,37.1,-120.75,0,0,1,10,1,1,47,0,0,0,FALSE,0
353,1967,5,31,5/31/1967,19:50:00,America/Chicago,1967-06-01T00:50:00Z,CA,6,1,0,0,5000,37.97,-121.3,0,0,0.1,100,1,1,77,0,0,0,FALSE,0
576,1969,10,16,10/16/1969,17:00:00,America/Chicago,1969-10-16T22:00:00Z,CA,6,0,0,0,NA,37.67,-121.3,0,0,0.1,10,1,1,77,0,0,0,TRUE,0
148,1970,4,27,4/27/1970,18:30:00,America/Chicago,1970-04-27T23:30:00Z,CA,6,0,0,0,50000,37.9,-121.3,0,0,1.5,50,1,1,77,0,0,0,FALSE,0
387,1970,6,28,6/28/1970,16:15:00,America/Chicago,1970-06-28T21:15:00Z,CA,6,1,0,0,NA,39.35,-121.8,39.37,-121.75,2.3,10,1,1,7,0,0,0,FALSE,0
81,1971,2,23,2/23/1971,11:30:00,America/Chicago,1971-02-23T17:30:00Z,CA,6,0,0,0,NA,32.6,-117,0,0,0.1,10,1,1,73,0,0,0,FALSE,0
187,1971,4,24,4/24/1971,17:35:00,America/Chicago,1971-04-24T23:35:00Z,CA,6,0,0,0,NA,37.95,-121.35,0,0,0.2,10,1,1,77,0,0,0,FALSE,0
687,1972,10,15,10/15/1972,14:24:00,America/Chicago,1972-10-15T19:24:00Z,CA,6,0,0,0,NA,37.8,-119.83,0,0,0.1,10,1,1,43,0,0,0,FALSE,0
688,1972,10,15,10/15/1972,14:26:00,America/Chicago,1972-10-15T19:26:00Z,CA,6,0,0,0,NA,38.75,-121.35,0,0,0.1,10,1,1,61,0,0,0,FALSE,0
683,1972,10,1,10/1/1972,14:00:00,America/Chicago,1972-10-01T19:00:00Z,CA,6,0,0,0,NA,38.8,-120.5,0,0,0.1,10,1,1,17,0,0,0,FALSE,0
353,1972,6,7,6/7/1972,15:40:00,America/Chicago,1972-06-07T20:40:00Z,CA,6,0,0,0,NA,33.3,-115.05,0,0,0.1,10,1,1,25,0,0,0,FALSE,0
856,1973,8,16,8/16/1973,23:00:00,America/Chicago,1973-08-17T04:00:00Z,CA,6,3,0,0,50000,33.62,-114.63,0,0,0.1,10,1,1,65,0,0,0,FALSE,0
883,1974,10,22,10/22/1974,15:55:00,America/Chicago,1974-10-22T20:55:00Z,CA,6,1,0,0,5000,34.18,-116.37,0,0,0.1,10,1,1,71,0,0,0,FALSE,0
904,1974,10,29,10/29/1974,06:00:00,America/Chicago,1974-10-29T12:00:00Z,CA,6,0,0,0,50,33.05,-117.3,0,0,0.1,10,1,1,73,0,0,0,FALSE,0
731,1974,7,20,7/20/1974,15:49:00,America/Chicago,1974-07-20T20:49:00Z,CA,6,1,1,0,50000,33.75,-116.95,0,0,1,20,1,1,65,0,0,0,FALSE,1
119,1975,3,13,3/13/1975,17:17:00,America/Chicago,1975-03-13T22:17:00Z,CA,6,0,0,0,5000,36.5,-119.67,0,0,0.3,10,1,1,19,0,0,0,FALSE,0
189,1975,4,5,4/5/1975,12:00:00,America/Chicago,1975-04-05T17:00:00Z,CA,6,0,0,0,50000,37.07,-120.85,0,0,0.3,10,1,1,47,0,0,0,FALSE,0
190,1975,4,5,4/5/1975,18:32:00,America/Chicago,1975-04-05T23:32:00Z,CA,6,0,0,0,5000,36.78,-119.93,0,0,0.3,10,1,1,19,0,0,0,FALSE,0
794,1976,9,4,9/4/1976,19:45:00,America/Chicago,1976-09-05T00:45:00Z,CA,6,1,0,0,50000,34.62,-117.6,0,0,0.1,10,1,1,71,0,0,0,TRUE,0
795,1976,9,5,9/5/1976,19:19:00,America/Chicago,1976-09-06T00:19:00Z,CA,6,0,0,0,NA,34.68,-117.5,0,0,0.1,10,1,1,71,0,0,0,TRUE,0
796,1976,9,6,9/6/1976,18:00:00,America/Chicago,1976-09-06T23:00:00Z,CA,6,0,0,0,NA,34.28,-117.6,0,0,0.1,10,1,1,71,0,0,0,TRUE,0
797,1976,9,6,9/6/1976,19:19:00,America/Chicago,1976-09-07T00:19:00Z,CA,6,0,0,0,NA,34.58,-117.57,0,0,0.1,10,1,1,71,0,0,0,TRUE,0
798,1976,9,6,9/6/1976,19:25:00,America/Chicago,1976-09-07T00:25:00Z,CA,6,0,0,0,NA,34.63,-117.62,0,0,0.1,10,1,1,71,0,0,0,TRUE,0
799,1976,9,6,9/6/1976,19:30:00,America/Chicago,1976-09-07T00:30:00Z,CA,6,0,0,0,NA,34.65,-117.63,0,0,0.1,10,1,1,71,0,0,0,TRUE,0
1,1977,1,3,1/3/1977,00:15:00,America/Chicago,1977-01-03T06:15:00Z,CA,6,1,0,0,50000,34.43,-119.82,0,0,0.1,10,1,1,83,0,0,0,TRUE,0
58,1977,3,16,3/16/1977,20:30:00,America/Chicago,1977-03-17T02:30:00Z,CA,6,1,4,0,5000000,33.85,-118,33.88,-117.82,10.9,10,1,1,59,0,0,0,FALSE,4
238,1977,5,8,5/8/1977,12:00:00,America/Chicago,1977-05-08T17:00:00Z,CA,6,1,0,0,5000000,33.78,-118.2,0,0,0.1,100,1,1,37,0,0,0,TRUE,0
784,1978,12,18,12/18/1978,12:30:00,America/Chicago,1978-12-18T18:30:00Z,CA,6,1,0,0,50000,33.2,-117.38,0,0,0.8,80,1,1,73,0,0,0,TRUE,0
1,1978,1,4,1/4/1978,17:15:00,America/Chicago,1978-01-04T23:15:00Z,CA,6,0,0,0,50,34.12,-117.82,0,0,0.1,10,1,1,37,0,0,0,TRUE,0
26,1978,2,10,2/10/1978,00:30:00,America/Chicago,1978-02-10T06:30:00Z,CA,6,0,0,0,NA,33.93,-118.42,0,0,1,10,1,1,37,0,0,0,TRUE,0
24,1978,2,7,2/7/1978,15:26:00,America/Chicago,1978-02-07T21:26:00Z,CA,6,2,0,0,500000,38.7,-121.45,38.73,-121.42,1.9,20,1,1,67,0,0,0,FALSE,0
25,1978,2,9,2/9/1978,03:55:00,America/Chicago,1978-02-09T09:55:00Z,CA,6,3,6,0,5000000,33.67,-115.78,0,0,2,67,1,1,59,0,0,0,FALSE,6
45,1978,3,23,3/23/1978,16:20:00,America/Chicago,1978-03-23T22:20:00Z,CA,6,1,0,0,50000,39.77,-121.62,0,0,0.1,10,1,1,7,0,0,0,TRUE,0
47,1978,3,31,3/31/1978,15:40:00,America/Chicago,1978-03-31T21:40:00Z,CA,6,1,0,0,50000,37.93,-112.2,0,0,0.5,10,1,1,77,0,0,0,TRUE,0
31,1978,3,1,3/1/1978,16:00:00,America/Chicago,1978-03-01T22:00:00Z,CA,6,1,0,0,50000,37.67,-120.93,0,0,1.5,100,1,1,99,0,0,0,TRUE,0
37,1978,3,4,3/4/1978,16:00:00,America/Chicago,1978-03-04T22:00:00Z,CA,6,1,0,0,5000,39.83,-121.92,0,0,1.5,53,1,1,7,0,0,0,TRUE,0
38,1978,3,4,3/4/1978,16:30:00,America/Chicago,1978-03-04T22:30:00Z,CA,6,1,0,0,50000,37.63,-120.83,0,0,2.5,100,1,1,99,0,0,0,TRUE,0
39,1978,3,4,3/4/1978,16:35:00,America/Chicago,1978-03-04T22:35:00Z,CA,6,1,1,0,500000,37.42,-120.85,0,0,1,880,1,1,47,0,0,0,FALSE,1
40,1978,3,5,3/5/1978,16:00:00,America/Chicago,1978-03-05T22:00:00Z,CA,6,1,0,0,5000,40.05,-122.37,0,0,0.1,10,1,1,103,0,0,0,TRUE,0
42,1978,3,5,3/5/1978,18:00:00,America/Chicago,1978-03-06T00:00:00Z,CA,6,0,0,0,50,40,-122.17,0,0,0.1,10,1,1,103,0,0,0,TRUE,0
41,1978,3,5,3/5/1978,18:00:00,America/Chicago,1978-03-06T00:00:00Z,CA,6,0,0,0,50,40.33,-122.17,0,0,0.1,10,1,1,103,0,0,0,TRUE,0
6,1979,1,18,1/18/1979,07:02:00,America/Chicago,1979-01-18T13:02:00Z,CA,6,0,0,0,50,32.8,-117.1,0,0,0.1,30,1,1,73,0,0,0,FALSE,0
15,1979,1,31,1/31/1979,12:45:00,America/Chicago,1979-01-31T18:45:00Z,CA,6,1,0,0,5000000,34.17,-118.37,0,0,0.1,10,1,1,37,0,0,0,TRUE,0
16,1979,1,31,1/31/1979,13:30:00,America/Chicago,1979-01-31T19:30:00Z,CA,6,1,0,0,NA,33.75,-117.88,0,0,2,10,1,1,59,0,0,0,FALSE,0
30,1979,3,14,3/14/1979,14:50:00,America/Chicago,1979-03-14T20:50:00Z,CA,6,1,0,0,50000,36.6,-119.67,0,0,2,10,1,1,19,0,0,0,TRUE,0
2,1980,1,14,1/14/1980,15:30:00,America/Chicago,1980-01-14T21:30:00Z,CA,6,1,1,0,500000,37.48,-121.88,0,0,0.3,67,1,1,99,0,0,0,FALSE,1
5,1980,1,28,1/28/1980,15:15:00,America/Chicago,1980-01-28T21:15:00Z,CA,6,0,0,0,5000,33.88,-118.3,0,0,0.4,10,1,1,37,0,0,0,FALSE,0
7,1980,2,15,2/15/1980,17:00:00,America/Chicago,1980-02-15T23:00:00Z,CA,6,0,0,0,50000,36.55,-119.38,0,0,1,10,1,1,107,0,0,0,FALSE,0
9,1980,2,19,2/19/1980,16:05:00,America/Chicago,1980-02-19T22:05:00Z,CA,6,1,2,0,5000000,36.77,-119.72,0,0,1.7,10,1,1,19,0,0,0,FALSE,2
10,1980,2,20,2/20/1980,20:00:00,America/Chicago,1980-02-21T02:00:00Z,CA,6,1,0,0,50000,32.78,-117.2,0,0,0.1,10,1,1,73,0,0,0,FALSE,0
75,1980,4,5,4/5/1980,11:40:00,America/Chicago,1980-04-05T17:40:00Z,CA,6,2,1,0,500000,36.37,-119.7,36.28,-119.45,15,10,1,1,31,107,0,0,FALSE,1
217,1980,5,9,5/9/1980,19:05:00,America/Chicago,1980-05-10T00:05:00Z,CA,6,2,0,0,50000,40.13,-122.22,0,0,0.1,10,1,1,103,0,0,0,FALSE,0
709,1980,7,29,7/29/1980,17:00:00,America/Chicago,1980-07-29T22:00:00Z,CA,6,0,0,0,NA,38.12,-120.88,0,0,0.1,10,1,1,9,0,0,0,TRUE,0
1,1981,1,22,1/22/1981,09:30:00,America/Chicago,1981-01-22T15:30:00Z,CA,6,0,0,0,5000,39.73,-121.88,0,0,0.1,10,1,1,7,0,0,0,FALSE,0
2,1981,1,23,1/23/1981,12:45:00,America/Chicago,1981-01-23T18:45:00Z,CA,6,0,0,0,50000,37.97,-121.3,0,0,0.1,10,1,1,77,0,0,0,FALSE,0
46,1981,3,19,3/19/1981,17:30:00,America/Chicago,1981-03-19T23:30:00Z,CA,6,0,0,0,5000,37.98,-121.05,0,0,0.1,10,1,1,77,0,0,0,FALSE,0
936,1982,11,9,11/9/1982,11:30:00,America/Chicago,1982-11-09T17:30:00Z,CA,6,1,0,0,50000,34.03,-118.68,0,0,0.2,20,1,1,37,0,0,0,FALSE,0
937,1982,11,9,11/9/1982,13:30:00,America/Chicago,1982-11-09T19:30:00Z,CA,6,2,0,0,5000000,34.18,-118.45,0,0,1,150,1,1,37,0,0,0,FALSE,0
938,1982,11,9,11/9/1982,14:00:00,America/Chicago,1982-11-09T20:00:00Z,CA,6,2,0,0,5000000,33.78,-118.2,33.88,-118.05,10,1300,1,1,37,0,0,0,FALSE,0
939,1982,11,9,11/9/1982,14:00:00,America/Chicago,1982-11-09T20:00:00Z,CA,6,0,0,0,5000,33.97,-118.3,0,0,0.1,20,1,1,37,0,0,0,FALSE,0
940,1982,11,9,11/9/1982,15:00:00,America/Chicago,1982-11-09T21:00:00Z,CA,6,0,0,0,5000,33.78,-117.92,0,0,0.1,150,1,1,59,0,0,0,FALSE,0
941,1982,11,9,11/9/1982,15:00:00,America/Chicago,1982-11-09T21:00:00Z,CA,6,1,0,0,5000,33.58,-117.67,0,0,0.2,33,1,1,59,0,0,0,FALSE,0
942,1982,11,9,11/9/1982,17:15:00,America/Chicago,1982-11-09T23:15:00Z,CA,6,0,0,0,5000,34.12,-119.12,0,0,0.1,33,1,1,111,0,0,0,FALSE,0
15,1982,1,20,1/20/1982,04:05:00,America/Chicago,1982-01-20T10:05:00Z,CA,6,0,0,0,NA,33.95,-117.4,0,0,0.3,60,1,1,65,0,0,0,FALSE,0
60,1982,3,17,3/17/1982,19:15:00,America/Chicago,1982-03-18T01:15:00Z,CA,6,0,0,0,NA,32.73,-117.18,0,0,0.1,10,1,1,73,0,0,0,FALSE,0
71,1982,3,28,3/28/1982,19:00:00,America/Chicago,1982-03-29T01:00:00Z,CA,6,1,1,0,50000,36.57,-119.62,36.52,-119.55,5,20,1,1,19,0,0,0,FALSE,1
74,1982,3,29,3/29/1982,17:25:00,America/Chicago,1982-03-29T23:25:00Z,CA,6,0,0,0,50000,37.68,-121.77,0,0,0.1,10,1,1,1,0,0,0,FALSE,0
76,1982,3,29,3/29/1982,23:30:00,America/Chicago,1982-03-30T05:30:00Z,CA,6,1,0,0,NA,34.08,-118.1,0,0,2,67,1,1,37,0,0,0,FALSE,0
748,1982,6,29,6/29/1982,15:20:00,America/Chicago,1982-06-29T20:20:00Z,CA,6,0,0,0,50,38.1,-121.43,0,0,0.5,20,1,1,77,0,0,0,FALSE,0
887,1982,9,7,9/7/1982,15:30:00,America/Chicago,1982-09-07T20:30:00Z,CA,6,2,2,0,50000,34.23,-116.37,0,0,0.5,20,1,1,71,0,0,0,FALSE,2
812,1983,10,1,10/1/1983,00:35:00,America/Chicago,1983-10-01T05:35:00Z,CA,6,1,3,0,5000,33.92,-118.35,0,0,0.3,100,1,1,37,0,0,0,FALSE,3
916,1983,12,11,12/11/1983,12:30:00,America/Chicago,1983-12-11T18:30:00Z,CA,6,0,0,0,5000,39.15,-123.22,0,0,2,300,1,1,45,0,0,0,FALSE,0
54,1983,2,27,2/27/1983,07:20:00,America/Chicago,1983-02-27T13:20:00Z,CA,6,1,0,0,50000,38.45,-122.7,0,0,0.8,100,1,1,97,0,0,0,FALSE,0
103,1983,3,22,3/22/1983,16:10:00,America/Chicago,1983-03-22T22:10:00Z,CA,6,1,0,0,500000,38.72,-121.35,38.77,-121.28,2,50,1,1,67,61,0,0,FALSE,0
55,1983,3,1,3/1/1983,09:40:00,America/Chicago,1983-03-01T15:40:00Z,CA,6,2,30,0,50000000,33.98,-118.37,34.05,-118.35,3.5,100,1,1,37,0,0,0,FALSE,30
56,1983,3,1,3/1/1983,10:15:00,America/Chicago,1983-03-01T16:15:00Z,CA,6,0,0,0,500,34.13,-118.12,0,0,0.2,100,1,1,37,0,0,0,FALSE,0
65,1983,3,3,3/3/1983,19:15:00,America/Chicago,1983-03-04T01:15:00Z,CA,6,0,0,0,50,38.75,-121.28,0,0,0.1,50,1,1,61,0,0,0,FALSE,0
717,1983,8,1,8/1/1983,12:50:00,America/Chicago,1983-08-01T17:50:00Z,CA,6,0,1,0,500000,34.28,-116.45,0,0,0.3,30,1,1,71,0,0,0,FALSE,1
811,1983,9,30,9/30/1983,09:00:00,America/Chicago,1983-09-30T14:00:00Z,CA,6,0,0,0,500000,33.92,-118.28,0,0,0.3,100,1,1,37,0,0,0,FALSE,0
1,1984,1,13,1/13/1984,20:19:00,America/Chicago,1984-01-14T02:19:00Z,CA,6,0,0,0,5000,33.67,-118,0,0,0.1,10,1,1,59,0,0,0,FALSE,0
440,1984,5,30,5/30/1984,11:15:00,America/Chicago,1984-05-30T16:15:00Z,CA,6,0,0,0,50,34.12,-117.82,0,0,0.3,70,1,1,37,0,0,0,FALSE,0
3,1985,2,4,2/4/1985,10:40:00,America/Chicago,1985-02-04T16:40:00Z,CA,6,0,0,0,500000,32.8,-117.1,0,0,0.1,17,1,1,73,0,0,0,FALSE,0
17,1985,3,11,3/11/1985,12:00:00,America/Chicago,1985-03-11T18:00:00Z,CA,6,2,0,0,5000,36.85,-121.4,0,0,0.5,20,1,1,69,0,0,0,FALSE,0
628,1985,9,18,9/18/1985,11:55:00,America/Chicago,1985-09-18T16:55:00Z,CA,6,0,0,0,NA,33.52,-115.93,0,0,0.1,10,1,1,65,0,0,0,FALSE,0
26,1986,2,15,2/15/1986,16:50:00,America/Chicago,1986-02-15T22:50:00Z,CA,6,0,0,0,500000,36.53,-119.38,0,0,0.5,100,1,1,107,0,0,0,FALSE,0
30,1986,2,19,2/19/1986,16:30:00,America/Chicago,1986-02-19T22:30:00Z,CA,6,0,0,0,50000,37.23,-120.25,0,0,0.2,10,1,1,47,0,0,0,FALSE,0
2,1986,2,3,2/3/1986,15:00:00,America/Chicago,1986-02-03T21:00:00Z,CA,6,0,0,0,5000,36.97,-121.9,0,0,0.2,50,1,1,87,0,0,0,FALSE,0
33,1986,3,10,3/10/1986,15:45:00,America/Chicago,1986-03-10T21:45:00Z,CA,6,0,0,0,50,37.52,-122.52,0,0,0.2,50,1,1,81,0,0,0,FALSE,0
90,1986,3,16,3/16/1986,09:30:00,America/Chicago,1986-03-16T15:30:00Z,CA,6,1,0,0,5000000,33.83,-117.92,0,0,1.2,40,1,1,59,0,0,0,FALSE,0
31,1986,3,8,3/8/1986,22:35:00,America/Chicago,1986-03-09T04:35:00Z,CA,6,1,0,0,5000,36.55,-119.65,36.58,-119.57,4,50,1,1,19,0,0,0,FALSE,0
551,1986,7,21,7/21/1986,14:45:00,America/Chicago,1986-07-21T19:45:00Z,CA,6,0,0,0,NA,34.72,-117.03,0,0,0.2,10,1,1,71,0,0,0,FALSE,0
682,1986,9,24,9/24/1986,16:15:00,America/Chicago,1986-09-24T21:15:00Z,CA,6,2,1,0,5000000,39.93,-122.05,0,0,2,100,1,1,103,0,0,0,FALSE,1
30,1987,3,14,3/14/1987,20:05:00,America/Chicago,1987-03-15T02:05:00Z,CA,6,0,0,0,500000,39.92,-122.4,0,0,0.2,70,1,1,103,0,0,0,FALSE,0
66,1987,4,3,4/3/1987,12:14:00,America/Chicago,1987-04-03T18:14:00Z,CA,6,0,0,0,500000,36.77,-121.63,0,0,0.1,30,1,1,53,0,0,0,FALSE,0
238,1987,6,5,6/5/1987,17:15:00,America/Chicago,1987-06-05T22:15:00Z,CA,6,0,0,0,50000000,34.63,-118.1,0,0,0.2,20,1,1,37,0,0,0,FALSE,0
496,1987,7,27,7/27/1987,20:51:00,America/Chicago,1987-07-28T01:51:00Z,CA,6,0,0,0,NA,34.13,-116.05,0,0,1.5,50,1,1,71,0,0,0,FALSE,0
1,1988,1,18,1/18/1988,13:30:00,America/Chicago,1988-01-18T19:30:00Z,CA,6,0,0,0,50000,33.6,-117.63,0,0,1.5,13,1,1,59,0,0,0,FALSE,0
2,1988,1,18,1/18/1988,14:00:00,America/Chicago,1988-01-18T20:00:00Z,CA,6,0,0,0,500,33.42,-117.62,0,0,0.2,10,1,1,59,0,0,0,FALSE,0
22,1988,3,1,3/1/1988,20:40:00,America/Chicago,1988-03-02T02:40:00Z,CA,6,0,0,0,NA,36.55,-119.28,0,0,0.2,10,1,1,107,0,0,0,FALSE,0
86,1988,4,19,4/19/1988,16:35:00,America/Chicago,1988-04-19T21:35:00Z,CA,6,1,0,0,50000,38.17,-121.15,0,0,0.2,23,1,1,77,0,0,0,FALSE,0
88,1988,4,19,4/19/1988,16:58:00,America/Chicago,1988-04-19T21:58:00Z,CA,6,1,0,0,500000,38.68,-121.17,0,0,1,30,1,1,67,0,0,0,FALSE,0
91,1988,4,20,4/20/1988,14:40:00,America/Chicago,1988-04-20T19:40:00Z,CA,6,0,0,0,5000,35.07,-118.63,0,0,0.2,10,1,1,29,0,0,0,FALSE,0
33,1989,3,2,3/2/1989,18:20:00,America/Chicago,1989-03-03T00:20:00Z,CA,6,0,0,0,5000,36.78,-119.77,0,0,0.1,10,1,1,19,0,0,0,FALSE,0
761,1989,9,18,9/18/1989,17:10:00,America/Chicago,1989-09-18T22:10:00Z,CA,6,0,0,0,NA,37.97,-122.03,0,0,0.2,10,1,1,13,0,0,0,FALSE,0
760,1989,9,18,9/18/1989,19:10:00,America/Chicago,1989-09-19T00:10:00Z,CA,6,0,0,0,NA,37.97,-122.03,0,0,0.2,10,1,1,13,0,0,0,FALSE,0
762,1989,9,18,9/18/1989,20:40:00,America/Chicago,1989-09-19T01:40:00Z,CA,6,0,0,0,NA,38.55,-121.75,0,0,0.2,10,1,1,95,0,0,0,FALSE,0
1,1990,1,14,1/14/1990,05:30:00,America/Chicago,1990-01-14T11:30:00Z,CA,6,0,0,0,500000,32.75,-117.1,0,0,0.1,10,1,1,73,0,0,0,FALSE,0
2,1990,1,16,1/16/1990,23:20:00,America/Chicago,1990-01-17T05:20:00Z,CA,6,0,0,0,NA,33.95,-118.05,0,0,0.2,33,1,1,37,0,0,0,FALSE,0
195,1990,4,23,4/23/1990,17:30:00,America/Chicago,1990-04-23T22:30:00Z,CA,6,0,0,0,5000,38.85,-121.17,0,0,0.2,10,1,1,61,0,0,0,FALSE,0
967,1990,8,14,8/14/1990,18:45:00,America/Chicago,1990-08-14T23:45:00Z,CA,6,0,0,0,NA,34.85,-116.85,0,0,0.1,10,1,1,71,0,0,0,FALSE,0
1045,1990,9,29,9/29/1990,18:00:00,America/Chicago,1990-09-29T23:00:00Z,CA,6,0,0,0,NA,34.85,-116.88,0,0,0.2,10,1,1,71,0,0,0,FALSE,0
1094,1991,10,12,10/12/1991,02:15:00,America/Chicago,1991-10-12T07:15:00Z,CA,6,0,0,0,NA,36.17,-119.65,0,0,0.1,10,1,1,31,0,0,0,FALSE,0
1132,1991,12,29,12/29/1991,14:00:00,America/Chicago,1991-12-29T20:00:00Z,CA,6,0,2,0,500,34.63,-120.3,0,0,0.1,10,1,1,83,0,0,0,FALSE,2
39,1991,2,28,2/28/1991,16:45:00,America/Chicago,1991-02-28T22:45:00Z,CA,6,0,0,0,NA,33.73,-117.8,0,0,0.5,50,1,1,59,0,0,0,FALSE,0
40,1991,2,28,2/28/1991,20:15:00,America/Chicago,1991-03-01T02:15:00Z,CA,6,1,1,0,500000,36.35,-119.45,0,0,0.2,10,1,1,107,0,0,0,FALSE,1
72,1991,3,17,3/17/1991,23:30:00,America/Chicago,1991-03-18T05:30:00Z,CA,6,1,0,0,500000,35.13,-119.48,0,0,0.1,40,1,1,29,0,0,0,FALSE,0
75,1991,3,19,3/19/1991,04:00:00,America/Chicago,1991-03-19T10:00:00Z,CA,6,0,0,0,NA,33.85,-118.13,0,0,0.5,50,1,1,37,0,0,0,FALSE,0
76,1991,3,19,3/19/1991,06:30:00,America/Chicago,1991-03-19T12:30:00Z,CA,6,1,0,0,500000,32.75,-117.1,0,0,1,440,1,1,73,0,0,0,FALSE,0
77,1991,3,20,3/20/1991,13:30:00,America/Chicago,1991-03-20T19:30:00Z,CA,6,0,0,0,NA,33.95,-117.4,0,0,0.2,10,1,1,65,0,0,0,FALSE,0
78,1991,3,20,3/20/1991,14:45:00,America/Chicago,1991-03-20T20:45:00Z,CA,6,0,0,0,NA,34.17,-117.35,0,0,1,50,1,1,71,0,0,0,FALSE,0
80,1991,3,20,3/20/1991,16:30:00,America/Chicago,1991-03-20T22:30:00Z,CA,6,0,0,0,NA,37.05,-120.35,0,0,0.1,10,1,1,39,0,0,0,FALSE,0
123,1991,3,25,3/25/1991,16:20:00,America/Chicago,1991-03-25T22:20:00Z,CA,6,0,0,0,NA,35.68,-117.68,0,0,0.2,10,1,1,29,0,0,0,FALSE,0
125,1991,3,26,3/26/1991,16:07:00,America/Chicago,1991-03-26T22:07:00Z,CA,6,0,0,0,NA,35.63,-117.68,0,0,0.1,10,1,1,29,0,0,0,FALSE,0
132,1991,3,26,3/26/1991,19:15:00,America/Chicago,1991-03-27T01:15:00Z,CA,6,0,0,0,NA,38.13,-121.37,0,0,0.1,10,1,1,77,0,0,0,FALSE,0
135,1991,3,26,3/26/1991,19:40:00,America/Chicago,1991-03-27T01:40:00Z,CA,6,0,0,0,NA,37.23,-120.32,0,0,0.1,10,1,1,47,0,0,0,FALSE,0
147,1991,3,27,3/27/1991,00:35:00,America/Chicago,1991-03-27T06:35:00Z,CA,6,1,0,0,NA,33.67,-118,33.7,-117.95,3,53,1,1,59,0,0,0,FALSE,0
148,1991,3,27,3/27/1991,04:00:00,America/Chicago,1991-03-27T10:00:00Z,CA,6,1,0,0,NA,33.15,-117.17,0,0,0.2,10,1,1,73,0,0,0,FALSE,0
1288,1992,12,11,12/11/1992,15:15:00,America/Chicago,1992-12-11T21:15:00Z,CA,6,1,0,0,5000,41.75,-124.2,0,0,0.2,23,1,1,15,0,0,0,FALSE,0
1289,1992,12,11,12/11/1992,20:45:00,America/Chicago,1992-12-12T02:45:00Z,CA,6,0,0,0,500,36.68,-121.77,0,0,0.1,10,1,1,53,0,0,0,FALSE,0
1290,1992,12,11,12/11/1992,20:50:00,America/Chicago,1992-12-12T02:50:00Z,CA,6,0,0,0,NA,36.65,-119.77,0,0,0.1,10,1,1,19,0,0,0,FALSE,0
1293,1992,12,17,12/17/1992,14:30:00,America/Chicago,1992-12-17T20:30:00Z,CA,6,0,0,0,500,37.73,-122.15,0,0,0.2,23,1,1,1,0,0,0,FALSE,0
1294,1992,12,17,12/17/1992,18:20:00,America/Chicago,1992-12-18T00:20:00Z,CA,6,1,4,0,5000000,39.52,-121.57,0,0,1,100,1,1,7,0,0,0,FALSE,4
1295,1992,12,17,12/17/1992,19:30:00,America/Chicago,1992-12-18T01:30:00Z,CA,6,1,0,0,50000,39.32,-121.38,39.37,-121.32,5,23,1,1,115,0,0,0,FALSE,0
1296,1992,12,29,12/29/1992,15:30:00,America/Chicago,1992-12-29T21:30:00Z,CA,6,0,0,0,5000,33.42,-117.62,0,0,0.1,10,1,1,59,0,0,0,FALSE,0
1297,1992,12,30,12/30/1992,05:30:00,America/Chicago,1992-12-30T11:30:00Z,CA,6,1,0,0,50000,41.75,-124.2,0,0,0.2,23,1,1,15,0,0,0,FALSE,0
1278,1992,12,2,12/2/1992,19:00:00,America/Chicago,1992-12-03T01:00:00Z,CA,6,1,0,0,500000,38.4,-122.9,38.4,-122.75,7.5,100,1,1,97,0,0,0,FALSE,0
1279,1992,12,2,12/2/1992,19:00:00,America/Chicago,1992-12-03T01:00:00Z,CA,6,1,0,0,50000,38.4,-122.83,0,0,1,23,1,1,97,0,0,0,FALSE,0
1280,1992,12,2,12/2/1992,19:00:00,America/Chicago,1992-12-03T01:00:00Z,CA,6,1,0,0,50000,38.55,-122.82,38.58,-122.77,3,23,1,1,97,0,0,0,FALSE,0
1281,1992,12,6,12/6/1992,21:00:00,America/Chicago,1992-12-07T03:00:00Z,CA,6,1,2,0,500000,36.55,-121.92,36.62,-121.83,7,73,1,1,53,0,0,0,FALSE,2
1282,1992,12,6,12/6/1992,21:00:00,America/Chicago,1992-12-07T03:00:00Z,CA,6,1,0,0,500,36.6,-121.88,0,0,1,23,1,1,53,0,0,0,FALSE,0
1283,1992,12,7,12/7/1992,09:00:00,America/Chicago,1992-12-07T15:00:00Z,CA,6,0,0,0,5000,34.28,-118.88,0,0,0.1,10,1,1,111,0,0,0,FALSE,0
1284,1992,12,7,12/7/1992,09:30:00,America/Chicago,1992-12-07T15:30:00Z,CA,6,1,0,0,500000,33.75,-118,0,0,0.1,10,1,1,59,0,0,0,FALSE,0
1285,1992,12,7,12/7/1992,12:30:00,America/Chicago,1992-12-07T18:30:00Z,CA,6,1,0,0,5000,33.83,-117.92,0,0,0.1,10,1,1,59,0,0,0,FALSE,0
1286,1992,12,7,12/7/1992,19:00:00,America/Chicago,1992-12-08T01:00:00Z,CA,6,0,0,0,5000,33.17,-117.35,0,0,0.1,10,1,1,73,0,0,0,FALSE,0
30,1992,2,15,2/15/1992,15:30:00,America/Chicago,1992-02-15T21:30:00Z,CA,6,0,0,0,50000,33.33,-117.3,0,0,0.5,20,1,1,73,0,0,0,FALSE,0
90,1992,3,20,3/20/1992,23:00:00,America/Chicago,1992-03-21T05:00:00Z,CA,6,1,0,0,NA,34.1,-118.18,0,0,0.2,20,1,1,37,0,0,0,FALSE,0
162,1992,5,5,5/5/1992,20:30:00,America/Chicago,1992-05-06T01:30:00Z,CA,6,0,0,0,5000000,32.85,-115.57,0,0,0.2,10,1,1,25,0,0,0,FALSE,0
1150,1993,11,11,11/11/1993,13:30:00,America/Chicago,1993-11-11T19:30:00Z,CA,6,0,2,0,50000,33.68,-117.82,0,0,0.1,10,1,1,59,0,0,0,FALSE,2
7,1993,1,14,1/14/1993,03:40:00,America/Chicago,1993-01-14T09:40:00Z,CA,6,1,0,0,500000,33.88,-117.95,0,0,1,30,1,1,59,0,0,0,FALSE,0
12,1993,1,17,1/17/1993,21:30:00,America/Chicago,1993-01-18T03:30:00Z,CA,6,0,1,0,5000000,33.67,-117.75,0,0,0.1,10,1,1,59,0,0,0,FALSE,1
13,1993,1,18,1/18/1993,01:45:00,America/Chicago,1993-01-18T07:45:00Z,CA,6,0,0,0,50000,34.03,-118.3,0,0,0.7,50,1,1,37,0,0,0,FALSE,0
16,1993,1,18,1/18/1993,16:05:00,America/Chicago,1993-01-18T22:05:00Z,CA,6,0,0,0,50000,33.67,-118,0,0,0.1,10,1,1,59,0,0,0,FALSE,0
3,1993,1,7,1/7/1993,19:00:00,America/Chicago,1993-01-08T01:00:00Z,CA,6,1,0,0,50000,39.42,-121.72,0,0,0.1,10,1,1,7,0,0,0,FALSE,0
22,1993,2,19,2/19/1993,21:15:00,America/Chicago,1993-02-20T03:15:00Z,CA,6,0,0,0,5000,36.07,-119.32,0,0,0.1,30,1,1,107,0,0,0,FALSE,0
46,1993,2,23,2/23/1993,16:45:00,America/Chicago,1993-02-23T22:45:00Z,CA,6,0,0,0,5000,35.68,-119.23,0,0,0.1,30,1,1,29,0,0,0,FALSE,0
18,1993,2,8,2/8/1993,14:20:00,America/Chicago,1993-02-08T20:20:00Z,CA,6,0,0,0,50000,33.92,-117.88,0,0,0.5,10,1,1,59,0,0,0,FALSE,0
143,1993,4,17,4/17/1993,17:40:00,America/Chicago,1993-04-17T22:40:00Z,CA,6,1,0,0,500000,39.53,-122.13,0,0,0.5,200,1,1,21,0,0,0,FALSE,0
144,1993,4,17,4/17/1993,20:20:00,America/Chicago,1993-04-18T01:20:00Z,CA,6,0,0,0,500,39.73,-121.83,0,0,0.1,23,1,1,7,0,0,0,FALSE,0
386,1993,6,5,6/5/1993,16:05:00,America/Chicago,1993-06-05T21:05:00Z,CA,6,0,0,0,NA,36.78,-119.77,0,0,0.1,23,1,1,19,0,0,0,FALSE,0
1017,1993,8,29,8/29/1993,17:30:00,America/Chicago,1993-08-29T22:30:00Z,CA,6,1,0,0,NA,32.85,-115.57,0,0,0.1,10,1,1,25,0,0,0,FALSE,0
17,1994,2,10,2/10/1994,16:28:00,America/Chicago,1994-02-10T22:28:00Z,CA,6,2,2,0,5000000,39.52,-121.57,0,0,0.3,20,1,1,7,0,0,0,FALSE,2
14,1994,2,7,2/7/1994,19:45:00,America/Chicago,1994-02-08T01:45:00Z,CA,6,0,0,0,50000,34.25,-118.35,0,0,0.1,10,1,1,37,0,0,0,FALSE,0
15,1994,2,7,2/7/1994,22:15:00,America/Chicago,1994-02-08T04:15:00Z,CA,6,0,0,0,500000,33.62,-117.93,33.73,-117.82,9,73,1,1,59,0,0,0,FALSE,0
38,1994,3,10,3/10/1994,21:30:00,America/Chicago,1994-03-11T03:30:00Z,CA,6,0,0,0,500000,39.52,-121.57,0,0,0.2,30,1,1,7,0,0,0,FALSE,0
42,1994,3,24,3/24/1994,19:40:00,America/Chicago,1994-03-25T01:40:00Z,CA,6,0,0,0,500,34.43,-119.7,0,0,0.1,10,1,1,83,0,0,0,FALSE,0
29,1994,3,5,3/5/1994,16:45:00,America/Chicago,1994-03-05T22:45:00Z,CA,6,0,0,0,NA,36.3,-119.78,0,0,0.1,30,1,1,31,0,0,0,FALSE,0
156,1994,4,25,4/25/1994,13:50:00,America/Chicago,1994-04-25T18:50:00Z,CA,6,0,0,0,50000,37.68,-121.77,0,0,0.7,30,1,1,1,0,0,0,FALSE,0
183,1994,4,25,4/25/1994,22:10:00,America/Chicago,1994-04-26T03:10:00Z,CA,6,0,0,0,NA,39.33,-121.53,0,0,0.1,20,1,1,7,0,0,0,FALSE,0
869,1994,8,12,8/12/1994,17:00:00,America/Chicago,1994-08-12T22:00:00Z,CA,6,0,0,0,500000,33.75,-116.9,0,0,0.1,10,1,1,65,0,0,0,FALSE,0
25,1995,1,14,1/14/1995,19:15:00,America/Chicago,1995-01-15T01:15:00Z,CA,6,1,0,0,5000000,37.12,-120.27,0,0,1,10,1,1,39,0,0,0,FALSE,0
86,1995,3,23,3/23/1995,20:30:00,America/Chicago,1995-03-24T02:30:00Z,CA,6,0,0,0,NA,38.23,-121.52,0,0,0.2,10,1,1,67,0,0,0,FALSE,0
349,1995,5,13,5/13/1995,13:00:00,America/Chicago,1995-05-13T18:00:00Z,CA,6,0,0,0,500000,35.98,-119.12,0,0,2.5,10,1,1,107,0,0,0,FALSE,0
351,1995,5,13,5/13/1995,15:15:00,America/Chicago,1995-05-13T20:15:00Z,CA,6,0,0,0,50000,36.7,-120.03,0,0,1,33,1,1,19,0,0,0,FALSE,0
224,1995,5,1,5/1/1995,19:45:00,America/Chicago,1995-05-02T00:45:00Z,CA,6,0,0,0,NA,36.78,-119.73,0,0,0.1,10,1,1,19,0,0,0,FALSE,0
789,1995,6,16,6/16/1995,14:55:00,America/Chicago,1995-06-16T19:55:00Z,CA,6,0,0,0,NA,33.93,-118.02,0,0,0.1,10,1,1,37,0,0,0,FALSE,0
810,1995,6,26,6/26/1995,18:50:00,America/Chicago,1995-06-26T23:50:00Z,CA,6,0,0,0,NA,34.98,-117.97,0,0,2,17,1,1,29,0,0,0,FALSE,0
1067,1996,10,30,10/30/1996,14:50:00,America/Chicago,1996-10-30T20:50:00Z,CA,6,0,0,0,NA,36.77,-119.78,36.78,-119.78,0.2,10,1,1,19,0,0,0,FALSE,0
1071,1996,11,22,11/22/1996,15:50:00,America/Chicago,1996-11-22T21:50:00Z,CA,6,1,0,0,40000,37.33,-120.45,37.33,-120.45,0.2,10,1,1,47,0,0,0,FALSE,0
1072,1996,11,22,11/22/1996,16:27:00,America/Chicago,1996-11-22T22:27:00Z,CA,6,0,0,0,NA,36.33,-119.93,36.33,-119.93,1,30,1,1,31,0,0,0,FALSE,0
1073,1996,11,22,11/22/1996,17:05:00,America/Chicago,1996-11-22T23:05:00Z,CA,6,1,0,0,250000,36.33,-119.93,36.33,-119.93,0.8,20,1,1,31,0,0,0,FALSE,0
1074,1996,11,22,11/22/1996,17:43:00,America/Chicago,1996-11-22T23:43:00Z,CA,6,0,0,0,NA,35.42,-118.85,35.43,-118.82,2,10,1,1,29,0,0,0,FALSE,0
1083,1996,12,12,12/12/1996,17:50:00,America/Chicago,1996-12-12T23:50:00Z,CA,6,1,0,0,10000,37.77,-120.85,37.77,-120.85,0.6,25,1,1,99,0,0,0,FALSE,0
1107,1996,12,22,12/22/1996,11:00:00,America/Chicago,1996-12-22T17:00:00Z,CA,6,1,0,0,NA,33.92,-116.78,33.92,-116.78,0.1,25,1,1,65,0,0,0,FALSE,0
1084,1996,12,23,12/23/1996,12:00:00,America/Chicago,1996-12-23T18:00:00Z,CA,6,1,0,0,200000,38.25,-122.93,38.25,-122.83,6,20,1,1,41,0,0,0,FALSE,0
1085,1996,12,23,12/23/1996,13:30:00,America/Chicago,1996-12-23T19:30:00Z,CA,6,0,1,0,1000,38.28,-122.08,38.28,-122.07,0.3,20,1,1,97,0,0,0,FALSE,1
2,1996,1,20,1/20/1996,13:30:00,America/Chicago,1996-01-20T19:30:00Z,CA,6,0,0,0,2000,41.95,-124.17,41.93,-124.17,0.3,30,1,1,15,0,0,0,FALSE,0
3,1996,1,20,1/20/1996,14:00:00,America/Chicago,1996-01-20T20:00:00Z,CA,6,0,0,0,1000,41.75,-124.2,41.75,-124.2,0.1,20,1,1,15,0,0,0,FALSE,0
797,1996,2,22,2/22/1996,03:00:00,America/Chicago,1996-02-22T09:00:00Z,CA,6,1,0,0,NA,38.55,-122.73,38.55,-122.73,1,50,1,1,97,0,0,0,FALSE,0
926,1996,3,12,3/12/1996,16:07:00,America/Chicago,1996-03-12T22:07:00Z,CA,6,0,0,0,30000,36.35,-119.68,36.33,-119.65,0.1,10,1,1,31,0,0,0,FALSE,0
927,1996,3,12,3/12/1996,16:25:00,America/Chicago,1996-03-12T22:25:00Z,CA,6,0,0,0,10000,36.38,-119.65,36.33,-119.65,0.1,10,1,1,31,0,0,0,FALSE,0
996,1996,4,16,4/16/1996,15:50:00,America/Chicago,1996-04-16T20:50:00Z,CA,6,0,0,0,NA,36.88,-119.88,36.88,-119.88,0.5,10,1,1,19,0,0,0,FALSE,0
1082,1996,4,1,4/1/1996,16:40:00,America/Chicago,1996-04-01T22:40:00Z,CA,6,0,0,0,NA,37.32,-121.02,37.32,-121.02,0.1,50,1,1,99,0,0,0,FALSE,0
1063,1996,4,1,4/1/1996,17:00:00,America/Chicago,1996-04-01T23:00:00Z,CA,6,0,0,0,NA,37.98,-121.32,37.98,-121.32,0.8,50,1,1,77,0,0,0,FALSE,0
1064,1996,4,1,4/1/1996,17:00:00,America/Chicago,1996-04-01T23:00:00Z,CA,6,0,0,0,NA,38.08,-121.3,38.08,-121.3,0.3,150,1,1,77,0,0,0,FALSE,0
1065,1996,4,1,4/1/1996,17:00:00,America/Chicago,1996-04-01T23:00:00Z,CA,6,0,0,0,NA,38.13,-121.25,38.13,-121.25,0.1,100,1,1,77,0,0,0,FALSE,0
1066,1996,4,1,4/1/1996,17:00:00,America/Chicago,1996-04-01T23:00:00Z,CA,6,0,0,0,NA,38.13,-121.27,38.13,-121.27,0.1,100,1,1,77,0,0,0,FALSE,0
994,1996,4,1,4/1/1996,17:45:00,America/Chicago,1996-04-01T23:45:00Z,CA,6,0,0,0,10000,37.13,-120.48,37.13,-120.48,0.5,10,1,1,47,0,0,0,FALSE,0
995,1996,4,1,4/1/1996,18:30:00,America/Chicago,1996-04-02T00:30:00Z,CA,6,0,0,0,20000,36.17,-119.32,36.17,-119.32,0.3,10,1,1,107,0,0,0,FALSE,0
593,1997,11,11,11/11/1997,14:40:00,America/Chicago,1997-11-11T20:40:00Z,CA,6,1,0,0,NA,33.68,-117.82,33.68,-117.82,0.2,200,1,1,59,0,0,0,FALSE,0
532,1997,11,13,11/13/1997,17:30:00,America/Chicago,1997-11-13T23:30:00Z,CA,6,0,0,0,10000,37.03,-120.85,37,-120.85,3,10,1,1,47,0,0,0,FALSE,0
534,1997,11,26,11/26/1997,15:00:00,America/Chicago,1997-11-26T21:00:00Z,CA,6,0,0,0,1000,36.93,-119.68,36.93,-119.68,0.1,10,1,1,19,0,0,0,FALSE,0
533,1997,11,26,11/26/1997,16:10:00,America/Chicago,1997-11-26T22:10:00Z,CA,6,0,0,0,10000,36.93,-119.58,36.93,-119.58,0.3,10,1,1,19,0,0,0,FALSE,0
617,1997,12,21,12/21/1997,15:40:00,America/Chicago,1997-12-21T21:40:00Z,CA,6,1,0,0,10000,33.67,-118,33.67,-118,1,30,1,1,59,0,0,0,FALSE,0
638,1997,12,8,12/8/1997,16:35:00,America/Chicago,1997-12-08T22:35:00Z,CA,6,0,0,0,20000,37.33,-121.88,37.33,-121.88,0.2,100,1,1,85,0,0,0,FALSE,0
11,1997,1,20,1/20/1997,17:35:00,America/Chicago,1997-01-20T23:35:00Z,CA,6,0,0,0,50000,36.32,-119.13,36.32,-119.08,3,10,1,1,107,0,0,0,FALSE,0
12,1997,2,17,2/17/1997,16:15:00,America/Chicago,1997-02-17T22:15:00Z,CA,6,0,0,0,10000,35.37,-119,35.37,-119,0.3,10,1,1,29,0,0,0,FALSE,0
106,1997,3,22,3/22/1997,18:37:00,America/Chicago,1997-03-23T00:37:00Z,CA,6,0,0,0,NA,35.67,-119.42,35.67,-119.4,0.2,10,1,1,29,0,0,0,FALSE,0
505,1997,5,11,5/11/1997,15:30:00,America/Chicago,1997-05-11T20:30:00Z,CA,6,1,0,0,NA,34.52,-117.2,34.52,-117.2,0.2,40,1,1,71,0,0,0,FALSE,0
692,1997,5,18,5/18/1997,17:37:00,America/Chicago,1997-05-18T22:37:00Z,CA,6,1,0,0,NA,34.63,-117.23,34.6,-117.18,3.5,100,1,1,71,0,0,0,FALSE,0
1147,1997,5,18,5/18/1997,17:50:00,America/Chicago,1997-05-18T22:50:00Z,CA,6,1,0,0,NA,34.6,-117.18,34.63,-117.03,9,40,1,1,71,0,0,0,FALSE,0
176,1997,5,20,5/20/1997,18:45:00,America/Chicago,1997-05-20T23:45:00Z,CA,6,0,0,0,NA,33.25,-116.27,33.25,-116.27,0.1,23,1,1,73,0,0,0,FALSE,0
264,1997,6,6,6/6/1997,19:00:00,America/Chicago,1997-06-07T00:00:00Z,CA,6,0,0,0,NA,34.42,-117.3,34.42,-117.3,0.2,20,1,1,71,0,0,0,FALSE,0
874,1997,7,21,7/21/1997,17:55:00,America/Chicago,1997-07-21T22:55:00Z,CA,6,0,0,0,NA,34.58,-118.12,34.58,-118.12,0.1,10,1,1,37,0,0,0,FALSE,0
614,1997,8,7,8/7/1997,19:33:00,America/Chicago,1997-08-08T00:33:00Z,CA,6,0,0,0,NA,34.6,-114.6,34.6,-114.6,0.1,23,1,1,71,0,0,0,FALSE,0
639,1997,9,24,9/24/1997,17:14:00,America/Chicago,1997-09-24T22:14:00Z,CA,6,0,0,0,NA,32.78,-115.67,32.8,-115.68,1.5,23,1,1,25,0,0,0,FALSE,0
1398,1998,12,5,12/5/1998,17:57:00,America/Chicago,1998-12-05T23:57:00Z,CA,6,1,0,0,NA,39.42,-123.82,39.42,-123.8,1.7,50,1,1,45,0,0,0,FALSE,0
1400,1998,12,5,12/5/1998,20:20:00,America/Chicago,1998-12-06T02:20:00Z,CA,6,1,0,0,1000000,38.45,-122.7,38.45,-122.7,1.5,150,1,1,97,0,0,0,FALSE,0
1401,1998,12,5,12/5/1998,21:30:00,America/Chicago,1998-12-06T03:30:00Z,CA,6,0,0,0,200000,37.93,-122.35,37.93,-122.35,1.5,150,1,1,13,0,0,0,FALSE,0
1402,1998,12,5,12/5/1998,22:30:00,America/Chicago,1998-12-06T04:30:00Z,CA,6,0,0,0,50000,36.98,-122.02,36.98,-122.02,1,100,1,1,87,0,0,0,FALSE,0
15,1998,1,29,1/29/1998,13:12:00,America/Chicago,1998-01-29T19:12:00Z,CA,6,1,0,0,NA,33.05,-117.3,33.05,-117.3,0.5,40,1,1,73,0,0,0,FALSE,0
12,1998,1,9,1/9/1998,16:00:00,America/Chicago,1998-01-09T22:00:00Z,CA,6,1,1,0,NA,33.78,-118.17,33.78,-118.17,1.5,30,1,1,37,0,0,0,FALSE,1
815,1998,2,14,2/14/1998,15:25:00,America/Chicago,1998-02-14T21:25:00Z,CA,6,0,0,0,NA,37.07,-120.77,37.07,-120.77,0.1,30,1,1,47,0,0,0,FALSE,0
814,1998,2,14,2/14/1998,16:41:00,America/Chicago,1998-02-14T22:41:00Z,CA,6,1,0,0,100000,36.87,-120.48,36.85,-120.43,3,30,1,1,19,0,0,0,FALSE,0
921,1998,2,19,2/19/1998,14:30:00,America/Chicago,1998-02-19T20:30:00Z,CA,6,0,0,0,50000,37.93,-121.7,37.93,-121.7,0.2,30,1,1,13,0,0,0,FALSE,0
30,1998,2,24,2/24/1998,03:30:00,America/Chicago,1998-02-24T09:30:00Z,CA,6,0,0,0,20000,33.67,-118,33.67,-118,0.3,30,1,1,59,0,0,0,FALSE,0
919,1998,2,6,2/6/1998,18:00:00,America/Chicago,1998-02-07T00:00:00Z,CA,6,0,0,0,100000,37.37,-122.03,37.37,-122.03,0.1,30,1,1,85,0,0,0,FALSE,0
920,1998,2,7,2/7/1998,16:00:00,America/Chicago,1998-02-07T22:00:00Z,CA,6,0,0,0,NA,37.47,-122.43,37.47,-122.43,0.2,50,1,1,81,0,0,0,FALSE,0
29,1998,2,8,2/8/1998,02:00:00,America/Chicago,1998-02-08T08:00:00Z,CA,6,0,0,0,NA,33.03,-117.28,33.02,-117.2,3,30,1,1,73,0,0,0,FALSE,0
91,1998,3,24,3/24/1998,15:46:00,America/Chicago,1998-03-24T21:46:00Z,CA,6,0,0,0,10000,37.08,-120.35,37.1,-120.32,2,30,1,1,39,0,0,0,FALSE,0
92,1998,3,28,3/28/1998,18:35:00,America/Chicago,1998-03-29T00:35:00Z,CA,6,0,0,0,NA,37.12,-120.25,37.12,-120.25,0.3,30,1,1,39,0,0,0,FALSE,0
536,1998,3,28,3/28/1998,19:20:00,America/Chicago,1998-03-29T01:20:00Z,CA,6,0,0,0,1000,37.67,-121.33,37.67,-121.33,0.1,30,1,1,77,0,0,0,FALSE,0
537,1998,4,24,4/24/1998,15:30:00,America/Chicago,1998-04-24T20:30:00Z,CA,6,0,0,0,10000,38.63,-121.38,38.63,-121.38,0.1,30,1,1,67,0,0,0,FALSE,0
538,1998,5,12,5/12/1998,17:30:00,America/Chicago,1998-05-12T22:30:00Z,CA,6,0,0,0,NA,38.2,-122.02,38.2,-122.02,0.2,30,1,1,95,0,0,0,FALSE,0
216,1998,5,13,5/13/1998,11:05:00,America/Chicago,1998-05-13T16:05:00Z,CA,6,0,0,0,NA,34.22,-119.08,34.22,-119.08,0.1,30,1,1,111,0,0,0,FALSE,0
170,1998,5,13,5/13/1998,16:45:00,America/Chicago,1998-05-13T21:45:00Z,CA,6,0,0,0,NA,33.73,-117.12,33.73,-117.12,0.2,40,1,1,65,0,0,0,FALSE,0
539,1998,5,16,5/16/1998,15:25:00,America/Chicago,1998-05-16T20:25:00Z,CA,6,0,0,0,NA,39.5,-121.75,39.5,-121.75,0.1,30,1,1,7,0,0,0,FALSE,0
215,1998,5,5,5/5/1998,06:40:00,America/Chicago,1998-05-05T11:40:00Z,CA,6,0,0,0,NA,35.28,-120.67,35.28,-120.67,0.3,30,1,1,79,0,0,0,FALSE,0
1003,1998,5,5,5/5/1998,18:30:00,America/Chicago,1998-05-05T23:30:00Z,CA,6,1,1,0,300000,37.38,-122.12,37.38,-122.12,0.3,80,1,1,85,0,0,0,FALSE,1
1002,1998,5,5,5/5/1998,18:43:00,America/Chicago,1998-05-05T23:43:00Z,CA,6,2,1,0,3800000,37.37,-122.03,37.37,-122.03,0.6,100,1,1,85,0,0,0,FALSE,1
603,1998,8,25,8/25/1998,13:20:00,America/Chicago,1998-08-25T18:20:00Z,CA,6,0,0,0,NA,35.42,-115.33,35.43,-115.32,1,30,1,1,71,0,0,0,FALSE,0
173,1999,4,1,4/1/1999,16:00:00,America/Chicago,1999-04-01T22:00:00Z,CA,6,0,0,0,NA,34.25,-118.6,34.25,-118.6,0.1,0,1,1,37,0,0,0,FALSE,0
221,1999,4,3,4/3/1999,18:30:00,America/Chicago,1999-04-04T00:30:00Z,CA,6,0,0,0,3000,35.35,-118.97,35.35,-118.97,0.1,10,1,1,29,0,0,0,FALSE,0
533,1999,7,12,7/12/1999,19:45:00,America/Chicago,1999-07-13T00:45:00Z,CA,6,0,0,0,30000,33.08,-116.48,33.08,-116.48,0.1,30,1,1,73,0,0,0,FALSE,0
567,2000,11,10,11/10/2000,11:30:00,America/Chicago,2000-11-10T17:30:00Z,CA,6,1,0,0,70000,32.95,-117.02,32.95,-117,0.4,30,1,1,73,0,0,0,FALSE,0
11,2000,2,16,2/16/2000,18:30:00,America/Chicago,2000-02-17T00:30:00Z,CA,6,0,0,0,NA,34.08,-117.88,34.08,-117.88,0.5,10,1,1,37,0,0,0,FALSE,0
48,2000,2,27,2/27/2000,15:37:00,America/Chicago,2000-02-27T21:37:00Z,CA,6,0,0,0,NA,36.87,-120.2,36.87,-120.18,1,50,1,1,39,0,0,0,FALSE,0
49,2000,2,27,2/27/2000,15:59:00,America/Chicago,2000-02-27T21:59:00Z,CA,6,0,0,0,NA,36.7,-120.12,36.7,-120.12,0.5,20,1,1,19,0,0,0,FALSE,0
50,2000,2,27,2/27/2000,16:10:00,America/Chicago,2000-02-27T22:10:00Z,CA,6,0,0,0,NA,36.6,-119.87,36.6,-119.87,0.5,20,1,1,19,0,0,0,FALSE,0
51,2000,2,27,2/27/2000,17:17:00,America/Chicago,2000-02-27T23:17:00Z,CA,6,0,0,0,NA,36.65,-119.77,36.65,-119.77,0.2,20,1,1,19,0,0,0,FALSE,0
475,2000,7,5,7/5/2000,19:15:00,America/Chicago,2000-07-06T00:15:00Z,CA,6,0,0,0,NA,39.68,-122.3,39.68,-122.28,0.2,0,1,1,21,0,0,0,FALSE,0
408,2000,8,28,8/28/2000,15:45:00,America/Chicago,2000-08-28T20:45:00Z,CA,6,0,0,0,NA,34.55,-117.98,34.55,-117.98,0.1,0,1,1,37,0,0,0,FALSE,0
467,2000,8,30,8/30/2000,20:45:00,America/Chicago,2000-08-31T01:45:00Z,CA,6,0,0,0,NA,33,-115.07,33,-115.07,3,50,1,1,25,0,0,0,FALSE,0
521,2001,11,29,11/29/2001,13:00:00,America/Chicago,2001-11-29T19:00:00Z,CA,6,0,0,0,NA,34.95,-120.43,34.95,-120.43,0.1,2,1,1,83,0,0,0,FALSE,0
573,2001,12,20,12/20/2001,18:45:00,America/Chicago,2001-12-21T00:45:00Z,CA,6,1,0,0,250000,36.97,-121.78,36.97,-121.75,0.5,60,1,1,87,0,0,0,FALSE,0
570,2001,12,21,12/21/2001,02:40:00,America/Chicago,2001-12-21T08:40:00Z,CA,6,0,0,0,NA,34.02,-117.87,34.02,-117.87,0.1,10,1,1,37,0,0,0,FALSE,0
4,2001,2,24,2/24/2001,15:50:00,America/Chicago,2001-02-24T21:50:00Z,CA,6,0,0,0,50000,33.78,-117.83,33.78,-117.83,0.1,100,1,1,59,0,0,0,FALSE,0
431,2001,4,21,4/21/2001,13:35:00,America/Chicago,2001-04-21T18:35:00Z,CA,6,1,0,0,NA,34.9,-114.62,35.12,-114.62,3,50,3,0,0,0,0,0,FALSE,0
98,2001,4,7,4/7/2001,21:58:00,America/Chicago,2001-04-08T02:58:00Z,CA,6,0,0,0,150000,36.82,-119.7,36.82,-119.7,0.3,10,1,1,19,0,0,0,FALSE,0
288,2001,7,7,7/7/2001,14:45:00,America/Chicago,2001-07-07T19:45:00Z,CA,6,0,0,0,10000,34.13,-116.32,34.13,-116.32,1,0,1,1,71,0,0,0,FALSE,0
599,2002,12,16,12/16/2002,14:40:00,America/Chicago,2002-12-16T20:40:00Z,CA,6,1,0,0,400000,37.33,-120.52,37.35,-120.48,1.3,45,1,1,47,0,0,0,FALSE,0
469,2002,12,16,12/16/2002,14:50:00,America/Chicago,2002-12-16T20:50:00Z,CA,6,0,0,0,NA,37.35,-120.43,37.37,-120.42,1,45,1,1,47,0,0,0,FALSE,0
98,2002,5,20,5/20/2002,16:59:00,America/Chicago,2002-05-20T21:59:00Z,CA,6,1,0,0,130000,36.93,-120.12,36.93,-120.05,2.7,40,1,1,39,0,0,0,FALSE,0
619,2004,10,17,10/17/2004,08:08:00,America/Chicago,2004-10-17T13:08:00Z,CA,6,0,0,0,20000,33.2,-117.38,33.2,-117.38,0.2,25,1,1,73,0,0,0,FALSE,0
626,2004,10,20,10/20/2004,15:05:00,America/Chicago,2004-10-20T20:05:00Z,CA,6,0,0,0,NA,36.48,-119.32,36.48,-119.32,0.5,15,1,1,107,0,0,0,FALSE,0
72,2004,12,29,12/29/2004,00:40:00,America/Chicago,2004-12-29T06:40:00Z,CA,6,0,0,0,NA,33.78,-118.17,33.78,-118.17,1,5,1,1,37,0,0,0,FALSE,0
71,2004,12,29,12/29/2004,02:15:00,America/Chicago,2004-12-29T08:15:00Z,CA,6,0,0,0,NA,33.97,-118.3,33.97,-118.3,0.5,5,1,1,37,0,0,0,FALSE,0
824,2004,12,29,12/29/2004,02:15:00,America/Chicago,2004-12-29T08:15:00Z,CA,6,0,0,0,NA,33.95,-118.03,33.95,-118.03,0.5,5,1,1,37,0,0,0,FALSE,0
717,2004,12,29,12/29/2004,14:10:00,America/Chicago,2004-12-29T20:10:00Z,CA,6,0,0,0,3000,38.45,-122.7,38.45,-122.7,0.2,3,1,1,97,0,0,0,FALSE,0
9,2004,2,2,2/2/2004,17:00:00,America/Chicago,2004-02-02T23:00:00Z,CA,6,0,0,0,NA,35.1,-120.63,35.1,-120.63,0.5,5,1,1,79,0,0,0,FALSE,0
225,2004,7,7,7/7/2004,17:32:00,America/Chicago,2004-07-07T22:32:00Z,CA,6,0,0,0,NA,36.63,-118.35,36.63,-118.35,0,40,1,1,107,0,0,0,FALSE,0
1517,2004,8,14,8/14/2004,13:18:00,America/Chicago,2004-08-14T18:18:00Z,CA,6,0,0,0,NA,34.3,-116.55,34.3,-116.55,1,200,1,1,71,0,0,0,FALSE,0
1516,2004,8,14,8/14/2004,13:40:00,America/Chicago,2004-08-14T18:40:00Z,CA,6,0,0,0,NA,34.42,-117.57,34.42,-117.57,1,800,1,1,71,0,0,0,FALSE,0
612,2005,12,26,12/26/2005,04:45:00,America/Chicago,2005-12-26T10:45:00Z,CA,6,0,0,0,20000,37.75,-121.43,37.75,-121.43,0.3,0,1,1,77,0,0,0,FALSE,0
10,2005,1,10,1/10/2005,08:45:00,America/Chicago,2005-01-10T14:45:00Z,CA,6,0,0,0,NA,34.23,-119.17,34.23,-119.17,0.1,1,1,1,111,0,0,0,FALSE,0
418,2005,1,11,1/11/2005,08:50:00,America/Chicago,2005-01-11T14:50:00Z,CA,6,0,0,0,NA,38.37,-121.98,38.37,-121.98,0.1,0,1,1,95,0,0,0,FALSE,0
9,2005,1,27,1/27/2005,21:30:00,America/Chicago,2005-01-28T03:30:00Z,CA,6,1,0,0,150000,38.62,-123.12,38.62,-123.12,0.5,25,1,1,97,0,0,0,FALSE,0
417,2005,1,8,1/8/2005,18:45:00,America/Chicago,2005-01-09T00:45:00Z,CA,6,1,0,0,20000,39.45,-121.57,39.45,-121.57,0.1,0,1,1,7,0,0,0,FALSE,0
11,2005,1,9,1/9/2005,19:11:00,America/Chicago,2005-01-10T01:11:00Z,CA,6,0,0,0,10000,33.72,-116.97,33.72,-116.97,0.1,25,1,1,65,0,0,0,FALSE,0
16,2005,2,19,2/19/2005,09:42:00,America/Chicago,2005-02-19T15:42:00Z,CA,6,0,0,0,10000,33.67,-118,33.67,-118,0.2,20,1,1,59,0,0,0,FALSE,0
634,2005,2,19,2/19/2005,11:17:00,America/Chicago,2005-02-19T17:17:00Z,CA,6,0,0,0,50000,33.35,-117.28,33.38,-117.25,2.5,25,1,1,73,0,0,0,FALSE,0
635,2005,2,19,2/19/2005,11:30:00,America/Chicago,2005-02-19T17:30:00Z,CA,6,0,0,0,30000,33.42,-117.15,33.42,-117.15,2.2,15,1,1,73,0,0,0,FALSE,0
636,2005,2,19,2/19/2005,11:35:00,America/Chicago,2005-02-19T17:35:00Z,CA,6,1,0,0,100000,33.48,-117.17,33.5,-117.15,2.8,25,1,1,65,0,0,0,FALSE,0
421,2005,2,21,2/21/2005,15:30:00,America/Chicago,2005-02-21T21:30:00Z,CA,6,0,0,0,2000,38.58,-121.53,38.58,-121.53,0.1,0,1,1,113,0,0,0,FALSE,0
420,2005,2,21,2/21/2005,15:50:00,America/Chicago,2005-02-21T21:50:00Z,CA,6,0,0,0,NA,38.57,-121.45,38.57,-121.45,0.1,0,1,1,67,0,0,0,FALSE,0
419,2005,2,21,2/21/2005,15:54:00,America/Chicago,2005-02-21T21:54:00Z,CA,6,0,0,0,650000,38.62,-121.47,38.62,-121.47,0.3,0,1,1,67,0,0,0,FALSE,0
17,2005,2,23,2/23/2005,12:50:00,America/Chicago,2005-02-23T18:50:00Z,CA,6,0,0,0,NA,32.63,-117.08,32.63,-117.08,0.1,10,1,1,73,0,0,0,FALSE,0
18,2005,2,26,2/26/2005,17:00:00,America/Chicago,2005-02-26T23:00:00Z,CA,6,0,0,0,NA,33.7,-117.3,33.7,-117.3,2,15,1,1,65,0,0,0,FALSE,0
422,2005,3,20,3/20/2005,13:20:00,America/Chicago,2005-03-20T19:20:00Z,CA,6,0,0,0,1000,38.88,-122.03,38.88,-122.02,1.2,0,1,1,113,0,0,0,FALSE,0
423,2005,3,20,3/20/2005,15:20:00,America/Chicago,2005-03-20T21:20:00Z,CA,6,0,0,0,NA,37.65,-121,37.65,-121,0.1,0,1,1,99,0,0,0,FALSE,0
23,2005,3,20,3/20/2005,17:35:00,America/Chicago,2005-03-20T23:35:00Z,CA,6,1,0,0,800000,37.65,-122.42,37.65,-122.42,3,30,1,1,81,0,0,0,FALSE,0
424,2005,3,29,3/29/2005,18:15:00,America/Chicago,2005-03-30T00:15:00Z,CA,6,0,0,0,NA,39.13,-121.62,39.13,-121.62,0.2,0,1,1,101,0,0,0,FALSE,0
25,2005,3,4,3/4/2005,14:20:00,America/Chicago,2005-03-04T20:20:00Z,CA,6,0,0,0,20000,34.1,-117.43,34.1,-117.43,0.5,15,1,1,71,0,0,0,FALSE,0
428,2005,4,8,4/8/2005,15:12:00,America/Chicago,2005-04-08T20:12:00Z,CA,6,0,0,0,10000,37.82,-121.3,37.83,-121.25,1.5,0,1,1,77,0,0,0,FALSE,0
425,2005,4,8,4/8/2005,16:55:00,America/Chicago,2005-04-08T21:55:00Z,CA,6,0,0,0,NA,38.5,-121.3,38.5,-121.3,0.1,0,1,1,67,0,0,0,FALSE,0
427,2005,4,8,4/8/2005,17:05:00,America/Chicago,2005-04-08T22:05:00Z,CA,6,0,0,0,10000,39.62,-121.8,39.63,-121.8,0.1,0,1,1,7,0,0,0,FALSE,0
426,2005,4,8,4/8/2005,17:22:00,America/Chicago,2005-04-08T22:22:00Z,CA,6,0,0,0,30000,38.67,-121.47,38.67,-121.47,0.1,0,1,1,67,0,0,0,FALSE,0
83,2005,4,8,4/8/2005,19:20:00,America/Chicago,2005-04-09T00:20:00Z,CA,6,0,0,0,30000,37.45,-120.72,37.45,-120.7,1.2,50,1,1,47,0,0,0,FALSE,0
97,2005,5,9,5/9/2005,12:18:00,America/Chicago,2005-05-09T17:18:00Z,CA,6,0,0,0,NA,36.63,-119.68,36.63,-119.68,0,25,1,1,19,0,0,0,FALSE,0
429,2005,5,9,5/9/2005,16:30:00,America/Chicago,2005-05-09T21:30:00Z,CA,6,0,0,0,90000,39.1,-121.67,39.1,-121.65,1,0,1,1,101,0,0,0,FALSE,0
316,2005,6,6,6/6/2005,16:30:00,America/Chicago,2005-06-06T21:30:00Z,CA,6,0,0,0,NA,39.62,-122.2,39.62,-122.2,0.1,6,1,1,21,0,0,0,FALSE,0
249,2005,7,23,7/23/2005,15:06:00,America/Chicago,2005-07-23T20:06:00Z,CA,6,0,0,0,2000,33.73,-116.95,33.72,-117,2,50,1,1,65,0,0,0,FALSE,0
337,2005,8,15,8/15/2005,19:53:00,America/Chicago,2005-08-16T00:53:00Z,CA,6,0,0,0,NA,34.72,-117.98,34.72,-117.98,0.1,33,1,1,37,0,0,0,FALSE,0
42,2006,1,14,1/14/2006,16:25:00,America/Chicago,2006-01-14T22:25:00Z,CA,6,0,0,0,NA,37.53,-120.28,37.53,-120.28,0.1,25,1,1,43,0,0,0,FALSE,0
69,2006,3,10,3/10/2006,18:38:00,America/Chicago,2006-03-11T00:38:00Z,CA,6,0,0,0,2000,33.05,-117.3,33.05,-117.3,0.2,15,1,1,73,0,0,0,FALSE,0
71,2006,3,11,3/11/2006,14:11:00,America/Chicago,2006-03-11T20:11:00Z,CA,6,0,0,0,30000,33.1,-116.93,33.1,-116.87,2,45,1,1,73,0,0,0,FALSE,0
173,2006,3,28,3/28/2006,16:42:00,America/Chicago,2006-03-28T22:42:00Z,CA,6,0,0,0,10000,37.33,-120.63,37.35,-120.63,0.2,20,1,1,47,0,0,0,FALSE,0
174,2006,3,28,3/28/2006,16:48:00,America/Chicago,2006-03-28T22:48:00Z,CA,6,0,0,0,10000,37.28,-120.47,37.3,-120.47,0.2,30,1,1,47,0,0,0,FALSE,0
175,2006,3,28,3/28/2006,17:17:00,America/Chicago,2006-03-28T23:17:00Z,CA,6,0,0,0,10000,37.32,-120.53,37.32,-120.53,0.1,20,1,1,47,0,0,0,FALSE,0
176,2006,3,29,3/29/2006,14:55:00,America/Chicago,2006-03-29T20:55:00Z,CA,6,0,0,0,NA,34.63,-120.45,34.63,-120.45,0,4,1,1,83,0,0,0,FALSE,0
370,2006,4,14,4/14/2006,17:35:00,America/Chicago,2006-04-14T22:35:00Z,CA,6,1,0,0,10000,37.65,-121,37.65,-121,0.5,0,1,1,99,0,0,0,FALSE,0
755,2006,7,23,7/23/2006,17:15:00,America/Chicago,2006-07-23T22:15:00Z,CA,6,0,0,0,30000,33.73,-117.15,33.73,-117.15,1,20,1,1,65,0,0,0,FALSE,0
64,2007,2,25,2/25/2007,14:24:00,America/Chicago,2007-02-25T20:24:00Z,CA,6,0,0,0,2000,38.39,-121.37,38.41,-121.37,1,5,1,1,67,0,0,0,FALSE,0
281,2007,4,14,4/14/2007,18:05:00,America/Chicago,2007-04-14T23:05:00Z,CA,6,0,0,0,1000,37,-121.6,37,-121.6,0.2,30,1,1,85,0,0,0,FALSE,0
970,2007,9,22,9/22/2007,12:00:00,America/Chicago,2007-09-22T17:00:00Z,CA,6,0,0,0,NA,33.62,-117.93,33.62,-117.93,0.1,15,1,1,59,0,0,0,FALSE,0
971,2007,9,22,9/22/2007,13:43:00,America/Chicago,2007-09-22T18:43:00Z,CA,6,0,0,0,NA,33.02,-117.29,33.03,-117.29,0.1,15,1,1,73,0,0,0,FALSE,0
935,2007,9,1,9/1/2007,17:20:00,America/Chicago,2007-09-01T22:20:00Z,CA,6,0,0,0,NA,34.65,-118.12,34.65,-118.12,0.05,10,1,1,37,0,0,0,FALSE,0
936,2007,9,1,9/1/2007,17:30:00,America/Chicago,2007-09-01T22:30:00Z,CA,6,0,0,0,175000,34.84,-118.21,35.02,-118.16,13.05,75,1,1,29,0,0,0,FALSE,0
75,2008,1,24,1/24/2008,21:15:00,America/Chicago,2008-01-25T03:15:00Z,CA,6,0,0,0,NA,34.12,-119.12,0,0,0.1,5,1,1,111,0,0,0,FALSE,0
76,2008,1,27,1/27/2008,14:10:00,America/Chicago,2008-01-27T20:10:00Z,CA,6,0,0,0,750000,36.33,-119.36,36.34,-119.33,2.03,50,1,1,107,0,0,0,FALSE,0
789,2008,5,22,5/22/2008,17:30:00,America/Chicago,2008-05-22T22:30:00Z,CA,6,0,0,0,NA,33.84,-117.23,33.84,-117.24,0.89,20,1,1,65,0,0,0,FALSE,0
792,2008,5,22,5/22/2008,17:42:00,America/Chicago,2008-05-22T22:42:00Z,CA,6,2,1,0,350000,33.88,-117.25,33.86,-117.29,2.8,75,1,1,65,0,0,0,FALSE,1
793,2008,5,22,5/22/2008,17:50:00,America/Chicago,2008-05-22T22:50:00Z,CA,6,0,0,0,NA,33.87,-117.27,33.87,-117.28,0.96,20,1,1,65,0,0,0,FALSE,0
794,2008,5,22,5/22/2008,18:40:00,America/Chicago,2008-05-22T23:40:00Z,CA,6,0,0,0,NA,33.8,-117.34,33.8,-117.35,0.36,10,1,1,65,0,0,0,FALSE,0
1397,2008,8,4,8/4/2008,15:00:00,America/Chicago,2008-08-04T20:00:00Z,CA,6,1,0,0,10000,34.35,-116.59,34.36,-116.58,1.08,100,1,1,71,0,0,0,FALSE,0
6,2009,1,24,1/24/2009,17:00:00,America/Chicago,2009-01-24T23:00:00Z,CA,6,0,0,0,100000,39.3602,-122.041,39.3602,-122.041,0.1,40,1,1,21,0,0,0,FALSE,0
7,2009,2,9,2/9/2009,13:32:00,America/Chicago,2009-02-09T19:32:00Z,CA,6,0,0,0,NA,37.21,-120.6,37.21,-120.6,0.1,20,1,1,47,0,0,0,FALSE,0
1,2010,1,18,1/18/2010,17:24:00,America/Chicago,2010-01-18T23:24:00Z,CA,6,0,0,0,NA,36.73,-119.86,36.7315,-119.841,0.53,15,1,1,19,0,0,0,FALSE,0
2,2010,1,19,1/19/2010,12:32:00,America/Chicago,2010-01-19T18:32:00Z,CA,6,0,0,0,NA,34.4248,-119.877,34.4268,-119.877,0.14,10,1,1,83,0,0,0,FALSE,0
3,2010,1,19,1/19/2010,14:55:00,America/Chicago,2010-01-19T20:55:00Z,CA,6,1,0,0,500000,33.716,-118.125,33.7298,-118.046,4.62,25,1,1,59,0,0,0,FALSE,0
23,2010,1,21,1/21/2010,14:25:00,America/Chicago,2010-01-21T20:25:00Z,CA,6,0,0,0,NA,34.2518,-119.195,34.2664,-119.175,1.51,67,1,1,111,0,0,0,FALSE,0
25,2010,1,21,1/21/2010,17:10:00,America/Chicago,2010-01-21T23:10:00Z,CA,6,0,0,0,3000000,33.5105,-114.745,33.6524,-114.565,14.26,100,1,1,65,0,0,0,FALSE,0
29,2010,1,23,1/23/2010,14:54:00,America/Chicago,2010-01-23T20:54:00Z,CA,6,1,0,0,25000,37.9132,-121.766,37.9003,-121.741,1.64,2,1,1,13,0,0,0,FALSE,0
31,2010,2,27,2/27/2010,18:45:00,America/Chicago,2010-02-28T00:45:00Z,CA,6,0,0,0,NA,35.3,-119.27,35.3,-119.27,0.5,20,1,1,29,0,0,0,FALSE,0
34,2010,3,8,3/8/2010,18:25:00,America/Chicago,2010-03-09T00:25:00Z,CA,6,0,0,0,50000,39.73,-122.55,39.73,-122.55,0.25,20,1,1,21,0,0,0,FALSE,0
299798,2011,2,25,2/25/2011,17:00:00,America/Chicago,2011-02-25T23:00:00Z,CA,6,0,0,0,18000,38.5647,-121.296,38.5671,-121.29,0.35,10,1,1,67,0,0,0,FALSE,0
290104,2011,3,18,3/18/2011,11:15:00,America/Chicago,2011-03-18T16:15:00Z,CA,6,1,0,0,50000,38.4525,-122.708,38.4525,-122.708,0.1,100,1,1,97,0,0,0,FALSE,0
299794,2011,3,21,3/21/2011,16:44:00,America/Chicago,2011-03-21T21:44:00Z,CA,6,0,0,0,NA,39.28,-122.237,39.28,-122.233,0.25,10,1,1,11,0,0,0,FALSE,0
299795,2011,3,23,3/23/2011,17:00:00,America/Chicago,2011-03-23T22:00:00Z,CA,6,0,0,0,70000,39.145,-122.167,39.16,-122.161,1.09,10,1,1,11,0,0,0,FALSE,0
299796,2011,4,7,4/7/2011,17:52:00,America/Chicago,2011-04-07T22:52:00Z,CA,6,0,0,0,26000,38.2445,-122.121,38.246,-122.121,0.11,10,1,1,95,0,0,0,FALSE,0
299806,2011,5,25,5/25/2011,18:08:00,America/Chicago,2011-05-25T23:08:00Z,CA,6,1,0,0,200000,39.62,-122.162,39.7168,-121.775,21.65,120,1,1,21,0,0,0,FALSE,0
299818,2011,5,25,5/25/2011,18:12:00,America/Chicago,2011-05-25T23:12:00Z,CA,6,1,0,0,150000,39.52,-122.2,39.6446,-121.732,26.37,120,1,1,21,0,0,0,FALSE,0
299822,2011,5,25,5/25/2011,19:45:00,America/Chicago,2011-05-26T00:45:00Z,CA,6,2,0,0,120000,39.598,-121.621,39.5986,-121.617,0.21,10,1,1,7,0,0,0,FALSE,0
299833,2011,6,1,6/1/2011,19:30:00,America/Chicago,2011-06-02T00:30:00Z,CA,6,0,0,0,NA,39.1832,-121.672,39.248,-121.625,5.13,10,1,1,101,0,0,0,FALSE,0
411507,2012,10,22,10/22/2012,16:03:00,America/Chicago,2012-10-22T21:03:00Z,CA,6,1,0,0,NA,39.0621,-121.63,39.0906,-121.623,2,100,1,1,101,0,0,0,FALSE,0
411518,2012,10,22,10/22/2012,16:30:00,America/Chicago,2012-10-22T21:30:00Z,CA,6,1,0,0,NA,39.0791,-121.527,39.0824,-121.524,0.29,100,1,1,115,0,0,0,FALSE,0
411519,2012,10,22,10/22/2012,17:10:00,America/Chicago,2012-10-22T22:10:00Z,CA,6,0,0,0,NA,39.235,-121.456,39.239,-121.451,0.38,50,1,1,115,0,0,0,FALSE,0
411522,2012,10,22,10/22/2012,17:45:00,America/Chicago,2012-10-22T22:45:00Z,CA,6,0,0,0,NA,38.387,-121.35,38.4,-121.341,1.02,100,1,1,67,0,0,0,FALSE,0
411526,2012,10,22,10/22/2012,18:28:00,America/Chicago,2012-10-22T23:28:00Z,CA,6,1,0,0,NA,39.045,-121.091,39.091,-121.045,4.02,100,1,1,57,0,0,0,FALSE,0
418500,2012,11,30,11/30/2012,14:45:00,America/Chicago,2012-11-30T20:45:00Z,CA,6,0,0,0,NA,36.9478,-118.229,36.9447,-118.2,1.64,100,1,1,27,0,0,0,FALSE,0
420139,2012,11,9,11/9/2012,14:55:00,America/Chicago,2012-11-09T20:55:00Z,CA,6,0,0,0,NA,36.1104,-119.289,36.1087,-119.284,0.27,30,1,1,107,0,0,0,FALSE,0
425184,2012,12,22,12/22/2012,08:59:00,America/Chicago,2012-12-22T14:59:00Z,CA,6,0,0,0,40000,36.88,-121.83,36.9,-121.82,1.07,20,1,1,87,0,0,0,FALSE,0
430360,2012,3,17,3/17/2012,16:30:00,America/Chicago,2012-03-17T21:30:00Z,CA,6,0,0,0,NA,36.63,-120.32,36.63,-120.32,0.01,50,1,1,19,0,0,0,FALSE,0
374196,2012,4,11,4/11/2012,15:00:00,America/Chicago,2012-04-11T20:00:00Z,CA,6,0,0,0,10000,37.8778,-121.333,37.8778,-121.333,0.25,5,1,1,77,0,0,0,FALSE,0
399980,2012,8,12,8/12/2012,16:30:00,America/Chicago,2012-08-12T21:30:00Z,CA,6,0,0,0,NA,33.7689,-117.198,33.7689,-117.198,0.5,50,1,1,65,0,0,0,FALSE,0
411603,2012,9,9,9/9/2012,15:00:00,America/Chicago,2012-09-09T20:00:00Z,CA,6,0,0,0,NA,33.78,-117.23,33.78,-117.23,0.01,10,1,1,65,0,0,0,FALSE,0
426457,2013,2,19,2/19/2013,15:28:00,America/Chicago,2013-02-19T21:28:00Z,CA,6,0,0,0,20000,40.0531,-122.143,40.0464,-122.147,0.5,50,1,1,103,0,0,0,FALSE,0
426458,2013,2,19,2/19/2013,16:00:00,America/Chicago,2013-02-19T22:00:00Z,CA,6,0,0,0,NA,39.2448,-122.256,39.243,-122.252,0.26,50,1,1,11,0,0,0,FALSE,0
439895,2013,4,4,4/4/2013,19:59:00,America/Chicago,2013-04-05T00:59:00Z,CA,6,0,0,0,NA,40.1541,-122.219,40.158,-122.204,0.82,50,1,1,103,0,0,0,FALSE,0
473542,2013,8,18,8/18/2013,15:00:00,America/Chicago,2013-08-18T20:00:00Z,CA,6,0,0,0,NA,34.7524,-117.323,34.7569,-117.306,1.02,3,1,1,71,0,0,0,FALSE,0
553278,2014,12,12,12/12/2014,11:20:00,America/Chicago,2014-12-12T17:20:00Z,CA,6,0,0,0,NA,33.9823,-118.291,33.9904,-118.283,0.73,10,1,1,37,0,0,0,FALSE,0
500374,2014,2,28,2/28/2014,20:17:00,America/Chicago,2014-03-01T02:17:00Z,CA,6,0,0,0,NA,38.6297,-121.706,38.6386,-121.698,0.74,50,1,1,113,0,0,0,FALSE,0
508185,2014,3,25,3/25/2014,20:15:00,America/Chicago,2014-03-26T01:15:00Z,CA,6,0,0,0,NA,39.71,-121.67,39.7107,-121.665,0.26,10,1,1,7,0,0,0,FALSE,0
508192,2014,3,26,3/26/2014,18:24:00,America/Chicago,2014-03-26T23:24:00Z,CA,6,0,0,0,NA,38.8051,-121.534,38.8063,-121.522,0.63,25,1,1,101,0,0,0,FALSE,0
508187,2014,3,26,3/26/2014,18:30:00,America/Chicago,2014-03-26T23:30:00Z,CA,6,1,0,0,NA,39.5905,-122.089,39.5833,-122.08,0.7,50,1,1,21,0,0,0,FALSE,0
508189,2014,3,26,3/26/2014,18:33:00,America/Chicago,2014-03-26T23:33:00Z,CA,6,1,0,0,NA,39.5722,-122.099,39.5771,-122.083,0.95,50,1,1,21,0,0,0,FALSE,0
508190,2014,3,26,3/26/2014,18:45:00,America/Chicago,2014-03-26T23:45:00Z,CA,6,1,0,0,NA,39.5845,-122.145,39.5788,-122.153,0.58,50,1,1,21,0,0,0,FALSE,0
508191,2014,3,26,3/26/2014,19:10:00,America/Chicago,2014-03-27T00:10:00Z,CA,6,0,0,0,NA,38.7624,-121.416,38.776,-121.344,4.02,20,1,1,61,0,0,0,FALSE,0
508194,2014,3,29,3/29/2014,20:40:00,America/Chicago,2014-03-30T01:40:00Z,CA,6,0,0,0,NA,39.8435,-121.974,39.8435,-121.974,0.01,10,1,1,7,0,0,0,FALSE,0
605186,2015,10,17,10/17/2015,15:40:00,America/Chicago,2015-10-17T20:40:00Z,CA,6,0,0,0,NA,33.6971,-117.135,33.6969,-117.134,0.04,50,1,1,65,0,0,0,FALSE,0
605791,2015,11,15,11/15/2015,15:54:00,America/Chicago,2015-11-15T21:54:00Z,CA,6,1,0,0,1000000,37.5306,-120.812,37.528,-120.756,3.04,150,1,1,99,0,0,0,FALSE,0
605920,2015,12,24,12/24/2015,17:00:00,America/Chicago,2015-12-24T23:00:00Z,CA,6,1,0,0,1000000,38.705,-121.116,38.6919,-121.002,6.21,100,1,1,17,0,0,0,FALSE,0
611403,2015,12,24,12/24/2015,17:15:00,America/Chicago,2015-12-24T23:15:00Z,CA,6,0,0,0,20000,37.619,-120.957,37.6175,-120.953,0.23,30,1,1,99,0,0,0,FALSE,0
560640,2015,2,23,2/23/2015,13:40:00,America/Chicago,2015-02-23T19:40:00Z,CA,6,0,0,0,NA,35.48,-119.79,35.48,-119.79,0.5,50,1,1,29,0,0,0,FALSE,0
566125,2015,4,21,4/21/2015,16:50:00,America/Chicago,2015-04-21T21:50:00Z,CA,6,0,0,0,5000,33.8,-115.4,33.8,-115.4,10,200,1,1,65,0,0,0,FALSE,0
582518,2015,7,19,7/19/2015,18:00:00,America/Chicago,2015-07-19T23:00:00Z,CA,6,0,0,0,NA,34.2997,-116.401,34.3028,-116.4,0.24,50,1,1,71,0,0,0,FALSE,0
583622,2015,7,20,7/20/2015,19:45:00,America/Chicago,2015-07-21T00:45:00Z,CA,6,0,0,0,NA,39.9445,-120.015,39.9129,-120.004,3.15,20,1,1,35,0,0,0,FALSE,0
593507,2015,7,8,7/8/2015,22:05:00,America/Chicago,2015-07-09T03:05:00Z,CA,6,0,0,0,NA,38.9728,-120.071,38.9541,-120.027,2.68,10,1,1,17,0,0,0,FALSE,0
599391,2015,8,6,8/6/2015,21:15:00,America/Chicago,2015-08-07T02:15:00Z,CA,6,1,2,0,18000000,33.5646,-116.108,33.6005,-116.152,3.98,900,1,1,65,0,0,0,FALSE,2
613495,2016,1,6,1/6/2016,10:50:00,America/Chicago,2016-01-06T16:50:00Z,CA,6,0,0,0,NA,36.9381,-121.3815,36.9402,-121.3708,0.61,20,1,1,69,0,0,0,FALSE,0
613747,2016,4,22,4/22/2016,18:00:00,America/Chicago,2016-04-22T23:00:00Z,CA,6,0,0,0,NA,36.3011,-121.313,36.2985,-121.3101,0.24,15,1,1,53,0,0,0,FALSE,0
613808,2016,4,27,4/27/2016,16:24:00,America/Chicago,2016-04-27T21:24:00Z,CA,6,0,0,0,NA,38.5126,-122.1178,38.5127,-122.1144,0.19,10,1,1,55,0,0,0,FALSE,0
613812,2016,4,27,4/27/2016,17:31:00,America/Chicago,2016-04-27T22:31:00Z,CA,6,0,0,0,500,37.6233,-120.756,37.6233,-120.756,0.1,5,1,1,99,0,0,0,FALSE,0
614509,2017,1,11,1/11/2017,02:01:00,America/Chicago,2017-01-11T08:01:00Z,CA,6,0,0,0,25000,38.6267,-121.4805,38.6286,-121.4731,0.42,130,1,1,67,0,0,0,FALSE,0
614508,2017,1,9,1/9/2017,16:00:00,America/Chicago,2017-01-09T22:00:00Z,CA,6,0,0,0,NA,38.8491,-121.3272,38.8502,-121.3241,0.18,20,1,1,61,0,0,0,FALSE,0
615123,2017,5,7,5/7/2017,14:30:00,America/Chicago,2017-05-07T19:30:00Z,CA,6,0,0,0,NA,34.6207,-117.3743,34.6167,-117.375,0.01,50,1,1,71,0,0,0,FALSE,0
615913,2018,1,25,1/25/2018,18:40:00,America/Chicago,2018-01-26T00:40:00Z,CA,6,0,0,0,100,40.8081,-124.1631,40.8081,-124.1631,0.04,30,1,1,23,0,0,0,FALSE,0
615929,2018,2,12,2/12/2018,13:30:00,America/Chicago,2018-02-12T19:30:00Z,CA,6,0,0,0,NA,36.6685,-119.5134,36.6699,-119.5082,0.3,20,1,1,19,0,0,0,FALSE,0
615995,2018,3,21,3/21/2018,19:40:00,America/Chicago,2018-03-22T00:40:00Z,CA,6,0,0,0,1000,39.03,-121.52,39.03,-121.52,1,30,1,1,115,0,0,0,FALSE,0
615996,2018,3,22,3/22/2018,16:49:00,America/Chicago,2018-03-22T21:49:00Z,CA,6,0,0,0,NA,36.4864,-119.2519,36.4881,-119.2306,1.19,20,1,1,107,0,0,0,FALSE,0
615962,2018,3,3,3/3/2018,15:02:00,America/Chicago,2018-03-03T21:02:00Z,CA,6,0,0,0,NA,37.402,-118.395,37.402,-118.395,0.1,10,1,1,27,0,0,0,FALSE,0
616588,2018,8,16,8/16/2018,16:00:00,America/Chicago,2018-08-16T21:00:00Z,CA,6,0,0,0,NA,33.5624,-116.6855,33.5622,-116.6897,0.24,2,1,1,65,0,0,0,FALSE,0
618529,2019,12,25,12/25/2019,23:00:00,America/Chicago,2019-12-26T05:00:00Z,CA,6,0,0,0,NA,34.2356,-119.2588,34.246,-119.2664,0.84,7,1,1,111,0,0,0,FALSE,0
617031,2019,1,17,1/17/2019,17:20:00,America/Chicago,2019-01-17T23:20:00Z,CA,6,1,0,0,500000,36.84,-119.56,36.8403,-119.544,0.25,20,1,1,19,0,0,0,FALSE,0
617027,2019,1,6,1/6/2019,13:59:00,America/Chicago,2019-01-06T19:59:00Z,CA,6,0,0,0,NA,36.96,-122.04,36.96,-122.04,0.07,6,1,1,87,0,0,0,FALSE,0
617028,2019,1,6,1/6/2019,14:19:00,America/Chicago,2019-01-06T20:19:00Z,CA,6,0,0,0,NA,36.9569,-122.0181,36.9569,-122.0181,0.54,6,1,1,87,0,0,0,FALSE,0
617064,2019,2,15,2/15/2019,11:45:00,America/Chicago,2019-02-15T17:45:00Z,CA,6,0,0,0,NA,37.16,-119.81,37.1655,-119.8025,0.56,25,1,1,39,0,0,0,FALSE,0
617047,2019,2,2,2/2/2019,17:38:00,America/Chicago,2019-02-02T23:38:00Z,CA,6,0,0,0,NA,39.35,-122,39.3514,-121.9981,0.1,20,1,1,11,0,0,0,FALSE,0
617048,2019,2,2,2/2/2019,17:55:00,America/Chicago,2019-02-02T23:55:00Z,CA,6,0,0,0,NA,37.37,-119.97,37.3702,-119.9665,0.19,25,1,1,43,0,0,0,FALSE,0
617049,2019,2,2,2/2/2019,19:50:00,America/Chicago,2019-02-03T01:50:00Z,CA,6,0,0,0,5000,39.05,-121.65,39.0526,-121.6508,0.3,20,1,1,101,0,0,0,FALSE,0
617075,2019,3,2,3/2/2019,14:15:00,America/Chicago,2019-03-02T20:15:00Z,CA,6,0,0,0,20000,36.7574,-120.3926,36.7591,-120.3917,0.17,10,1,1,19,0,0,0,FALSE,0
617271,2019,4,16,4/16/2019,17:00:00,America/Chicago,2019-04-16T22:00:00Z,CA,6,0,0,0,2000,35.6129,-117.6405,35.6273,-117.6304,1.59,50,1,1,29,71,0,0,FALSE,0
617370,2019,4,22,4/22/2019,17:00:00,America/Chicago,2019-04-22T22:00:00Z,CA,6,NA,0,0,NA,32.6965,-116.5286,32.692,-116.5282,0.31,50,1,1,73,0,0,0,FALSE,0
617630,2019,5,19,5/19/2019,16:41:00,America/Chicago,2019-05-19T21:41:00Z,CA,6,0,0,0,NA,36.2,-119.99,36.2024,-119.9845,0.35,100,1,1,19,0,0,0,FALSE,0
617966,2019,6,2,6/2/2019,18:19:00,America/Chicago,2019-06-02T23:19:00Z,CA,6,0,0,0,NA,35.32,-118.76,35.3172,-118.7634,0.2,50,1,1,29,0,0,0,FALSE,0
618401,2019,9,28,9/28/2019,18:37:00,America/Chicago,2019-09-28T23:37:00Z,CA,6,0,0,0,NA,38.579,-121.75,38.579,-121.75,1.7,1,1,1,113,0,0,0,FALSE,0
619584,2020,11,18,11/18/2020,15:55:00,America/Chicago,2020-11-18T21:55:00Z,CA,6,0,0,0,NA,39.65,-121.56,39.6555,-121.5651,0.47,3,1,1,7,0,0,0,FALSE,0
619585,2020,11,18,11/18/2020,17:30:00,America/Chicago,2020-11-18T23:30:00Z,CA,6,0,0,0,NA,38.63,-121,38.6452,-120.921,4.39,2,1,1,17,0,0,0,FALSE,0
619059,2020,5,18,5/18/2020,13:21:00,America/Chicago,2020-05-18T18:21:00Z,CA,6,0,0,0,NA,38.4,-121.04,38.4,-121.04,0.1,20,1,1,67,0,0,0,FALSE,0
619433,2020,8,14,8/14/2020,14:30:00,America/Chicago,2020-08-14T19:30:00Z,CA,6,1,0,0,NA,39.7313,-120.1284,39.7301,-120.1209,0.43,137,1,1,35,0,0,0,FALSE,0
619465,2020,8,15,8/15/2020,15:04:00,America/Chicago,2020-08-15T20:04:00Z,CA,6,1,0,0,NA,39.7239,-120.1303,39.7226,-120.1299,0.09,20,1,1,35,0,0,0,FALSE,0
619466,2020,8,15,8/15/2020,15:41:00,America/Chicago,2020-08-15T20:41:00Z,CA,6,NA,0,0,NA,39.731,-120.1009,39.7615,-120.0565,3.16,156,1,1,35,0,0,0,FALSE,0
619524,2020,9,5,9/5/2020,16:17:00,America/Chicago,2020-09-05T21:17:00Z,CA,6,2,0,0,NA,37.35,-119.34,37.5218,-119.3056,12.02,50,1,1,39,0,0,0,FALSE,0
619525,2020,9,5,9/5/2020,18:29:00,America/Chicago,2020-09-05T23:29:00Z,CA,6,1,0,0,NA,37.25,-119.2,37.2598,-119.1838,1.12,25,1,1,19,0,0,0,FALSE,0
619628,2021,1,4,1/4/2021,15:34:00,America/Chicago,2021-01-04T21:34:00Z,CA,6,0,0,0,NA,39.96,-122.33,39.9492,-122.334,0.78,3,1,1,103,0,0,0,FALSE,0
619629,2021,1,4,1/4/2021,16:40:00,America/Chicago,2021-01-04T22:40:00Z,CA,6,0,0,0,NA,39.9562,-122.0167,39.9749,-121.9729,2.66,3,1,1,103,0,0,0,FALSE,0
619841,2021,4,25,4/25/2021,18:45:00,America/Chicago,2021-04-25T23:45:00Z,CA,6,0,0,0,10000,39.8205,-122.1381,39.82,-122.1,2.02,50,1,1,103,0,0,0,FALSE,0
620527,2021,9,9,9/9/2021,17:58:00,America/Chicago,2021-09-09T22:58:00Z,CA,6,0,0,0,NA,34.5203,-117.7595,34.5059,-117.7334,1.79,9,1,1,37,0,0,0,FALSE,0
621926,2022,10,8,10/8/2022,15:25:00,America/Chicago,2022-10-08T20:25:00Z,CA,6,0,0,0,NA,33.7,-117.213,33.7024,-117.1861,1.56,50,1,1,65,0,0,0,FALSE,0
621992,2022,11,8,11/8/2022,15:40:00,America/Chicago,2022-11-08T21:40:00Z,CA,6,0,0,0,NA,38.33,-121.32,38.33,-121.32,0.8,400,1,1,67,0,0,0,FALSE,0
621388,2022,4,21,4/21/2022,14:20:00,America/Chicago,2022-04-21T19:20:00Z,CA,6,NA,0,0,NA,38.11,-121.48,38.11,-121.48,0.02,16,1,1,77,0,0,0,FALSE,0
621897,2022,8,28,8/28/2022,15:35:00,America/Chicago,2022-08-28T20:35:00Z,CA,6,NA,0,0,NA,33.7463,-115.3909,33.7484,-115.3925,0.17,50,1,1,65,0,0,0,FALSE,0
