183,1950,8,11,8/11/1950,17:00:00,America/Chicago,1950-08-11T22:00:00Z,MD,24,1,0,0,5000,39.33,-75.87,0,0,6,10,1,1,29,0,0,0,FALSE,0
93,1952,4,5,4/5/1952,12:00:00,America/Chicago,1952-04-05T18:00:00Z,MD,24,1,0,0,50000,39.45,-77.55,0,0,1,50,1,1,21,0,0,0,FALSE,0
96,1952,4,5,4/5/1952,14:00:00,America/Chicago,1952-04-05T20:00:00Z,MD,24,1,1,0,50000,39.63,-77.42,0,0,1,50,1,1,21,0,0,0,FALSE,1
97,1952,4,5,4/5/1952,15:00:00,America/Chicago,1952-04-05T21:00:00Z,MD,24,0,0,0,500,39.12,-75.75,0,0,0.3,33,1,1,11,0,0,0,FALSE,0
230,1952,8,31,8/31/1952,22:00:00,America/Chicago,1952-09-01T03:00:00Z,MD,24,1,0,0,50000,39.02,-77.22,39.03,-77.23,0.1,70,1,1,31,0,0,0,FALSE,0
190,1953,5,26,5/26/1953,14:30:00,America/Chicago,1953-05-26T19:30:00Z,MD,24,1,0,0,5000,38.77,-76.9,0,0,1,200,1,1,33,0,0,0,FALSE,0
324,1953,7,2,7/2/1953,20:00:00,America/Chicago,1953-07-03T01:00:00Z,MD,24,1,0,0,500,38.97,-76.5,0,0,1,200,1,1,3,0,0,0,FALSE,0
423,1954,7,14,7/14/1954,22:00:00,America/Chicago,1954-07-15T03:00:00Z,MD,24,1,8,0,50000,39.3,-79.47,39.43,-79.32,12,880,1,1,23,0,0,0,FALSE,8
141,1958,5,4,5/4/1958,17:00:00,America/Chicago,1958-05-04T22:00:00Z,MD,24,1,0,0,50000,38.2,-75.42,0,0,1.3,50,1,1,47,0,0,0,FALSE,0
142,1958,5,4,5/4/1958,17:00:00,America/Chicago,1958-05-04T22:00:00Z,MD,24,1,0,0,50000,38.22,-75.4,0,0,1.8,50,1,1,47,0,0,0,FALSE,0
461,1959,7,19,7/19/1959,14:00:00,America/Chicago,1959-07-19T19:00:00Z,MD,24,2,0,0,50000,39.52,-76.12,0,0,0.8,50,1,1,25,0,0,0,FALSE,0
415,1959,7,1,7/1/1959,19:30:00,America/Chicago,1959-07-02T00:30:00Z,MD,24,1,0,0,5000,39.28,-77.3,39.23,-77.28,3.3,100,1,1,31,0,0,0,FALSE,0
603,1960,11,19,11/19/1960,13:30:00,America/Chicago,1960-11-19T19:30:00Z,MD,24,1,0,0,5000,39.43,-77.2,0,0,1,33,1,1,21,0,0,0,FALSE,0
113,1960,4,26,4/26/1960,15:30:00,America/Chicago,1960-04-26T20:30:00Z,MD,24,1,0,0,5000,39.13,-76.65,0,0,0.2,30,1,1,3,0,0,0,FALSE,0
193,1961,4,16,4/16/1961,08:00:00,America/Chicago,1961-04-16T14:00:00Z,MD,24,1,0,0,5000,39.53,-77.42,0,0,0.3,20,1,1,21,0,0,0,FALSE,0
430,1961,6,9,6/9/1961,15:30:00,America/Chicago,1961-06-09T20:30:00Z,MD,24,3,0,0,500000,39.2,-76.62,39.22,-76.6,0.1,100,1,1,3,0,0,0,FALSE,0
493,1961,7,13,7/13/1961,15:00:00,America/Chicago,1961-07-13T20:00:00Z,MD,24,1,0,0,50000,39.07,-76.65,0,0,0.5,500,1,1,3,0,0,0,FALSE,0
536,1961,7,24,7/24/1961,16:00:00,America/Chicago,1961-07-24T21:00:00Z,MD,24,1,0,0,50000,39.7,-77.62,39.72,-77.58,0.1,500,1,1,43,0,0,0,FALSE,0
652,1962,11,9,11/9/1962,20:00:00,America/Chicago,1962-11-10T02:00:00Z,MD,24,1,0,0,50000,38.33,-75.1,0,0,0.5,50,1,1,47,0,0,0,FALSE,0
411,1962,6,13,6/13/1962,04:30:00,America/Chicago,1962-06-13T09:30:00Z,MD,24,1,0,0,50000,38.45,-75.22,0,0,0.5,50,1,1,47,0,0,0,FALSE,0
478,1962,6,24,6/24/1962,16:15:00,America/Chicago,1962-06-24T21:15:00Z,MD,24,0,0,0,500,38.52,-75.75,0,0,0.1,17,1,1,45,0,0,0,FALSE,0
356,1963,7,19,7/19/1963,14:05:00,America/Chicago,1963-07-19T19:05:00Z,MD,24,1,0,0,50000,39.47,-77.38,39.52,-77.12,14.4,600,1,1,21,13,0,0,FALSE,0
360,1963,7,19,7/19/1963,18:00:00,America/Chicago,1963-07-19T23:00:00Z,MD,24,1,0,0,50000,38.77,-76.77,0,0,1,50,1,1,33,0,0,0,FALSE,0
850,1965,10,8,10/8/1965,18:15:00,America/Chicago,1965-10-08T23:15:00Z,MD,24,1,0,0,50000,38.33,-75.38,38.33,-75.4,0.1,150,1,1,45,0,0,0,FALSE,0
717,1965,8,1,8/1/1965,13:20:00,America/Chicago,1965-08-01T18:20:00Z,MD,24,1,0,0,50000,39.05,-76.05,0,0,1.3,200,1,1,35,0,0,0,FALSE,0
15,1966,2,13,2/13/1966,14:00:00,America/Chicago,1966-02-13T20:00:00Z,MD,24,1,0,0,50000,39.32,-77.37,0,0,0.5,50,1,1,21,0,0,0,FALSE,0
341,1966,6,28,6/28/1966,14:45:00,America/Chicago,1966-06-28T19:45:00Z,MD,24,1,0,0,50000,39.53,-77.32,0,0,0.3,50,1,1,21,0,0,0,FALSE,0
38,1967,1,27,1/27/1967,11:05:00,America/Chicago,1967-01-27T17:05:00Z,MD,24,1,0,0,5000,38.33,-76.58,38.35,-76.57,0.1,50,1,1,37,0,0,0,FALSE,0
313,1967,5,19,5/19/1967,18:15:00,America/Chicago,1967-05-19T23:15:00Z,MD,24,3,0,1,50000,39.38,-79.33,0,0,0.3,33,1,1,23,0,0,0,FALSE,1
650,1967,7,28,7/28/1967,13:13:00,America/Chicago,1967-07-28T18:13:00Z,MD,24,1,0,0,50000,38.72,-76.3,38.77,-76.28,3.3,20,1,1,41,0,0,0,FALSE,0
679,1967,8,26,8/26/1967,16:12:00,America/Chicago,1967-08-26T21:12:00Z,MD,24,1,0,0,50000,39.15,-77.27,0,0,2,100,1,1,31,0,0,0,FALSE,0
663,1967,8,3,8/3/1967,17:15:00,America/Chicago,1967-08-03T22:15:00Z,MD,24,1,0,0,5000,39.55,-76.02,0,0,0.3,17,1,1,15,0,0,0,FALSE,0
462,1969,7,27,7/27/1969,19:15:00,America/Chicago,1969-07-28T00:15:00Z,MD,24,1,0,0,50000,39.6,-76.83,0,0,1,10,1,1,13,0,0,0,FALSE,0
377,1969,7,5,7/5/1969,13:15:00,America/Chicago,1969-07-05T18:15:00Z,MD,24,2,1,0,500000,39.67,-78.9,0,0,0.5,200,1,1,1,0,0,0,FALSE,1
629,1971,7,13,7/13/1971,22:45:00,America/Chicago,1971-07-14T03:45:00Z,MD,24,1,0,0,500000,39.68,-79.47,39.58,-79.22,14.9,400,1,1,23,0,0,0,FALSE,0
679,1971,7,30,7/30/1971,18:00:00,America/Chicago,1971-07-30T23:00:00Z,MD,24,2,0,0,50000,39.07,-76.05,39.13,-75.92,8.3,300,1,1,35,0,0,0,FALSE,0
750,1971,9,12,9/12/1971,09:50:00,America/Chicago,1971-09-12T14:50:00Z,MD,24,2,0,0,500000,38.88,-76.88,38.9,-76.82,3,200,1,1,33,0,0,0,FALSE,0
53,1972,3,3,3/3/1972,11:45:00,America/Chicago,1972-03-03T17:45:00Z,MD,24,1,0,0,500000,39.42,-77.42,0,0,1,100,1,1,21,0,0,0,FALSE,0
126,1973,4,1,4/1/1973,19:00:00,America/Chicago,1973-04-02T01:00:00Z,MD,24,1,0,0,50000,38.62,-76.92,0,0,0.5,20,1,1,17,0,0,0,FALSE,0
630,1973,6,16,6/16/1973,15:50:00,America/Chicago,1973-06-16T20:50:00Z,MD,24,2,4,0,50000,39.33,-76.58,0,0,0.1,10,1,1,5,0,0,0,FALSE,4
631,1973,6,16,6/16/1973,16:50:00,America/Chicago,1973-06-16T21:50:00Z,MD,24,1,0,0,5000,39.53,-76.2,39.55,-76.18,0.1,10,1,1,25,0,0,0,FALSE,0
733,1973,6,28,6/28/1973,14:50:00,America/Chicago,1973-06-28T19:50:00Z,MD,24,1,0,0,5000,39.67,-79.02,39.68,-78.95,3.6,10,1,1,23,0,0,0,FALSE,0
21,1974,1,28,1/28/1974,16:15:00,America/Chicago,1974-01-28T21:15:00Z,MD,24,1,0,0,5000,38.53,-77,0,0,0.1,17,1,1,17,0,0,0,FALSE,0
402,1974,5,12,5/12/1974,14:00:00,America/Chicago,1974-05-12T19:00:00Z,MD,24,1,0,0,5000,39.1,-77,0,0,0.5,67,1,1,31,0,0,0,FALSE,0
403,1974,5,12,5/12/1974,14:15:00,America/Chicago,1974-05-12T19:15:00Z,MD,24,1,0,0,5000,39.1,-76.6,0,0,0.1,33,1,1,3,0,0,0,FALSE,0
833,1974,8,23,8/23/1974,13:00:00,America/Chicago,1974-08-23T18:00:00Z,MD,24,1,0,0,50000,38.1,-75.42,0,0,1.5,60,1,1,47,0,0,0,FALSE,0
303,1975,5,6,5/6/1975,05:00:00,America/Chicago,1975-05-06T10:00:00Z,MD,24,1,0,0,50000,38.83,-76.22,0,0,0.1,10,1,1,41,0,0,0,FALSE,0
604,1975,6,19,6/19/1975,18:30:00,America/Chicago,1975-06-19T23:30:00Z,MD,24,1,0,0,50000,39.48,-77.12,0,0,0.5,10,1,1,13,0,0,0,FALSE,0
513,1975,6,5,6/5/1975,21:30:00,America/Chicago,1975-06-06T02:30:00Z,MD,24,0,0,0,5000,38.53,-76.88,0,0,0.1,10,1,1,17,0,0,0,FALSE,0
710,1975,7,13,7/13/1975,14:45:00,America/Chicago,1975-07-13T19:45:00Z,MD,24,1,0,0,500000,38.52,-77.02,0,0,0.8,200,1,1,17,0,0,0,FALSE,0
715,1975,7,13,7/13/1975,19:20:00,America/Chicago,1975-07-14T00:20:00Z,MD,24,1,0,0,50000,39.6,-75.83,0,0,0.3,100,1,1,15,0,0,0,FALSE,0
717,1975,7,14,7/14/1975,05:00:00,America/Chicago,1975-07-14T10:00:00Z,MD,24,0,0,0,NA,39.33,-76.05,0,0,0.1,10,1,1,29,0,0,0,FALSE,0
718,1975,7,14,7/14/1975,05:15:00,America/Chicago,1975-07-14T10:15:00Z,MD,24,1,0,0,50000,39.03,-76.5,0,0,0.5,100,1,1,3,0,0,0,FALSE,0
742,1975,7,24,7/24/1975,21:00:00,America/Chicago,1975-07-25T02:00:00Z,MD,24,1,0,0,5000,39.68,-77.88,0,0,0.1,50,1,1,15,0,0,0,FALSE,0
679,1975,7,3,7/3/1975,15:35:00,America/Chicago,1975-07-03T20:35:00Z,MD,24,0,0,0,NA,39.23,-76.85,0,0,0.1,10,1,1,27,0,0,0,FALSE,0
760,1975,8,4,8/4/1975,17:15:00,America/Chicago,1975-08-04T22:15:00Z,MD,24,1,0,0,50000,38.27,-75.78,0,0,0.5,77,1,1,45,0,0,0,FALSE,0
166,1976,3,21,3/21/1976,12:35:00,America/Chicago,1976-03-21T18:35:00Z,MD,24,1,0,0,50000,39.73,-76.03,0,0,0.5,33,1,1,15,0,0,0,FALSE,0
172,1976,3,21,3/21/1976,13:45:00,America/Chicago,1976-03-21T19:45:00Z,MD,24,2,0,0,500000,39.22,-75.93,0,0,0.2,100,1,1,35,0,0,0,FALSE,0
333,1976,4,25,4/25/1976,18:45:00,America/Chicago,1976-04-25T23:45:00Z,MD,24,1,0,0,500000,39.7,-77,0,0,0.1,33,1,1,13,0,0,0,FALSE,0
766,1976,8,14,8/14/1976,16:20:00,America/Chicago,1976-08-14T21:20:00Z,MD,24,1,0,0,500000,39,-76.65,0,0,0.1,10,1,1,3,0,0,0,FALSE,0
694,1977,8,17,8/17/1977,12:15:00,America/Chicago,1977-08-17T17:15:00Z,MD,24,1,0,0,500,39.53,-75.83,0,0,0.2,80,1,1,15,0,0,0,TRUE,0
44,1978,3,14,3/14/1978,13:10:00,America/Chicago,1978-03-14T19:10:00Z,MD,24,1,0,0,50000,38.97,-76.28,0,0,0.2,17,1,1,35,0,0,0,FALSE,0
115,1978,4,18,4/18/1978,18:20:00,America/Chicago,1978-04-19T00:20:00Z,MD,24,1,0,0,50000,38.93,-75.87,0,0,0.1,10,1,1,11,0,0,0,FALSE,0
461,1978,6,20,6/20/1978,14:10:00,America/Chicago,1978-06-20T19:10:00Z,MD,24,2,0,0,50000,38.68,-77.1,0,0,1,50,1,1,17,0,0,0,FALSE,0
504,1978,6,27,6/27/1978,18:00:00,America/Chicago,1978-06-27T23:00:00Z,MD,24,2,0,0,500000,38.7,-76.67,38.62,-76.58,6.9,50,1,1,9,0,0,0,FALSE,0
505,1978,6,27,6/27/1978,18:30:00,America/Chicago,1978-06-27T23:30:00Z,MD,24,1,0,0,50000,38.73,-76.27,0,0,0.3,27,1,1,41,0,0,0,FALSE,0
657,1978,7,31,7/31/1978,18:15:00,America/Chicago,1978-07-31T23:15:00Z,MD,24,2,0,0,50000,39.4,-77.35,0,0,1.5,100,1,1,21,0,0,0,FALSE,0
658,1978,7,31,7/31/1978,19:15:00,America/Chicago,1978-08-01T00:15:00Z,MD,24,2,0,0,500000,39.3,-77.07,0,0,0.8,40,1,1,27,0,0,0,FALSE,0
669,1978,8,11,8/11/1978,17:00:00,America/Chicago,1978-08-11T22:00:00Z,MD,24,1,0,0,5000,39.47,-76.58,0,0,0.3,50,1,1,5,0,0,0,TRUE,0
289,1979,5,23,5/23/1979,16:30:00,America/Chicago,1979-05-23T21:30:00Z,MD,24,2,0,0,5000000,39.58,-77,0,0,2,150,1,1,13,0,0,0,FALSE,0
736,1979,9,5,9/5/1979,11:00:00,America/Chicago,1979-09-05T16:00:00Z,MD,24,1,0,0,5000,39.57,-77.18,0,0,0.5,17,1,1,13,0,0,0,FALSE,0
737,1979,9,5,9/5/1979,12:55:00,America/Chicago,1979-09-05T17:55:00Z,MD,24,1,1,0,50000,39,-76.65,0,0,2.5,50,1,1,3,0,0,0,FALSE,1
738,1979,9,5,9/5/1979,13:00:00,America/Chicago,1979-09-05T18:00:00Z,MD,24,2,0,0,500000,39.45,-76.42,0,0,0.5,20,1,1,5,0,0,0,FALSE,0
742,1979,9,5,9/5/1979,15:30:00,America/Chicago,1979-09-05T20:30:00Z,MD,24,0,0,0,NA,39.65,-77.93,0,0,0.3,10,1,1,43,0,0,0,FALSE,0
745,1979,9,5,9/5/1979,16:30:00,America/Chicago,1979-09-05T21:30:00Z,MD,24,1,0,0,50000,38.15,-76.52,38.3,-76.78,17.8,50,1,1,37,0,0,0,FALSE,0
747,1979,9,5,9/5/1979,17:15:00,America/Chicago,1979-09-05T22:15:00Z,MD,24,1,1,0,500000,38.32,-76.43,0,0,0.5,30,1,1,9,0,0,0,FALSE,1
750,1979,9,5,9/5/1979,18:30:00,America/Chicago,1979-09-05T23:30:00Z,MD,24,0,0,0,50000,38.52,-77.02,0,0,0.2,17,1,1,17,0,0,0,FALSE,0
74,1980,4,4,4/4/1980,15:12:00,America/Chicago,1980-04-04T21:12:00Z,MD,24,1,0,0,50000,38.07,-75.57,0,0,0.1,17,1,1,47,0,0,0,FALSE,0
611,1980,6,29,6/29/1980,14:30:00,America/Chicago,1980-06-29T19:30:00Z,MD,24,2,10,0,500000,39.52,-76.17,0,0,2,150,1,1,25,0,0,0,FALSE,10
206,1981,5,15,5/15/1981,15:09:00,America/Chicago,1981-05-15T20:09:00Z,MD,24,2,2,0,5000000,39.6,-75.83,0,0,1.5,27,1,1,15,0,0,0,FALSE,2
729,1981,9,8,9/8/1981,17:00:00,America/Chicago,1981-09-08T22:00:00Z,MD,24,1,0,0,50000,37.98,-75.85,0,0,1,60,1,1,39,0,0,0,FALSE,0
540,1982,5,30,5/30/1982,14:30:00,America/Chicago,1982-05-30T19:30:00Z,MD,24,1,0,0,5000,39.63,-77.5,0,0,0.2,17,1,1,21,0,0,0,FALSE,0
822,1983,10,13,10/13/1983,18:45:00,America/Chicago,1983-10-13T23:45:00Z,MD,24,2,0,0,50000,38.37,-76.57,38.43,-76.53,4,37,1,1,37,9,0,0,FALSE,0
409,1983,5,22,5/22/1983,17:05:00,America/Chicago,1983-05-22T22:05:00Z,MD,24,3,0,0,50000,39.7,-77.25,39.72,-77.2,2,37,1,1,21,13,0,0,FALSE,0
387,1984,5,8,5/8/1984,15:45:00,America/Chicago,1984-05-08T20:45:00Z,MD,24,1,3,0,5000000,38.37,-76.78,38.38,-76.73,3,80,1,1,37,0,0,0,FALSE,3
388,1984,5,8,5/8/1984,15:50:00,America/Chicago,1984-05-08T20:50:00Z,MD,24,1,1,0,500000,38.43,-76.73,0,0,1,60,1,1,37,0,0,0,FALSE,1
389,1984,5,8,5/8/1984,15:55:00,America/Chicago,1984-05-08T20:55:00Z,MD,24,0,0,0,50000,38.5,-76.52,0,0,0.3,17,1,1,9,0,0,0,FALSE,0
390,1984,5,8,5/8/1984,16:00:00,America/Chicago,1984-05-08T21:00:00Z,MD,24,1,10,0,5000000,38.6,-75.9,38.72,-75.6,18,150,2,0,0,0,0,0,FALSE,10
391,1984,5,8,5/8/1984,16:05:00,America/Chicago,1984-05-08T21:05:00Z,MD,24,1,14,1,5000000,38.57,-75.9,38.72,-75.6,18,150,2,0,0,0,0,0,FALSE,15
827,1989,11,16,11/16/1989,08:20:00,America/Chicago,1989-11-16T14:20:00Z,MD,24,1,0,0,500000,39.25,-75.8,39.25,-75.72,4,440,1,1,29,0,0,0,FALSE,0
1063,1990,10,18,10/18/1990,13:15:00,America/Chicago,1990-10-18T18:15:00Z,MD,24,1,1,0,5000000,39.03,-77.05,0,0,1,100,1,1,31,0,0,0,FALSE,1
1064,1990,10,18,10/18/1990,13:30:00,America/Chicago,1990-10-18T18:30:00Z,MD,24,2,59,0,50000000,39.47,-76.82,0,0,0.1,100,1,1,5,0,0,0,FALSE,59
1065,1990,10,18,10/18/1990,13:49:00,America/Chicago,1990-10-18T18:49:00Z,MD,24,1,0,0,500000,39.53,-76.65,0,0,0.1,10,1,1,5,0,0,0,FALSE,0
283,1990,5,10,5/10/1990,17:00:00,America/Chicago,1990-05-10T22:00:00Z,MD,24,1,0,0,50000,38.33,-75.62,0,0,0.1,23,1,1,45,0,0,0,FALSE,0
286,1990,5,10,5/10/1990,17:15:00,America/Chicago,1990-05-10T22:15:00Z,MD,24,0,0,0,50000,38.37,-75.55,0,0,0.1,100,1,1,45,0,0,0,FALSE,0
287,1990,5,10,5/10/1990,17:19:00,America/Chicago,1990-05-10T22:19:00Z,MD,24,1,2,0,50000,38.38,-75.35,0,0,0.1,23,1,1,45,0,0,0,FALSE,2
306,1990,5,13,5/13/1990,11:30:00,America/Chicago,1990-05-13T16:30:00Z,MD,24,1,0,0,500000,39.47,-77.57,0,0,0.5,33,1,1,21,0,0,0,FALSE,0
313,1990,5,13,5/13/1990,14:30:00,America/Chicago,1990-05-13T19:30:00Z,MD,24,0,0,0,500000,39.3,-76,0,0,0.1,13,1,1,29,0,0,0,FALSE,0
641,1990,6,8,6/8/1990,15:35:00,America/Chicago,1990-06-08T20:35:00Z,MD,24,0,0,0,5000,39.58,-76.62,0,0,0.3,13,1,1,5,0,0,0,FALSE,0
886,1990,7,14,7/14/1990,08:20:00,America/Chicago,1990-07-14T13:20:00Z,MD,24,0,0,0,50000,38.7,-75.9,0,0,0.3,20,1,1,11,0,0,0,FALSE,0
1057,1991,8,20,8/20/1991,05:50:00,America/Chicago,1991-08-20T10:50:00Z,MD,24,1,0,0,50000,39.18,-77.03,0,0,0.8,73,1,1,31,0,0,0,FALSE,0
1270,1992,11,23,11/23/1992,02:00:00,America/Chicago,1992-11-23T08:00:00Z,MD,24,1,0,0,5000000,38.83,-76.95,0,0,1,30,1,1,33,0,0,0,FALSE,0
898,1992,7,31,7/31/1992,15:45:00,America/Chicago,1992-07-31T20:45:00Z,MD,24,1,0,0,50000,38.93,-75.75,0,0,1,183,1,1,11,0,0,0,FALSE,0
996,1992,8,28,8/28/1992,15:00:00,America/Chicago,1992-08-28T20:00:00Z,MD,24,1,2,0,5000000,39.25,-76.98,39.3,-76.97,3.5,100,1,1,27,0,0,0,FALSE,2
1000,1992,8,28,8/28/1992,15:00:00,America/Chicago,1992-08-28T20:00:00Z,MD,24,0,0,0,NA,38.57,-75.95,0,0,0.1,10,1,1,19,0,0,0,FALSE,0
1001,1992,8,28,8/28/1992,15:10:00,America/Chicago,1992-08-28T20:10:00Z,MD,24,0,0,0,NA,39.05,-76.07,0,0,0.1,10,1,1,35,0,0,0,FALSE,0
997,1992,8,28,8/28/1992,15:15:00,America/Chicago,1992-08-28T20:15:00Z,MD,24,0,0,0,NA,38.88,-76.6,0,0,0.1,10,1,1,3,0,0,0,FALSE,0
998,1992,8,28,8/28/1992,15:20:00,America/Chicago,1992-08-28T20:20:00Z,MD,24,0,0,0,5000,39.33,-76.95,0,0,2.5,50,1,1,27,0,0,0,FALSE,0
999,1992,8,28,8/28/1992,15:32:00,America/Chicago,1992-08-28T20:32:00Z,MD,24,0,0,0,NA,39.07,-76.75,0,0,0.1,10,1,1,3,0,0,0,FALSE,0
1003,1992,8,28,8/28/1992,15:35:00,America/Chicago,1992-08-28T20:35:00Z,MD,24,0,0,0,NA,39.12,-76,0,0,0.1,10,1,1,35,0,0,0,FALSE,0
1004,1992,8,28,8/28/1992,15:55:00,America/Chicago,1992-08-28T20:55:00Z,MD,24,0,0,0,NA,39.5,-76.18,0,0,0.1,10,1,1,25,0,0,0,FALSE,0
1005,1992,8,28,8/28/1992,15:55:00,America/Chicago,1992-08-28T20:55:00Z,MD,24,0,0,0,NA,39.6,-75.93,0,0,0.1,10,1,1,15,0,0,0,FALSE,0
914,1992,8,4,8/4/1992,13:10:00,America/Chicago,1992-08-04T18:10:00Z,MD,24,1,0,0,NA,38.77,-76.95,0,0,2,73,1,1,33,0,0,0,FALSE,0
915,1992,8,4,8/4/1992,13:15:00,America/Chicago,1992-08-04T18:15:00Z,MD,24,0,0,0,50000,38.75,-76.97,0,0,0.1,10,1,1,33,0,0,0,FALSE,0
136,1993,4,16,4/16/1993,13:00:00,America/Chicago,1993-04-16T18:00:00Z,MD,24,1,0,0,50000,39.22,-76.02,0,0,0.5,33,1,1,35,0,0,0,FALSE,0
320,1993,5,12,5/12/1993,15:55:00,America/Chicago,1993-05-12T20:55:00Z,MD,24,0,0,0,5000,39.07,-76.67,0,0,0.5,30,1,1,3,0,0,0,FALSE,0
1085,1993,9,27,9/27/1993,10:42:00,America/Chicago,1993-09-27T15:42:00Z,MD,24,1,0,0,500,39,-77.05,0,0,0.2,50,1,1,31,0,0,0,FALSE,0
1087,1993,9,27,9/27/1993,11:55:00,America/Chicago,1993-09-27T16:55:00Z,MD,24,1,0,0,50000,39.47,-75.9,39.5,-75.82,6,30,1,1,15,0,0,0,FALSE,0
1089,1993,9,27,9/27/1993,12:15:00,America/Chicago,1993-09-27T17:15:00Z,MD,24,1,2,0,5000,39.05,-76.67,39.07,-76.55,8,23,1,1,3,0,0,0,FALSE,2
1035,1993,9,3,9/3/1993,16:15:00,America/Chicago,1993-09-03T21:15:00Z,MD,24,0,0,0,5000,39.67,-77.08,0,0,0.2,13,1,1,13,0,0,0,FALSE,0
1037,1994,11,1,11/1/1994,13:15:00,America/Chicago,1994-11-01T19:15:00Z,MD,24,1,0,0,5000000,39.45,-76.63,0,0,1.5,73,1,1,5,0,0,0,FALSE,0
1038,1994,11,1,11/1/1994,13:20:00,America/Chicago,1994-11-01T19:20:00Z,MD,24,1,0,0,5000000,39.45,-76.63,0,0,0.7,70,1,1,5,0,0,0,FALSE,0
1039,1994,11,1,11/1/1994,13:40:00,America/Chicago,1994-11-01T19:40:00Z,MD,24,0,0,0,50000,39.55,-76.3,0,0,0.5,50,1,1,25,0,0,0,FALSE,0
1040,1994,11,1,11/1/1994,13:43:00,America/Chicago,1994-11-01T19:43:00Z,MD,24,0,0,0,NA,39.52,-76.27,0,0,0.3,20,1,1,25,0,0,0,FALSE,0
1041,1994,11,1,11/1/1994,13:48:00,America/Chicago,1994-11-01T19:48:00Z,MD,24,1,0,0,5000000,39.47,-76.2,0,0,0.5,23,1,1,25,0,0,0,FALSE,0
753,1994,7,14,7/14/1994,15:15:00,America/Chicago,1994-07-14T20:15:00Z,MD,24,0,0,0,50000,39.53,-76.35,0,0,0.3,40,1,1,25,0,0,0,FALSE,0
810,1994,7,27,7/27/1994,15:35:00,America/Chicago,1994-07-27T20:35:00Z,MD,24,2,0,0,500000,38.45,-76.78,0,0,0.8,200,1,1,17,0,0,0,FALSE,0
816,1994,7,27,7/27/1994,16:45:00,America/Chicago,1994-07-27T21:45:00Z,MD,24,2,0,0,5000000,38.52,-76.95,0,0,0.8,150,1,1,17,0,0,0,FALSE,0
817,1994,7,27,7/27/1994,16:56:00,America/Chicago,1994-07-27T21:56:00Z,MD,24,0,0,0,NA,38.53,-76.88,0,0,1.5,73,1,1,17,0,0,0,FALSE,0
818,1994,7,27,7/27/1994,17:03:00,America/Chicago,1994-07-27T22:03:00Z,MD,24,0,0,0,5000,38.4,-76.98,0,0,0.2,50,1,1,17,0,0,0,FALSE,0
811,1994,7,27,7/27/1994,17:15:00,America/Chicago,1994-07-27T22:15:00Z,MD,24,1,0,0,NA,38.72,-76.92,38.82,-76.88,6,150,1,1,33,0,0,0,FALSE,0
820,1994,7,27,7/27/1994,17:21:00,America/Chicago,1994-07-27T22:21:00Z,MD,24,1,0,0,500000,38.62,-76.62,38.65,-76.53,3,120,1,1,9,0,0,0,FALSE,0
814,1994,7,27,7/27/1994,17:42:00,America/Chicago,1994-07-27T22:42:00Z,MD,24,1,1,0,NA,38.88,-76.8,38.95,-76.67,6,100,1,1,33,0,0,0,FALSE,1
819,1994,7,27,7/27/1994,18:20:00,America/Chicago,1994-07-27T23:20:00Z,MD,24,0,0,0,500,38.98,-76.63,39.07,-76.57,5,100,1,1,3,0,0,0,FALSE,0
821,1994,7,27,7/27/1994,18:40:00,America/Chicago,1994-07-27T23:40:00Z,MD,24,2,0,0,50000,39.08,-76.53,39.17,-76.43,7,200,1,1,3,0,0,0,FALSE,0
822,1994,7,27,7/27/1994,18:57:00,America/Chicago,1994-07-27T23:57:00Z,MD,24,0,0,0,5000000,38.88,-76.33,0,0,1.5,100,1,1,35,0,0,0,FALSE,0
823,1994,7,27,7/27/1994,19:10:00,America/Chicago,1994-07-28T00:10:00Z,MD,24,2,0,0,5000000,39.28,-76.1,39.33,-76.03,4,150,1,1,29,0,0,0,FALSE,0
824,1994,7,27,7/27/1994,19:45:00,America/Chicago,1994-07-28T00:45:00Z,MD,24,1,0,0,5000,39.6,-75.93,0,0,0.5,73,1,1,15,0,0,0,FALSE,0
825,1994,7,27,7/27/1994,19:48:00,America/Chicago,1994-07-28T00:48:00Z,MD,24,0,0,0,500000,39.43,-76.38,0,0,0.5,73,1,1,25,0,0,0,FALSE,0
826,1994,7,27,7/27/1994,20:02:00,America/Chicago,1994-07-28T01:02:00Z,MD,24,1,0,0,5000000,39.43,-76.12,0,0,2.5,30,1,1,25,0,0,0,FALSE,0
912,1994,8,17,8/17/1994,09:05:00,America/Chicago,1994-08-17T14:05:00Z,MD,24,0,0,0,500,38.67,-76.6,0,0,2,50,1,1,9,0,0,0,FALSE,0
1101,1995,10,14,10/14/1995,14:51:00,America/Chicago,1995-10-14T19:51:00Z,MD,24,1,0,0,500000,39.03,-76.6,39.03,-76.5,3.8,73,1,1,3,0,0,0,FALSE,0
1102,1995,10,14,10/14/1995,15:35:00,America/Chicago,1995-10-14T20:35:00Z,MD,24,0,0,0,5000,39.6,-77.03,0,0,1,23,1,1,13,0,0,0,FALSE,0
1104,1995,10,20,10/20/1995,22:12:00,America/Chicago,1995-10-21T03:12:00Z,MD,24,0,0,0,50000,39.62,-77.42,0,0,0.6,73,1,1,21,0,0,0,FALSE,0
1105,1995,10,20,10/20/1995,22:20:00,America/Chicago,1995-10-21T03:20:00Z,MD,24,1,0,0,50000,39.48,-77.2,0,0,1.2,50,1,1,21,0,0,0,FALSE,0
1106,1995,10,20,10/20/1995,22:28:00,America/Chicago,1995-10-21T03:28:00Z,MD,24,0,0,0,5000,39.67,-77.18,0,0,0.5,50,1,1,13,0,0,0,FALSE,0
1107,1995,10,21,10/21/1995,02:08:00,America/Chicago,1995-10-21T07:08:00Z,MD,24,0,0,0,50000,39.52,-76.17,0,0,0.5,50,1,1,25,0,0,0,FALSE,0
1129,1995,10,27,10/27/1995,18:00:00,America/Chicago,1995-10-27T23:00:00Z,MD,24,0,0,0,NA,38.47,-76.67,0,0,0.5,50,1,1,37,0,0,0,FALSE,0
1095,1995,10,5,10/5/1995,17:35:00,America/Chicago,1995-10-05T22:35:00Z,MD,24,1,0,0,50000,38.5,-77.15,0,0,1.5,100,1,1,17,0,0,0,FALSE,0
1096,1995,10,5,10/5/1995,17:59:00,America/Chicago,1995-10-05T22:59:00Z,MD,24,2,3,0,5000000,38.82,-76.95,0,0,2.5,200,1,1,33,0,0,0,FALSE,3
1097,1995,10,5,10/5/1995,18:31:00,America/Chicago,1995-10-05T23:31:00Z,MD,24,1,0,0,500000,39.08,-76.7,39.17,-76.63,6,100,1,1,3,0,0,0,FALSE,0
1098,1995,10,5,10/5/1995,18:32:00,America/Chicago,1995-10-05T23:32:00Z,MD,24,0,0,0,5000,39.03,-76.5,0,0,0.5,50,1,1,3,0,0,0,FALSE,0
1099,1995,10,5,10/5/1995,18:57:00,America/Chicago,1995-10-05T23:57:00Z,MD,24,1,0,0,5000,38.22,-76.62,0,0,0.7,73,1,1,37,0,0,0,FALSE,0
1208,1995,11,11,11/11/1995,18:30:00,America/Chicago,1995-11-12T00:30:00Z,MD,24,0,0,0,50000,39.65,-76.27,0,0,0.5,100,1,1,25,0,0,0,FALSE,0
1210,1995,11,11,11/11/1995,19:00:00,America/Chicago,1995-11-12T01:00:00Z,MD,24,0,0,0,500000,38.35,-76.58,0,0,0.8,73,1,1,37,0,0,0,FALSE,0
1213,1995,11,11,11/11/1995,19:10:00,America/Chicago,1995-11-12T01:10:00Z,MD,24,0,0,0,5000,38.28,-76.43,0,0,0.1,50,1,1,37,0,0,0,FALSE,0
1216,1995,11,11,11/11/1995,20:20:00,America/Chicago,1995-11-12T02:20:00Z,MD,24,0,0,0,5000,38.25,-75.4,0,0,0.5,50,1,1,47,0,0,0,FALSE,0
455,1995,5,18,5/18/1995,12:30:00,America/Chicago,1995-05-18T17:30:00Z,MD,24,1,2,0,5000000,38.9,-76.9,0,0,0.3,30,1,1,33,0,0,0,FALSE,2
460,1995,5,18,5/18/1995,13:30:00,America/Chicago,1995-05-18T18:30:00Z,MD,24,2,0,0,NA,38.87,-76,38.87,-75.8,10,200,1,1,11,0,0,0,FALSE,0
950,1995,7,24,7/24/1995,13:20:00,America/Chicago,1995-07-24T18:20:00Z,MD,24,1,0,0,500000,39.53,-76.67,0,0,2,73,1,1,5,0,0,0,FALSE,0
976,1995,7,27,7/27/1995,17:55:00,America/Chicago,1995-07-27T22:55:00Z,MD,24,0,0,0,50000,38.35,-76.65,0,0,0.5,50,1,1,37,0,0,0,FALSE,0
871,1995,7,6,7/6/1995,14:07:00,America/Chicago,1995-07-06T19:07:00Z,MD,24,0,0,0,500000,39.3,-76.88,0,0,0.1,20,1,1,27,0,0,0,FALSE,0
872,1995,7,6,7/6/1995,15:45:00,America/Chicago,1995-07-06T20:45:00Z,MD,24,0,0,0,5000,39.58,-76.62,0,0,0.1,10,1,1,5,0,0,0,FALSE,0
1014,1995,8,6,8/6/1995,11:12:00,America/Chicago,1995-08-06T16:12:00Z,MD,24,0,0,0,NA,38.28,-76.43,0,0,0.3,50,1,1,37,0,0,0,FALSE,0
1061,1995,9,22,9/22/1995,12:45:00,America/Chicago,1995-09-22T17:45:00Z,MD,24,1,0,0,50000,39.13,-77.2,0,0,0.4,73,1,1,31,0,0,0,FALSE,0
1088,1996,11,26,11/26/1996,04:55:00,America/Chicago,1996-11-26T10:55:00Z,MD,24,1,0,0,50000,38.95,-76.22,38.95,-76.22,0.3,50,1,1,35,0,0,0,FALSE,0
830,1996,11,8,11/8/1996,14:45:00,America/Chicago,1996-11-08T20:45:00Z,MD,24,1,1,0,750000,39.27,-76.52,39.27,-76.52,3.8,100,1,1,5,0,0,0,FALSE,1
476,1996,6,24,6/24/1996,15:23:00,America/Chicago,1996-06-24T20:23:00Z,MD,24,0,0,0,200000,38.8,-76.85,38.8,-76.83,1,50,1,1,33,0,0,0,FALSE,0
1149,1996,6,24,6/24/1996,15:34:00,America/Chicago,1996-06-24T20:34:00Z,MD,24,1,0,0,600000,38.83,-76.77,38.7,-76.67,5,200,1,1,33,3,0,0,FALSE,0
475,1996,6,4,6/4/1996,18:05:00,America/Chicago,1996-06-04T23:05:00Z,MD,24,1,0,0,150000,39.38,-77.22,39.38,-77.2,1,65,1,1,21,0,0,0,FALSE,0
609,1996,7,12,7/12/1996,23:45:00,America/Chicago,1996-07-13T04:45:00Z,MD,24,1,0,0,100000,38.3,-76.5,38.3,-76.5,1.2,100,1,1,37,0,0,0,FALSE,0
610,1996,7,13,7/13/1996,00:05:00,America/Chicago,1996-07-13T05:05:00Z,MD,24,1,0,0,150000,38.52,-76.82,38.52,-76.82,0.3,35,1,1,17,0,0,0,FALSE,0
1102,1996,7,13,7/13/1996,00:45:00,America/Chicago,1996-07-13T05:45:00Z,MD,24,0,0,0,40000,38.5,-76.22,38.5,-76.22,0.5,50,1,1,19,0,0,0,FALSE,0
611,1996,7,13,7/13/1996,01:35:00,America/Chicago,1996-07-13T06:35:00Z,MD,24,1,0,0,120000,38.73,-76.7,38.75,-76.72,1.2,50,1,1,9,0,0,0,FALSE,0
612,1996,7,15,7/15/1996,13:30:00,America/Chicago,1996-07-15T18:30:00Z,MD,24,0,0,0,4000,38.47,-76.98,38.47,-76.98,0.3,25,1,1,17,0,0,0,FALSE,0
613,1996,7,19,7/19/1996,13:02:00,America/Chicago,1996-07-19T18:02:00Z,MD,24,0,0,0,10000,39.73,-77.57,39.72,-77.53,2,75,1,1,43,0,0,0,FALSE,0
614,1996,7,19,7/19/1996,13:12:00,America/Chicago,1996-07-19T18:12:00Z,MD,24,2,0,0,400000,39.38,-77.7,39.35,-77.7,2,125,1,1,43,0,0,0,FALSE,0
1150,1996,7,19,7/19/1996,13:20:00,America/Chicago,1996-07-19T18:20:00Z,MD,24,1,0,0,130000,39.33,-77.63,39.32,-77.63,6.2,200,2,0,0,0,0,0,FALSE,0
615,1996,7,19,7/19/1996,13:36:00,America/Chicago,1996-07-19T18:36:00Z,MD,24,1,0,0,NA,39.23,-77.47,39.23,-77.47,0.5,150,1,1,31,0,0,0,FALSE,0
616,1996,7,19,7/19/1996,13:42:00,America/Chicago,1996-07-19T18:42:00Z,MD,24,3,3,0,5000000,39.5,-76.98,39.48,-76.95,2.2,350,1,1,13,0,0,0,FALSE,3
1151,1996,7,19,7/19/1996,13:48:00,America/Chicago,1996-07-19T18:48:00Z,MD,24,0,0,0,10000,39.08,-77.35,39.07,-77.35,2,50,2,0,0,0,0,0,FALSE,0
617,1996,7,19,7/19/1996,13:55:00,America/Chicago,1996-07-19T18:55:00Z,MD,24,1,0,0,70000,39.43,-76.85,39.43,-76.85,1.2,50,1,1,5,0,0,0,FALSE,0
618,1996,7,19,7/19/1996,14:30:00,America/Chicago,1996-07-19T19:30:00Z,MD,24,0,0,0,NA,39.32,-76.58,39.32,-76.58,0.1,25,1,1,510,0,0,0,FALSE,0
1103,1996,8,18,8/18/1996,05:45:00,America/Chicago,1996-08-18T10:45:00Z,MD,24,0,0,0,10000,38.27,-75.08,38.27,-75.08,2,40,1,1,47,0,0,0,FALSE,0
656,1996,8,27,8/27/1996,12:50:00,America/Chicago,1996-08-27T17:50:00Z,MD,24,0,0,0,10000,39.28,-76.85,39.27,-76.85,0.5,50,1,1,27,0,0,0,FALSE,0
822,1996,9,28,9/28/1996,16:00:00,America/Chicago,1996-09-28T21:00:00Z,MD,24,0,0,0,70000,39.68,-77.05,39.68,-77.05,0.5,75,1,1,13,0,0,0,FALSE,0
66,1997,3,29,3/29/1997,12:35:00,America/Chicago,1997-03-29T18:35:00Z,MD,24,0,0,0,10000,39.58,-76.38,39.58,-76.38,0.5,50,1,1,25,0,0,0,FALSE,0
67,1997,3,29,3/29/1997,12:42:00,America/Chicago,1997-03-29T18:42:00Z,MD,24,0,0,0,20000,39.27,-76.52,39.27,-76.52,0.5,23,1,1,5,0,0,0,FALSE,0
323,1997,5,25,5/25/1997,17:20:00,America/Chicago,1997-05-25T22:20:00Z,MD,24,1,0,0,250000,39.7,-75.87,39.7,-75.87,0.5,100,1,1,15,0,0,0,FALSE,0
261,1997,6,18,6/18/1997,15:29:00,America/Chicago,1997-06-18T20:29:00Z,MD,24,0,0,0,10000,39.7,-78.1,39.75,-78.12,2,13,1,1,43,0,0,0,FALSE,0
1211,1998,6,16,6/16/1998,16:12:00,America/Chicago,1998-06-16T21:12:00Z,MD,24,1,1,0,200000,39.57,-77.73,39.62,-77.73,3,200,1,1,43,0,0,0,FALSE,1
1212,1998,6,16,6/16/1998,16:21:00,America/Chicago,1998-06-16T21:21:00Z,MD,24,1,0,0,200000,39.62,-77.73,39.65,-77.72,5,100,1,1,43,0,0,0,FALSE,0
1213,1998,6,16,6/16/1998,16:30:00,America/Chicago,1998-06-16T21:30:00Z,MD,24,1,0,0,10000,39.7,-77.73,39.72,-77.72,2,80,1,1,43,0,0,0,FALSE,0
1210,1998,6,16,6/16/1998,16:35:00,America/Chicago,1998-06-16T21:35:00Z,MD,24,0,0,0,10000,39.45,-77.37,39.45,-77.37,0.5,50,1,1,21,0,0,0,FALSE,0
1214,1998,6,16,6/16/1998,16:38:00,America/Chicago,1998-06-16T21:38:00Z,MD,24,0,0,0,20000,39.53,-76.87,39.53,-76.85,0.5,50,1,1,13,0,0,0,FALSE,0
522,1998,6,19,6/19/1998,05:30:00,America/Chicago,1998-06-19T10:30:00Z,MD,24,0,0,0,10000,39.65,-77.77,39.65,-77.75,1,80,1,1,43,0,0,0,FALSE,0
1207,1998,6,2,6/2/1998,17:56:00,America/Chicago,1998-06-02T22:56:00Z,MD,24,1,0,0,NA,39.73,-78.92,39.72,-78.92,1,50,1,1,1,0,0,0,FALSE,0
1208,1998,6,2,6/2/1998,18:21:00,America/Chicago,1998-06-02T23:21:00Z,MD,24,0,0,0,NA,39.62,-78.73,39.62,-78.72,0.5,50,1,1,1,0,0,0,FALSE,0
545,1998,7,30,7/30/1998,19:25:00,America/Chicago,1998-07-31T00:25:00Z,MD,24,0,0,0,10000,39.47,-76.22,39.47,-76.2,0.6,100,1,1,25,0,0,0,FALSE,0
564,1999,7,30,7/30/1999,18:30:00,America/Chicago,1999-07-30T23:30:00Z,MD,24,0,0,0,10000,39.62,-76.77,39.58,-76.73,3,50,1,1,5,0,0,0,FALSE,0
630,1999,8,14,8/14/1999,11:50:00,America/Chicago,1999-08-14T16:50:00Z,MD,24,1,0,0,800000,39.45,-77.47,39.43,-77.42,3,50,1,1,21,0,0,0,FALSE,0
631,1999,8,26,8/26/1999,13:38:00,America/Chicago,1999-08-26T18:38:00Z,MD,24,1,0,0,70000,39.47,-77.65,39.47,-77.65,1.5,60,1,1,43,0,0,0,FALSE,0
155,2000,4,21,4/21/2000,13:40:00,America/Chicago,2000-04-21T18:40:00Z,MD,24,1,0,0,210000,38.7,-76.65,38.7,-76.63,1.5,70,1,1,9,0,0,0,FALSE,0
823,2000,5,13,5/13/2000,17:45:00,America/Chicago,2000-05-13T22:45:00Z,MD,24,1,0,0,120000,38.7,-76.83,38.75,-76.63,12,150,1,1,33,9,0,0,FALSE,0
824,2000,5,13,5/13/2000,18:00:00,America/Chicago,2000-05-13T23:00:00Z,MD,24,1,0,0,250000,39.33,-76.53,39.37,-76.45,5,70,1,1,5,0,0,0,FALSE,0
989,2000,6,21,6/21/2000,20:10:00,America/Chicago,2000-06-22T01:10:00Z,MD,24,1,0,0,250000,39.08,-77.07,39.1,-77,1,30,1,1,31,0,0,0,FALSE,0
990,2000,6,21,6/21/2000,20:28:00,America/Chicago,2000-06-22T01:28:00Z,MD,24,1,0,0,150000,39.1,-76.83,39.1,-76.82,1,150,1,1,33,0,0,0,FALSE,0
994,2000,7,10,7/10/2000,15:30:00,America/Chicago,2000-07-10T20:30:00Z,MD,24,1,0,0,60000,39.1,-76.8,39.1,-76.82,1.3,100,1,1,27,3,0,0,FALSE,0
417,2000,7,15,7/15/2000,15:30:00,America/Chicago,2000-07-15T20:30:00Z,MD,24,0,0,0,1000,38.75,-76.18,38.75,-76.18,0.3,20,1,1,41,0,0,0,FALSE,0
385,2000,7,31,7/31/2000,14:47:00,America/Chicago,2000-07-31T19:47:00Z,MD,24,0,0,0,1000,38.38,-76.58,38.38,-76.58,0.5,30,1,1,37,0,0,0,FALSE,0
808,2001,5,22,5/22/2001,17:29:00,America/Chicago,2001-05-22T22:29:00Z,MD,24,1,0,0,30000,38.27,-76.85,38.28,-76.85,1.8,100,1,1,17,0,0,0,FALSE,0
809,2001,5,22,5/22/2001,17:55:00,America/Chicago,2001-05-22T22:55:00Z,MD,24,0,0,0,NA,38.3,-76.45,38.3,-76.45,1,50,1,1,9,0,0,0,FALSE,0
810,2001,5,22,5/22/2001,18:00:00,America/Chicago,2001-05-22T23:00:00Z,MD,24,0,0,0,1000,38.13,-76.43,38.13,-76.43,0.2,50,1,1,37,0,0,0,FALSE,0
811,2001,5,25,5/25/2001,14:19:00,America/Chicago,2001-05-25T19:19:00Z,MD,24,1,0,0,530000,38.63,-76.97,38.67,-76.88,3.5,100,1,1,17,33,0,0,FALSE,0
171,2001,5,26,5/26/2001,01:24:00,America/Chicago,2001-05-26T06:24:00Z,MD,24,0,0,0,10000,38.37,-76.98,38.38,-76.95,1.2,40,1,1,17,0,0,0,FALSE,0
172,2001,5,27,5/27/2001,13:10:00,America/Chicago,2001-05-27T18:10:00Z,MD,24,1,0,0,500000,39.12,-77.12,39.15,-77.07,3.5,70,1,1,31,0,0,0,FALSE,0
347,2001,7,10,7/10/2001,14:45:00,America/Chicago,2001-07-10T19:45:00Z,MD,24,0,0,0,10000,39.72,-79.13,39.7,-79.07,4,40,1,1,23,0,0,0,FALSE,0
352,2001,7,4,7/4/2001,18:10:00,America/Chicago,2001-07-04T23:10:00Z,MD,24,1,0,0,20000,38.5,-76.22,38.5,-76.22,0.5,50,1,1,19,0,0,0,FALSE,0
353,2001,7,5,7/5/2001,18:00:00,America/Chicago,2001-07-05T23:00:00Z,MD,24,0,0,0,3000,38.43,-75.68,38.43,-75.68,1,50,1,1,45,0,0,0,FALSE,0
1150,2001,9,24,9/24/2001,15:19:00,America/Chicago,2001-09-24T20:19:00Z,MD,24,3,55,2,101000000,38.93,-76.98,39.23,-76.83,17.5,200,1,1,33,27,0,0,FALSE,57
3,2002,1,6,1/6/2002,15:02:00,America/Chicago,2002-01-06T21:02:00Z,MD,24,0,0,0,20000,38.15,-75.95,38.17,-75.93,1,100,1,1,39,0,0,0,FALSE,0
582,2002,4,28,4/28/2002,16:56:00,America/Chicago,2002-04-28T21:56:00Z,MD,24,4,122,3,124000000,38.55,-77.18,38.48,-76.5,38,650,1,1,17,9,0,0,FALSE,125
583,2002,4,28,4/28/2002,17:02:00,America/Chicago,2002-04-28T22:02:00Z,MD,24,2,0,0,1000000,38.53,-76.98,38.53,-76.98,3,100,1,1,17,0,0,0,FALSE,0
584,2002,4,28,4/28/2002,17:42:00,America/Chicago,2002-04-28T22:42:00Z,MD,24,1,0,0,10000,38.47,-76.48,38.47,-76.38,5,50,1,1,9,0,0,0,FALSE,0
585,2002,4,28,4/28/2002,17:55:00,America/Chicago,2002-04-28T22:55:00Z,MD,24,3,0,0,150000,38.42,-76.3,38.35,-75.82,18,150,1,1,19,0,0,0,FALSE,0
586,2002,4,28,4/28/2002,18:28:00,America/Chicago,2002-04-28T23:28:00Z,MD,24,0,0,0,10000,38.33,-75.83,38.35,-75.77,4,100,1,1,45,0,0,0,FALSE,0
674,2002,5,13,5/13/2002,14:20:00,America/Chicago,2002-05-13T19:20:00Z,MD,24,1,0,0,100000,39.43,-75.95,39.45,-75.88,4,80,1,1,15,0,0,0,FALSE,0
675,2002,5,13,5/13/2002,14:20:00,America/Chicago,2002-05-13T19:20:00Z,MD,24,1,0,0,70000,39.5,-75.92,39.5,-75.88,1.5,100,1,1,15,0,0,0,FALSE,0
708,2002,5,13,5/13/2002,18:50:00,America/Chicago,2002-05-13T23:50:00Z,MD,24,1,0,0,20000,37.98,-75.65,38,-75.63,1,100,1,1,39,0,0,0,FALSE,0
709,2002,5,13,5/13/2002,19:10:00,America/Chicago,2002-05-14T00:10:00Z,MD,24,1,0,0,70000,38.1,-75.4,38.17,-75.28,7,100,1,1,47,0,0,0,FALSE,0
710,2002,5,13,5/13/2002,19:25:00,America/Chicago,2002-05-14T00:25:00Z,MD,24,0,0,0,10000,38.38,-75.25,38.4,-75.17,6,100,1,1,47,0,0,0,FALSE,0
135,2002,5,18,5/18/2002,05:25:00,America/Chicago,2002-05-18T10:25:00Z,MD,24,1,0,0,20000,38.4,-76.98,38.4,-76.9,5,50,1,1,17,0,0,0,FALSE,0
122,2002,5,2,5/2/2002,15:38:00,America/Chicago,2002-05-02T20:38:00Z,MD,24,2,0,0,330000,39.65,-76,39.7,-75.95,4.5,160,1,1,15,0,0,0,FALSE,0
158,2002,6,6,6/6/2002,15:05:00,America/Chicago,2002-06-06T20:05:00Z,MD,24,0,0,0,10000,39.43,-77.4,39.45,-77.38,2,50,1,1,21,0,0,0,FALSE,0
672,2003,10,14,10/14/2003,21:10:00,America/Chicago,2003-10-15T02:10:00Z,MD,24,1,0,0,500000,38.57,-76.05,38.57,-76.05,4,150,1,1,19,0,0,0,FALSE,0
1365,2003,11,5,11/5/2003,14:15:00,America/Chicago,2003-11-05T20:15:00Z,MD,24,1,0,0,200000,39.18,-77.32,39.18,-77.32,3,75,1,1,31,0,0,0,FALSE,0
1366,2003,11,5,11/5/2003,14:17:00,America/Chicago,2003-11-05T20:17:00Z,MD,24,1,0,0,1000000,39.18,-77.28,39.18,-77.28,7,100,1,1,31,0,0,0,FALSE,0
709,2003,3,29,3/29/2003,17:25:00,America/Chicago,2003-03-29T23:25:00Z,MD,24,0,0,0,NA,38.52,-77.02,38.52,-77.02,0.1,30,1,1,17,0,0,0,FALSE,0
710,2003,3,29,3/29/2003,17:35:00,America/Chicago,2003-03-29T23:35:00Z,MD,24,0,0,0,NA,38.53,-76.93,38.53,-76.93,0.1,30,1,1,17,0,0,0,FALSE,0
1338,2003,5,7,5/7/2003,17:23:00,America/Chicago,2003-05-07T22:23:00Z,MD,24,0,0,0,30000,38.45,-76.8,38.45,-76.78,0.5,75,1,1,37,0,0,0,FALSE,0
1339,2003,5,7,5/7/2003,17:30:00,America/Chicago,2003-05-07T22:30:00Z,MD,24,0,0,0,30000,38.38,-76.65,38.4,-76.62,2,100,1,1,37,0,0,0,FALSE,0
549,2003,7,14,7/14/2003,07:11:00,America/Chicago,2003-07-14T12:11:00Z,MD,24,0,0,0,NA,37.98,-75.85,37.98,-75.85,1,50,1,1,39,0,0,0,FALSE,0
659,2003,9,2,9/2/2003,16:34:00,America/Chicago,2003-09-02T21:34:00Z,MD,24,0,0,0,NA,38.47,-76.15,38.47,-76.15,0.2,50,1,1,19,0,0,0,FALSE,0
627,2004,10,16,10/16/2004,16:15:00,America/Chicago,2004-10-16T21:15:00Z,MD,24,0,0,0,2000,38.52,-76.15,38.52,-76.15,0.5,25,1,1,19,0,0,0,FALSE,0
956,2004,5,25,5/25/2004,15:37:00,America/Chicago,2004-05-25T20:37:00Z,MD,24,1,0,0,250000,39.68,-77.63,39.68,-77.62,1.5,100,1,1,43,0,0,0,FALSE,0
957,2004,5,25,5/25/2004,15:56:00,America/Chicago,2004-05-25T20:56:00Z,MD,24,0,0,0,NA,39.62,-77.6,39.65,-77.58,0.5,50,1,1,21,0,0,0,FALSE,0
1306,2004,6,14,6/14/2004,16:18:00,America/Chicago,2004-06-14T21:18:00Z,MD,24,1,0,0,2000,39.55,-77.32,39.5,-77.27,4.2,150,1,1,21,0,0,0,FALSE,0
1307,2004,6,14,6/14/2004,17:55:00,America/Chicago,2004-06-14T22:55:00Z,MD,24,0,0,0,1000,39.57,-76.25,39.58,-76.23,1.5,75,1,1,25,0,0,0,FALSE,0
241,2004,6,17,6/17/2004,17:10:00,America/Chicago,2004-06-17T22:10:00Z,MD,24,0,0,0,NA,38.53,-76.98,38.53,-76.98,0.3,75,1,1,17,0,0,0,FALSE,0
488,2004,7,12,7/12/2004,11:28:00,America/Chicago,2004-07-12T16:28:00Z,MD,24,1,0,0,NA,39.5,-75.95,39.52,-75.95,0.5,100,1,1,15,0,0,0,FALSE,0
489,2004,7,12,7/12/2004,11:30:00,America/Chicago,2004-07-12T16:30:00Z,MD,24,1,0,0,NA,39.52,-75.95,39.52,-75.95,0.8,200,1,1,15,0,0,0,FALSE,0
396,2004,7,14,7/14/2004,14:50:00,America/Chicago,2004-07-14T19:50:00Z,MD,24,1,0,0,10000,38.3,-76.5,38.28,-76.45,3,250,1,1,37,0,0,0,FALSE,0
1774,2004,9,17,9/17/2004,16:10:00,America/Chicago,2004-09-17T21:10:00Z,MD,24,1,0,0,320000,39.32,-77.63,39.5,-77.65,4,150,1,1,21,43,0,0,FALSE,0
1780,2004,9,17,9/17/2004,16:42:00,America/Chicago,2004-09-17T21:42:00Z,MD,24,0,0,0,10000,38.37,-77.2,38.42,-77.2,3,100,1,1,17,0,0,0,FALSE,0
1778,2004,9,17,9/17/2004,16:54:00,America/Chicago,2004-09-17T21:54:00Z,MD,24,1,0,0,50000,39.32,-77.47,39.42,-77.42,7,100,1,1,21,0,0,0,FALSE,0
1779,2004,9,17,9/17/2004,17:50:00,America/Chicago,2004-09-17T22:50:00Z,MD,24,2,0,0,10000,39.4,-77.55,39.4,-77.65,3,200,1,1,21,0,0,0,FALSE,0
1782,2004,9,18,9/18/2004,01:40:00,America/Chicago,2004-09-18T06:40:00Z,MD,24,1,0,0,100000,39.43,-76.37,39.43,-76.37,1,100,1,1,25,0,0,0,FALSE,0
1781,2004,9,18,9/18/2004,02:00:00,America/Chicago,2004-09-18T07:00:00Z,MD,24,2,0,0,350000,39.7,-76.37,39.73,-76.37,2,125,1,1,25,0,0,0,FALSE,0
625,2004,9,28,9/28/2004,14:00:00,America/Chicago,2004-09-28T19:00:00Z,MD,24,0,0,0,40000,38.33,-76.45,38.33,-76.45,0.3,50,1,1,9,0,0,0,FALSE,0
580,2004,9,30,9/30/2004,05:50:00,America/Chicago,2004-09-30T10:50:00Z,MD,24,0,0,0,NA,38.42,-76.27,38.42,-76.27,0.8,30,1,1,19,0,0,0,FALSE,0
624,2004,9,8,9/8/2004,10:58:00,America/Chicago,2004-09-08T15:58:00Z,MD,24,1,0,0,70000,38.47,-77.07,38.57,-77.17,5,150,1,1,17,0,0,0,FALSE,0
708,2006,6,27,6/27/2006,15:55:00,America/Chicago,2006-06-27T20:55:00Z,MD,24,0,0,0,1000000,38.37,-76.78,38.37,-76.83,3,50,1,1,37,0,0,0,FALSE,0
718,2006,7,5,7/5/2006,14:00:00,America/Chicago,2006-07-05T19:00:00Z,MD,24,0,0,0,3000,38.03,-75.78,38.03,-75.78,0.3,25,1,1,39,0,0,0,FALSE,0
939,2006,9,28,9/28/2006,16:34:00,America/Chicago,2006-09-28T21:34:00Z,MD,24,1,0,0,6000000,39.07,-76.55,39.1,-76.57,2,250,1,1,3,0,0,0,FALSE,0
727,2007,6,13,6/13/2007,15:10:00,America/Chicago,2007-06-13T20:10:00Z,MD,24,0,0,0,NA,39.56,-76.73,39.59,-76.73,2,75,1,1,5,0,0,0,FALSE,0
837,2007,7,16,7/16/2007,16:15:00,America/Chicago,2007-07-16T21:15:00Z,MD,24,1,0,0,10000,39.51,-76.41,39.47,-76.35,4,150,1,1,25,0,0,0,FALSE,0
484,2008,4,20,4/20/2008,12:09:00,America/Chicago,2008-04-20T17:09:00Z,MD,24,0,0,0,50000,38.59,-76.87,38.61,-76.88,1.7,100,1,1,17,0,0,0,FALSE,0
485,2008,4,20,4/20/2008,12:27:00,America/Chicago,2008-04-20T17:27:00Z,MD,24,1,0,0,40000,38.96,-76.98,38.97,-76.99,0.32,100,1,1,33,0,0,0,FALSE,0
654,2008,5,8,5/8/2008,22:24:00,America/Chicago,2008-05-09T03:24:00Z,MD,24,0,0,0,100000,38.77,-76.94,38.78,-76.94,0.54,50,1,1,33,0,0,0,FALSE,0
655,2008,5,8,5/8/2008,22:56:00,America/Chicago,2008-05-09T03:56:00Z,MD,24,0,0,0,50000,38.83,-76.91,38.84,-76.91,0.48,100,1,1,33,0,0,0,FALSE,0
1036,2008,6,4,6/4/2008,13:20:00,America/Chicago,2008-06-04T18:20:00Z,MD,24,0,0,0,2000,39.03,-77,39.03,-76.99,0.32,50,1,1,31,0,0,0,FALSE,0
1037,2008,6,4,6/4/2008,13:40:00,America/Chicago,2008-06-04T18:40:00Z,MD,24,0,0,0,400000,38.7,-76.56,38.69,-76.53,1.64,75,1,1,9,0,0,0,FALSE,0
1038,2008,6,4,6/4/2008,14:12:00,America/Chicago,2008-06-04T19:12:00Z,MD,24,0,0,0,300000,38.71,-75.93,38.71,-75.89,2.24,50,1,1,11,0,0,0,FALSE,0
778,2009,6,20,6/20/2009,13:31:00,America/Chicago,2009-06-20T18:31:00Z,MD,24,0,0,0,NA,39.4871,-76.3908,39.487,-76.3577,1,100,1,1,25,0,0,0,FALSE,0
779,2009,6,20,6/20/2009,13:44:00,America/Chicago,2009-06-20T18:44:00Z,MD,24,1,0,0,NA,39.3024,-76.4433,39.2505,-76.3647,5,150,1,1,5,0,0,0,FALSE,0
637,2009,6,9,6/9/2009,15:21:00,America/Chicago,2009-06-09T20:21:00Z,MD,24,0,0,0,NA,39.2895,-76.5258,39.282,-76.5024,1,150,1,1,5,0,0,0,FALSE,0
919,2009,7,23,7/23/2009,23:30:00,America/Chicago,2009-07-24T04:30:00Z,MD,24,0,2,0,10000,38.31,-76,38.3105,-75.9952,0.26,25,1,1,19,0,0,0,FALSE,2
945,2009,7,29,7/29/2009,12:48:00,America/Chicago,2009-07-29T17:48:00Z,MD,24,0,0,0,NA,39.544,-78.629,39.6062,-78.5088,5.3,100,1,1,1,0,0,0,FALSE,0
946,2009,7,29,7/29/2009,13:29:00,America/Chicago,2009-07-29T18:29:00Z,MD,24,0,0,0,NA,39.693,-78.3334,39.7,-78.3215,0.8,50,1,1,1,0,0,0,FALSE,0
963,2009,7,31,7/31/2009,12:06:00,America/Chicago,2009-07-31T17:06:00Z,MD,24,1,0,0,NA,39.3514,-77.3584,39.3708,-77.3168,2.6,125,1,1,21,0,0,0,FALSE,0
964,2009,7,31,7/31/2009,12:08:00,America/Chicago,2009-07-31T17:08:00Z,MD,24,1,0,0,NA,39.3531,-77.3352,39.3688,-77.2962,2.6,350,1,1,21,0,0,0,FALSE,0
965,2009,7,31,7/31/2009,12:40:00,America/Chicago,2009-07-31T17:40:00Z,MD,24,0,0,0,NA,39.492,-76.933,39.494,-76.916,0.92,100,1,1,13,0,0,0,FALSE,0
966,2009,7,31,7/31/2009,12:42:00,America/Chicago,2009-07-31T17:42:00Z,MD,24,1,0,0,NA,39.3261,-76.9301,39.3269,-76.9286,0.1,50,1,1,27,0,0,0,FALSE,0
1200,2010,11,17,11/17/2010,00:35:00,America/Chicago,2010-11-17T06:35:00Z,MD,24,1,3,0,250000,39.3665,-76.5705,39.3772,-76.5601,0.43,250,1,1,510,5,0,0,FALSE,3
1251,2010,12,1,12/1/2010,08:27:00,America/Chicago,2010-12-01T14:27:00Z,MD,24,0,0,0,10000,38.6262,-76.9655,38.6553,-76.9447,2.31,50,1,1,17,0,0,0,FALSE,0
1008,2010,8,12,8/12/2010,15:03:00,America/Chicago,2010-08-12T20:03:00Z,MD,24,0,0,0,15000,39.4403,-77.1837,39.4437,-77.1829,0.24,440,1,1,21,0,0,0,FALSE,0
1089,2010,9,30,9/30/2010,07:46:00,America/Chicago,2010-09-30T12:46:00Z,MD,24,0,0,0,15000,39.1,-76.45,39.1134,-76.4492,0.93,200,1,1,3,0,0,0,FALSE,0
301104,2011,4,16,4/16/2011,17:37:00,America/Chicago,2011-04-16T22:37:00Z,MD,24,1,0,0,50000,39.405,-77.2613,39.4144,-77.2431,1.17,50,1,1,21,0,0,0,FALSE,0
323593,2011,4,16,4/16/2011,17:38:00,America/Chicago,2011-04-16T22:38:00Z,MD,24,1,0,0,50000,39.4144,-77.2398,39.4474,-77.1701,4.36,50,1,1,21,0,0,0,FALSE,0
323595,2011,4,16,4/16/2011,17:47:00,America/Chicago,2011-04-16T22:47:00Z,MD,24,1,0,0,30000,39.4358,-77.1476,39.4595,-77.0897,3.5,50,1,1,21,13,0,0,FALSE,0
301112,2011,4,16,4/16/2011,17:51:00,America/Chicago,2011-04-16T22:51:00Z,MD,24,0,0,0,20000,39.6483,-77.0785,39.7204,-76.9182,1.95,75,1,1,13,0,0,0,FALSE,0
301573,2011,4,27,4/27/2011,17:06:00,America/Chicago,2011-04-27T22:06:00Z,MD,24,0,0,0,100000,38.746,-76.959,38.75,-76.954,0.39,75,1,1,33,0,0,0,FALSE,0
323590,2011,4,27,4/27/2011,17:12:00,America/Chicago,2011-04-27T22:12:00Z,MD,24,0,0,0,100000,38.7823,-76.9123,38.7824,-76.8988,0.73,50,1,1,33,0,0,0,FALSE,0
301576,2011,4,27,4/27/2011,17:16:00,America/Chicago,2011-04-27T22:16:00Z,MD,24,0,0,0,5000,38.81,-76.902,38.813,-76.889,0.39,100,1,1,33,0,0,0,FALSE,0
302214,2011,4,27,4/27/2011,23:27:00,America/Chicago,2011-04-28T04:27:00Z,MD,24,0,0,0,10000,39.555,-78.54,39.562,-78.535,0.55,75,1,1,1,0,0,0,FALSE,0
302219,2011,4,27,4/27/2011,23:35:00,America/Chicago,2011-04-28T04:35:00Z,MD,24,0,0,0,5000,39.601,-78.479,39.602,-78.477,0.55,75,1,1,1,0,0,0,FALSE,0
302255,2011,4,28,4/28/2011,04:45:00,America/Chicago,2011-04-28T09:45:00Z,MD,24,0,0,0,2000,39.152,-77.42,39.158,-77.408,0.76,50,1,1,31,0,0,0,FALSE,0
302256,2011,4,28,4/28/2011,05:37:00,America/Chicago,2011-04-28T10:37:00Z,MD,24,0,0,0,5000,39.568,-76.988,39.577,-76.984,0.66,50,1,1,13,0,0,0,FALSE,0
302265,2011,4,28,4/28/2011,06:09:00,America/Chicago,2011-04-28T11:09:00Z,MD,24,0,0,0,5000,39.609,-76.83,39.614,-76.81,1.12,50,1,1,5,0,0,0,FALSE,0
302268,2011,4,28,4/28/2011,07:54:00,America/Chicago,2011-04-28T12:54:00Z,MD,24,0,0,0,1000,39.598,-76.705,39.599,-76.704,1.12,75,1,1,5,0,0,0,FALSE,0
302273,2011,4,28,4/28/2011,09:25:00,America/Chicago,2011-04-28T14:25:00Z,MD,24,1,0,0,35000,38.263,-76.666,38.294,-76.618,3.37,150,1,1,37,0,0,0,FALSE,0
302277,2011,4,28,4/28/2011,09:41:00,America/Chicago,2011-04-28T14:41:00Z,MD,24,0,0,0,7000,38.366,-76.465,38.38,-76.439,1.71,50,1,1,9,0,0,0,FALSE,0
301093,2011,4,5,4/5/2011,02:48:00,America/Chicago,2011-04-05T07:48:00Z,MD,24,0,0,0,5000,38.6521,-76.8901,38.6534,-76.8899,0.09,50,1,1,17,0,0,0,FALSE,0
301094,2011,4,5,4/5/2011,02:55:00,America/Chicago,2011-04-05T07:55:00Z,MD,24,0,0,0,4000,38.968,-76.716,38.977,-76.694,1.34,50,1,1,33,3,0,0,FALSE,0
314974,2011,5,17,5/17/2011,15:35:00,America/Chicago,2011-05-17T20:35:00Z,MD,24,0,0,0,20000,39.59,-77.539,39.603,-77.551,1.1,50,1,1,21,0,0,0,FALSE,0
314973,2011,5,17,5/17/2011,18:10:00,America/Chicago,2011-05-17T23:10:00Z,MD,24,1,0,0,300000,39.681,-77.747,39.701,-77.777,2.11,200,1,1,43,0,0,0,FALSE,0
306910,2011,5,19,5/19/2011,10:35:00,America/Chicago,2011-05-19T15:35:00Z,MD,24,0,0,0,1000,39.1736,-76.0384,39.2113,-75.9895,3.69,17,1,1,35,0,0,0,FALSE,0
324214,2011,6,12,6/12/2011,14:07:00,America/Chicago,2011-06-12T19:07:00Z,MD,24,0,0,0,10000,39.674,-76.375,39.649,-76.378,1.73,75,1,1,25,0,0,0,FALSE,0
324215,2011,6,12,6/12/2011,14:50:00,America/Chicago,2011-06-12T19:50:00Z,MD,24,0,0,0,20000,39.474,-76.234,39.471,-76.234,0.21,50,1,1,25,0,0,0,FALSE,0
342670,2011,8,25,8/25/2011,15:58:00,America/Chicago,2011-08-25T20:58:00Z,MD,24,0,0,0,5000,38.3,-76.561,38.33,-76.511,3.41,50,1,1,37,0,0,0,FALSE,0
342669,2011,8,25,8/25/2011,16:11:00,America/Chicago,2011-08-25T21:11:00Z,MD,24,0,0,0,NA,38.283,-76.412,38.283,-76.411,0.05,25,1,1,37,0,0,0,FALSE,0
348553,2011,9,15,9/15/2011,13:35:00,America/Chicago,2011-09-15T18:35:00Z,MD,24,0,0,0,40000,38.3958,-75.0761,38.3957,-75.0611,0.81,40,1,1,47,0,0,0,FALSE,0
347217,2011,9,7,9/7/2011,17:33:00,America/Chicago,2011-09-07T22:33:00Z,MD,24,0,0,0,NA,38.215,-76.544,38.215,-76.562,0.98,50,1,1,37,0,0,0,FALSE,0
347219,2011,9,7,9/7/2011,19:34:00,America/Chicago,2011-09-08T00:34:00Z,MD,24,0,0,0,5000,38.411,-76.867,38.427,-76.851,1.4,50,1,1,17,0,0,0,FALSE,0
416427,2012,10,19,10/19/2012,17:07:00,America/Chicago,2012-10-19T22:07:00Z,MD,24,0,0,0,NA,39.609,-76.504,39.626,-76.502,1.2,100,1,1,25,0,0,0,FALSE,0
391763,2012,6,1,6/1/2012,12:29:00,America/Chicago,2012-06-01T17:29:00Z,MD,24,0,0,0,5000,39.274,-77.232,39.282,-77.233,0.56,150,1,1,31,0,0,0,FALSE,0
391764,2012,6,1,6/1/2012,12:37:00,America/Chicago,2012-06-01T17:37:00Z,MD,24,0,0,0,5000,39.099,-77.446,39.107,-77.447,0.56,50,1,1,31,0,0,0,FALSE,0
391765,2012,6,1,6/1/2012,12:48:00,America/Chicago,2012-06-01T17:48:00Z,MD,24,0,0,0,5000,39.358,-77.139,39.364,-77.137,0.43,100,1,1,13,0,0,0,FALSE,0
391766,2012,6,1,6/1/2012,12:52:00,America/Chicago,2012-06-01T17:52:00Z,MD,24,1,0,0,5000,39.357,-77.139,39.374,-77.107,2.07,200,1,1,27,0,0,0,FALSE,0
391768,2012,6,1,6/1/2012,13:09:00,America/Chicago,2012-06-01T18:09:00Z,MD,24,0,0,0,50000,39.245,-77.194,39.251,-77.19,0.47,75,1,1,31,0,0,0,FALSE,0
391767,2012,6,1,6/1/2012,13:21:00,America/Chicago,2012-06-01T18:21:00Z,MD,24,1,0,0,200000,39.503,-76.952,39.527,-76.908,2.87,150,1,1,13,0,0,0,FALSE,0
391769,2012,6,1,6/1/2012,14:29:00,America/Chicago,2012-06-01T19:29:00Z,MD,24,0,0,0,100000,39.15,-76.878,39.172,-76.87,1.58,150,1,1,27,0,0,0,FALSE,0
391775,2012,6,1,6/1/2012,15:27:00,America/Chicago,2012-06-01T20:27:00Z,MD,24,0,0,0,2000,38.944,-76.846,38.953,-76.834,0.9,50,1,1,33,0,0,0,FALSE,0
391771,2012,6,1,6/1/2012,15:46:00,America/Chicago,2012-06-01T20:46:00Z,MD,24,0,0,0,3000,39.047,-76.755,39.049,-76.756,0.15,75,1,1,3,0,0,0,FALSE,0
391779,2012,6,1,6/1/2012,15:56:00,America/Chicago,2012-06-01T20:56:00Z,MD,24,1,2,0,300000,39.487,-76.393,39.504,-76.388,1.2,300,1,1,25,0,0,0,FALSE,2
391806,2012,6,1,6/1/2012,16:31:00,America/Chicago,2012-06-01T21:31:00Z,MD,24,1,0,0,2000,39.688,-78.376,39.699,-78.361,1.1,175,1,1,1,0,0,0,FALSE,0
391802,2012,6,1,6/1/2012,17:06:00,America/Chicago,2012-06-01T22:06:00Z,MD,24,0,0,0,100000,39.098,-76.744,39.179,-76.678,6.62,100,1,1,3,0,0,0,FALSE,0
375967,2012,6,1,6/1/2012,18:30:00,America/Chicago,2012-06-01T23:30:00Z,MD,24,0,0,0,100000,39.0559,-76.0045,39.0559,-76.0045,5,50,1,1,35,0,0,0,FALSE,0
404532,2012,7,15,7/15/2012,13:24:00,America/Chicago,2012-07-15T18:24:00Z,MD,24,0,0,0,10000,38.2233,-76.7515,38.2241,-76.7516,0.05,50,1,1,37,0,0,0,FALSE,0
409451,2012,8,7,8/7/2012,15:55:00,America/Chicago,2012-08-07T20:55:00Z,MD,24,0,0,0,NA,38.5103,-76.6628,38.5138,-76.6748,0.69,25,1,1,9,0,0,0,FALSE,0
449088,2013,4,19,4/19/2013,17:26:00,America/Chicago,2013-04-19T22:26:00Z,MD,24,0,0,0,25000,38.837,-76.813,38.843,-76.807,0.5,75,1,1,33,0,0,0,FALSE,0
459693,2013,6,10,6/10/2013,13:24:00,America/Chicago,2013-06-10T18:24:00Z,MD,24,0,0,0,1000,39.462,-76.449,39.473,-76.447,0.5,100,1,1,5,0,0,0,FALSE,0
459751,2013,6,10,6/10/2013,13:44:00,America/Chicago,2013-06-10T18:44:00Z,MD,24,0,0,0,10000,39.262,-76.593,39.265,-76.593,0.2,75,1,1,5,0,0,0,FALSE,0
459735,2013,6,10,6/10/2013,19:01:00,America/Chicago,2013-06-11T00:01:00Z,MD,24,0,0,0,500,38.223,-76.755,38.226,-76.753,0.25,50,1,1,37,0,0,0,FALSE,0
460443,2013,6,13,6/13/2013,13:24:00,America/Chicago,2013-06-13T18:24:00Z,MD,24,0,0,0,NA,38.278,-76.74,38.309,-76.488,13.83,200,1,1,37,0,0,0,FALSE,0
460451,2013,6,13,6/13/2013,13:38:00,America/Chicago,2013-06-13T18:38:00Z,MD,24,0,0,0,1000,39.08,-77.32,39.108,-76.947,20.1,150,1,1,31,0,0,0,FALSE,0
460447,2013,6,13,6/13/2013,13:42:00,America/Chicago,2013-06-13T18:42:00Z,MD,24,0,0,0,NA,38.401,-76.541,38.422,-76.513,1.8,75,1,1,37,0,0,0,FALSE,0
470256,2013,7,22,7/22/2013,22:12:00,America/Chicago,2013-07-23T03:12:00Z,MD,24,0,0,0,3000,39.628,-76.182,39.632,-76.169,0.8,100,1,1,25,0,0,0,FALSE,0
470255,2013,7,1,7/1/2013,17:33:00,America/Chicago,2013-07-01T22:33:00Z,MD,24,0,0,0,500,38.7045,-76.9004,38.7365,-76.8894,2.3,75,1,1,33,0,0,0,FALSE,0
473613,2013,8,13,8/13/2013,04:01:00,America/Chicago,2013-08-13T09:01:00Z,MD,24,0,0,0,NA,39.516,-76.265,39.509,-76.247,1,75,1,1,25,0,0,0,FALSE,0
546054,2014,10,15,10/15/2014,11:13:00,America/Chicago,2014-10-15T16:13:00Z,MD,24,0,0,0,NA,39.128,-76.829,39.132,-76.827,0.3,75,1,1,27,0,0,0,FALSE,0
502219,2014,2,21,2/21/2014,11:23:00,America/Chicago,2014-02-21T17:23:00Z,MD,24,0,0,0,NA,38.242,-76.68,38.377,-76.396,23.63,75,1,1,37,9,0,0,FALSE,0
584593,2015,6,20,6/20/2015,17:39:00,America/Chicago,2015-06-20T22:39:00Z,MD,24,0,0,0,5000,39.2604,-77.465,39.2814,-77.4609,1.47,75,1,1,21,0,0,0,FALSE,0
583154,2015,6,27,6/27/2015,14:28:00,America/Chicago,2015-06-27T19:28:00Z,MD,24,1,0,0,500000,38.343,-76.97,38.353,-76.935,2.02,100,1,1,17,0,0,0,FALSE,0
583156,2015,6,27,6/27/2015,14:32:00,America/Chicago,2015-06-27T19:32:00Z,MD,24,1,0,0,13000,38.294,-76.907,38.39,-76.636,16.11,800,1,1,17,37,0,0,FALSE,0
599512,2015,9,29,9/29/2015,20:02:00,America/Chicago,2015-09-30T01:02:00Z,MD,24,0,0,0,NA,39.0958,-76.8411,39.1511,-76.8819,4.4,75,1,1,33,27,0,0,FALSE,0
613610,2016,2,24,2/24/2016,18:12:00,America/Chicago,2016-02-25T00:12:00Z,MD,24,0,0,0,NA,38.2259,-76.6354,38.2395,-76.625,6.55,75,1,1,37,0,0,0,FALSE,0
614103,2016,6,21,6/21/2016,11:29:00,America/Chicago,2016-06-21T16:29:00Z,MD,24,0,0,0,NA,39.3314,-77.1119,39.2656,-76.8913,12.64,500,1,1,27,0,0,0,FALSE,0
614253,2016,8,1,8/1/2016,14:40:00,America/Chicago,2016-08-01T19:40:00Z,MD,24,0,0,0,75000,38.34,-75.09,38.39,-75.06,3.82,50,1,1,47,0,0,0,FALSE,0
614643,2017,2,25,2/25/2017,14:06:00,America/Chicago,2017-02-25T20:06:00Z,MD,24,1,0,0,NA,38.5551,-76.9841,38.6275,-76.8583,8.44,125,1,1,17,0,0,0,FALSE,0
615461,2017,6,19,6/19/2017,13:49:00,America/Chicago,2017-06-19T18:49:00Z,MD,24,0,0,0,NA,39.0274,-77.0176,39.0284,-77.0138,0.22,100,1,1,31,0,0,0,FALSE,0
615594,2017,7,23,7/23/2017,23:23:00,America/Chicago,2017-07-24T04:23:00Z,MD,24,2,1,0,NA,38.9637,-76.3485,38.9778,-76.3104,2.37,150,1,1,35,0,0,0,FALSE,1
615617,2017,8,7,8/7/2017,11:40:00,America/Chicago,2017-08-07T16:40:00Z,MD,24,1,0,0,750000,38.3408,-75.6066,38.3575,-75.5899,1.47,150,1,1,45,0,0,0,FALSE,0
616914,2018,11,2,11/2/2018,18:19:00,America/Chicago,2018-11-02T23:19:00Z,MD,24,2,0,0,900000,39.3479,-77.1713,39.4046,-77.1086,5.45,400,1,1,27,13,0,0,FALSE,0
616915,2018,11,2,11/2/2018,19:42:00,America/Chicago,2018-11-03T00:42:00Z,MD,24,1,1,2,15000,39.27,-76.5552,39.274,-76.508,2.72,150,1,1,510,5,0,0,FALSE,3
617268,2019,4,15,4/15/2019,01:31:00,America/Chicago,2019-04-15T06:31:00Z,MD,24,0,0,0,15000,38.65,-75.76,38.6572,-75.7577,0.5,100,1,1,19,0,0,0,FALSE,0
617393,2019,4,26,4/26/2019,13:19:00,America/Chicago,2019-04-26T18:19:00Z,MD,24,1,0,0,NA,39.5647,-76.6103,39.5934,-76.5695,2.94,150,1,1,5,0,0,0,FALSE,0
617745,2019,5,23,5/23/2019,13:27:00,America/Chicago,2019-05-23T18:27:00Z,MD,24,1,1,0,NA,39.2072,-76.9451,39.179,-76.8484,5.53,150,1,1,27,0,0,0,FALSE,1
617959,2019,5,30,5/30/2019,12:48:00,America/Chicago,2019-05-30T17:48:00Z,MD,24,0,0,0,22000,39.383,-77.382,39.357,-77.265,6.5,75,1,1,21,0,0,0,FALSE,0
617960,2019,5,30,5/30/2019,13:20:00,America/Chicago,2019-05-30T18:20:00Z,MD,24,1,0,0,NA,39.258,-77.027,39.248,-76.944,4.49,100,1,1,27,0,0,0,FALSE,0
618019,2019,6,13,6/13/2019,21:02:00,America/Chicago,2019-06-14T02:02:00Z,MD,24,1,0,0,NA,39.48,-75.9942,39.4988,-75.9123,4.56,580,1,1,15,0,0,0,FALSE,0
619594,2020,11,30,11/30/2020,13:37:00,America/Chicago,2020-11-30T19:37:00Z,MD,24,1,0,0,NA,39.644,-76.063,39.603,-76.097,3.36,75,1,1,15,0,0,0,FALSE,0
619595,2020,11,30,11/30/2020,14:13:00,America/Chicago,2020-11-30T20:13:00Z,MD,24,0,0,0,NA,39.0675,-75.852,39.122,-75.782,5.32,75,1,1,11,0,0,0,FALSE,0
618661,2020,2,7,2/7/2020,06:28:00,America/Chicago,2020-02-07T12:28:00Z,MD,24,1,0,0,92000,39.1763,-77.4827,39.1819,-77.4633,1.11,150,1,1,31,0,0,0,FALSE,0
618662,2020,2,7,2/7/2020,06:38:00,America/Chicago,2020-02-07T12:38:00Z,MD,24,0,0,0,70000,39.1301,-77.3464,39.1431,-77.3113,2.08,75,1,1,31,0,0,0,FALSE,0
618663,2020,2,7,2/7/2020,06:44:00,America/Chicago,2020-02-07T12:44:00Z,MD,24,1,0,0,340000,39.3427,-77.2758,39.4155,-77.1917,6.74,150,1,1,21,0,0,0,FALSE,0
618664,2020,2,7,2/7/2020,07:03:00,America/Chicago,2020-02-07T13:03:00Z,MD,24,1,0,0,574000,39.562,-77.031,39.661,-76.886,10.31,100,1,1,13,0,0,0,FALSE,0
618665,2020,2,7,2/7/2020,08:39:00,America/Chicago,2020-02-07T14:39:00Z,MD,24,1,0,0,NA,39.65,-75.82,39.65,-75.8,1.06,200,1,1,15,0,0,0,FALSE,0
618926,2020,4,13,4/13/2020,11:47:00,America/Chicago,2020-04-13T16:47:00Z,MD,24,1,0,0,300000,39.6087,-77.085,39.6103,-77.0782,0.38,75,1,1,13,0,0,0,FALSE,0
618927,2020,4,13,4/13/2020,13:27:00,America/Chicago,2020-04-13T18:27:00Z,MD,24,0,0,0,NA,39.0642,-75.8548,39.0649,-75.7644,4.85,30,1,1,11,0,0,0,FALSE,0
619360,2020,8,4,8/4/2020,03:55:00,America/Chicago,2020-08-04T08:55:00Z,MD,24,2,0,0,230000,38.4474,-75.7575,38.4636,-75.7671,1.3,150,1,1,45,0,0,0,FALSE,0
619362,2020,8,4,8/4/2020,04:27:00,America/Chicago,2020-08-04T09:27:00Z,MD,24,0,0,0,NA,38.093,-76.365,38.114,-76.369,1.47,75,1,1,37,0,0,0,FALSE,0
619363,2020,8,4,8/4/2020,04:32:00,America/Chicago,2020-08-04T09:32:00Z,MD,24,0,0,0,NA,38.174,-76.528,38.245,-76.562,5.24,100,1,1,37,0,0,0,FALSE,0
619364,2020,8,4,8/4/2020,04:52:00,America/Chicago,2020-08-04T09:52:00Z,MD,24,0,0,0,250000,38.3336,-76.4782,38.3435,-76.47,0.82,175,1,1,9,0,0,0,FALSE,0
619365,2020,8,4,8/4/2020,05:14:00,America/Chicago,2020-08-04T10:14:00Z,MD,24,2,0,0,150000,38.0969,-75.3983,38.0436,-75.3813,3.8,200,1,1,47,0,0,0,FALSE,0
619366,2020,8,4,8/4/2020,05:22:00,America/Chicago,2020-08-04T10:22:00Z,MD,24,0,0,0,50000,38.329,-75.7318,38.3677,-75.743,2.7,100,1,1,45,0,0,0,FALSE,0
619367,2020,8,4,8/4/2020,05:33:00,America/Chicago,2020-08-04T10:33:00Z,MD,24,1,0,0,NA,38.615,-76.512,38.6354,-76.5612,3.01,100,1,1,9,0,0,0,FALSE,0
619368,2020,8,4,8/4/2020,05:35:00,America/Chicago,2020-08-04T10:35:00Z,MD,24,0,0,0,15000,38.4067,-75.2465,38.2929,-75.2188,8,75,1,1,47,0,0,0,FALSE,0
619369,2020,8,4,8/4/2020,05:55:00,America/Chicago,2020-08-04T10:55:00Z,MD,24,0,0,0,20000,38.4013,-75.1758,38.2627,-75.1579,9.63,75,1,1,47,0,0,0,FALSE,0
619370,2020,8,4,8/4/2020,06:18:00,America/Chicago,2020-08-04T11:18:00Z,MD,24,0,0,0,NA,38.935,-76.1363,38.935,-76.15,0.74,35,1,1,35,0,0,0,FALSE,0
619523,2020,9,3,9/3/2020,15:57:00,America/Chicago,2020-09-03T20:57:00Z,MD,24,0,0,0,1250000,38.948,-76.5695,38.9233,-76.4615,6.05,100,1,1,3,0,0,0,FALSE,0
619914,2021,5,3,5/3/2021,18:14:00,America/Chicago,2021-05-03T23:14:00Z,MD,24,0,0,0,150000,39.452,-77.2922,39.456,-77.2785,0.78,200,1,1,21,0,0,0,FALSE,0
619916,2021,5,3,5/3/2021,18:35:00,America/Chicago,2021-05-03T23:35:00Z,MD,24,0,0,0,100000,39.482,-77.153,39.49,-77.147,0.64,150,1,1,21,0,0,0,FALSE,0
619918,2021,5,3,5/3/2021,18:47:00,America/Chicago,2021-05-03T23:47:00Z,MD,24,0,0,0,50000,39.511,-77.084,39.513,-77.081,0.21,75,1,1,13,0,0,0,FALSE,0
620133,2021,6,3,6/3/2021,14:51:00,America/Chicago,2021-06-03T19:51:00Z,MD,24,1,0,0,250000,39.506,-76.569,39.52,-76.532,2.2,120,1,1,5,0,0,0,FALSE,0
620335,2021,7,29,7/29/2021,15:07:00,America/Chicago,2021-07-29T20:07:00Z,MD,24,0,0,0,50000,39.1811,-76.8219,39.1823,-76.8167,0.29,50,1,1,27,0,0,0,FALSE,0
620510,2021,9,1,9/1/2021,12:01:00,America/Chicago,2021-09-01T17:01:00Z,MD,24,2,0,0,NA,38.85,-76.596,39.001,-76.509,11.43,200,1,1,3,0,0,0,FALSE,0
620511,2021,9,1,9/1/2021,12:48:00,America/Chicago,2021-09-01T17:48:00Z,MD,24,0,0,0,40000,39.197,-76.442,39.285,-76.388,6.73,75,1,1,5,0,0,0,FALSE,0
620513,2021,9,1,9/1/2021,14:45:00,America/Chicago,2021-09-01T19:45:00Z,MD,24,0,0,0,30000,38.67,-75.86,38.62,-75.89,3.82,50,1,1,19,0,0,0,FALSE,0
621618,2022,5,27,5/27/2022,10:22:00,America/Chicago,2022-05-27T15:22:00Z,MD,24,0,0,0,200000,39.1589,-77.0719,39.1615,-77.0698,0.21,125,1,1,31,0,0,0,FALSE,0
621626,2022,5,27,5/27/2022,18:32:00,America/Chicago,2022-05-27T23:32:00Z,MD,24,1,0,0,110000,38.4957,-76.782,38.5203,-76.7121,4.14,100,1,1,37,17,0,0,FALSE,0
621718,2022,6,8,6/8/2022,18:42:00,America/Chicago,2022-06-08T23:42:00Z,MD,24,0,0,0,100000,38.4256,-76.7184,38.4373,-76.6649,3.01,75,1,1,37,0,0,0,FALSE,0
621804,2022,7,5,7/5/2022,15:31:00,America/Chicago,2022-07-05T20:31:00Z,MD,24,1,0,0,250000,38.972,-76.746,38.97,-76.732,0.8,125,1,1,33,0,0,0,FALSE,0
621805,2022,7,5,7/5/2022,15:55:00,America/Chicago,2022-07-05T20:55:00Z,MD,24,NA,0,0,NA,38.896,-76.599,38.895,-76.597,0.13,50,1,1,3,0,0,0,FALSE,0
621871,2022,8,4,8/4/2022,17:20:00,America/Chicago,2022-08-04T22:20:00Z,MD,24,1,1,0,250000,37.9695,-76.0467,38,-76.03,2.3,100,1,1,39,0,0,0,FALSE,1
