208,1952,7,19,7/19/1952,17:30:00,America/Chicago,1952-07-19T22:30:00Z,MT,30,3,0,0,500000,46.37,-104.28,46.37,-103.12,55.5,10,1,1,25,0,0,0,TRUE,0
209,1952,7,19,7/19/1952,18:30:00,America/Chicago,1952-07-19T23:30:00Z,MT,30,3,2,1,500000,46.97,-104.25,47.02,-103.88,16.4,10,2,0,0,0,0,0,FALSE,3
189,1953,5,24,5/24/1953,17:00:00,America/Chicago,1953-05-24T22:00:00Z,MT,30,3,0,0,50000,46.98,-104.18,47.1,-104.07,9.3,400,1,1,109,0,0,0,TRUE,0
312,1953,6,23,6/23/1953,21:55:00,America/Chicago,1953-06-24T02:55:00Z,MT,30,2,0,0,500,47.23,-105.15,47.58,-104.65,33.5,1320,1,1,21,0,0,0,FALSE,0
313,1953,6,23,6/23/1953,22:30:00,America/Chicago,1953-06-24T03:30:00Z,MT,30,0,0,0,NA,47.27,-105.12,0,0,0.1,10,1,1,21,0,0,0,TRUE,0
257,1953,6,7,6/7/1953,19:00:00,America/Chicago,1953-06-08T00:00:00Z,MT,30,0,0,0,NA,47.28,-112.17,0,0,0.1,10,1,1,49,0,0,0,TRUE,0
354,1953,7,30,7/30/1953,20:00:00,America/Chicago,1953-07-31T01:00:00Z,MT,30,1,0,0,500,48.08,-105.58,0,0,0.1,10,1,1,85,0,0,0,FALSE,0
268,1954,5,27,5/27/1954,17:00:00,America/Chicago,1954-05-27T22:00:00Z,MT,30,2,0,0,5000,45.43,-105.38,0,0,0.1,23,1,1,75,0,0,0,FALSE,0
438,1954,7,26,7/26/1954,17:00:00,America/Chicago,1954-07-26T22:00:00Z,MT,30,1,0,0,NA,45.85,-104.07,45.9,-104.05,2.7,17,1,1,11,0,0,0,FALSE,0
418,1954,7,9,7/9/1954,23:00:00,America/Chicago,1954-07-10T04:00:00Z,MT,30,1,0,0,500,48.65,-106.2,0,0,2,73,1,1,105,0,0,0,TRUE,0
488,1954,8,26,8/26/1954,17:00:00,America/Chicago,1954-08-26T22:00:00Z,MT,30,2,0,0,50000,47.58,-105.6,47.87,-105.43,20.9,880,1,1,55,0,0,0,FALSE,0
464,1955,7,6,7/6/1955,15:30:00,America/Chicago,1955-07-06T20:30:00Z,MT,30,1,0,0,50000,45.88,-108.3,0,0,2,50,1,1,111,0,0,0,TRUE,0
466,1955,7,6,7/6/1955,17:30:00,America/Chicago,1955-07-06T22:30:00Z,MT,30,1,0,0,5000,46.23,-107.27,0,0,2,73,1,1,103,0,0,0,FALSE,0
468,1955,7,6,7/6/1955,21:15:00,America/Chicago,1955-07-07T02:15:00Z,MT,30,1,0,0,50000,46.77,-105.32,0,0,0.1,1000,1,1,79,0,0,0,FALSE,0
677,1957,7,7,7/7/1957,16:00:00,America/Chicago,1957-07-07T21:00:00Z,MT,30,1,0,0,500,47,-110.02,0,0,1.5,20,1,1,45,0,0,0,FALSE,0
276,1958,6,18,6/18/1958,14:30:00,America/Chicago,1958-06-18T19:30:00Z,MT,30,1,0,0,500,48.1,-106.4,0,0,0.1,10,1,1,105,0,0,0,TRUE,0
202,1958,6,4,6/4/1958,17:25:00,America/Chicago,1958-06-04T22:25:00Z,MT,30,0,0,0,50,47.7,-111.2,0,0,0.1,10,1,1,13,0,0,0,TRUE,0
328,1958,7,2,7/2/1958,18:20:00,America/Chicago,1958-07-02T23:20:00Z,MT,30,2,2,0,5000000,45.8,-108.48,0,0,0.5,50,1,1,111,0,0,0,FALSE,2
463,1958,8,12,8/12/1958,17:45:00,America/Chicago,1958-08-12T22:45:00Z,MT,30,1,1,0,5000,45.7,-108.8,0,0,0.5,10,1,1,111,0,0,0,TRUE,1
383,1959,6,20,6/20/1959,20:00:00,America/Chicago,1959-06-21T01:00:00Z,MT,30,1,0,0,5000,48.83,-105.33,0,0,0.1,100,1,1,19,0,0,0,TRUE,0
398,1959,6,26,6/26/1959,17:30:00,America/Chicago,1959-06-26T22:30:00Z,MT,30,1,0,0,5000,48.1,-105.22,48.18,-105.18,5.4,100,1,1,85,0,0,0,FALSE,0
472,1959,8,2,8/2/1959,11:44:00,America/Chicago,1959-08-02T16:44:00Z,MT,30,0,0,0,50,45.37,-112.98,0,0,0.1,10,1,1,1,0,0,0,TRUE,0
380,1960,6,15,6/15/1960,10:35:00,America/Chicago,1960-06-15T15:35:00Z,MT,30,1,0,0,5000,45.7,-111.07,0,0,1.3,17,1,1,31,0,0,0,FALSE,0
454,1960,6,29,6/29/1960,20:35:00,America/Chicago,1960-06-30T01:35:00Z,MT,30,1,0,0,500,47.5,-110.8,0,0,0.3,10,1,1,15,0,0,0,TRUE,0
486,1960,7,22,7/22/1960,15:25:00,America/Chicago,1960-07-22T20:25:00Z,MT,30,0,0,0,NA,46.6,-112,0,0,1,10,1,1,49,0,0,0,FALSE,0
468,1961,6,29,6/29/1961,16:00:00,America/Chicago,1961-06-29T21:00:00Z,MT,30,1,0,0,5000,47.4,-111.1,0,0,0.1,10,1,1,13,0,0,0,TRUE,0
469,1961,6,29,6/29/1961,17:15:00,America/Chicago,1961-06-29T22:15:00Z,MT,30,4,1,0,5000000,47.1,-104.7,47.22,-104.4,15.9,10,1,1,21,0,0,0,TRUE,1
159,1962,5,17,5/17/1962,18:00:00,America/Chicago,1962-05-17T23:00:00Z,MT,30,0,0,0,NA,46.42,-112.92,0,0,0.1,10,1,1,77,0,0,0,FALSE,0
181,1962,5,19,5/19/1962,17:00:00,America/Chicago,1962-05-19T22:00:00Z,MT,30,2,0,0,50000,45.3,-112.7,0,0,2,17,1,1,1,0,0,0,FALSE,0
418,1962,6,14,6/14/1962,15:45:00,America/Chicago,1962-06-14T20:45:00Z,MT,30,2,0,0,NA,45.4,-113.4,0,0,0.1,10,1,1,1,0,0,0,FALSE,0
467,1962,6,22,6/22/1962,18:30:00,America/Chicago,1962-06-22T23:30:00Z,MT,30,1,0,0,5000,47.6,-111.9,0,0,0.1,10,1,1,83,0,0,0,TRUE,0
521,1962,7,14,7/14/1962,15:45:00,America/Chicago,1962-07-14T20:45:00Z,MT,30,0,0,0,NA,45.4,-113.4,0,0,0.1,10,1,1,1,0,0,0,TRUE,0
532,1962,7,18,7/18/1962,18:00:00,America/Chicago,1962-07-18T23:00:00Z,MT,30,2,0,0,NA,46.58,-105,46.3,-104.25,40.6,10,1,1,79,17,25,0,FALSE,0
547,1962,7,22,7/22/1962,18:30:00,America/Chicago,1962-07-22T23:30:00Z,MT,30,1,0,0,5000,47.9,-104,0,0,0.1,10,1,1,83,0,0,0,TRUE,0
487,1962,7,1,7/1/1962,16:15:00,America/Chicago,1962-07-01T21:15:00Z,MT,30,1,0,0,500,48.5,-109.8,48.5,-109.7,3.8,10,1,1,41,0,0,0,TRUE,0
571,1962,8,4,8/4/1962,20:45:00,America/Chicago,1962-08-05T01:45:00Z,MT,30,2,0,0,500000,48.7,-106.5,48.95,-105.63,42.9,73,1,1,105,0,0,0,FALSE,0
583,1962,8,7,8/7/1962,22:00:00,America/Chicago,1962-08-08T03:00:00Z,MT,30,2,0,0,5000,47.3,-108.4,0,0,2,10,1,1,69,0,0,0,FALSE,0
245,1963,6,5,6/5/1963,13:00:00,America/Chicago,1963-06-05T18:00:00Z,MT,30,0,0,0,NA,47.8,-112,0,0,1.5,10,1,1,99,0,0,0,TRUE,0
366,1963,7,24,7/24/1963,16:35:00,America/Chicago,1963-07-24T21:35:00Z,MT,30,0,0,0,NA,47.5,-111.3,0,0,0.5,10,1,1,13,0,0,0,TRUE,0
322,1963,7,3,7/3/1963,21:45:00,America/Chicago,1963-07-04T02:45:00Z,MT,30,0,0,0,NA,47.7,-111.5,0,0,0.1,10,1,1,15,0,0,0,TRUE,0
172,1964,4,25,4/25/1964,15:00:00,America/Chicago,1964-04-25T21:00:00Z,MT,30,2,1,0,500000,45.4,-105.4,0,0,6,40,1,1,75,0,0,0,FALSE,1
353,1964,6,7,6/7/1964,17:58:00,America/Chicago,1964-06-07T22:58:00Z,MT,30,0,0,0,NA,45.8,-108.9,0,0,0.1,10,1,1,111,0,0,0,TRUE,0
519,1964,7,18,7/18/1964,16:00:00,America/Chicago,1964-07-18T21:00:00Z,MT,30,1,0,0,5000,45.5,-105.4,0,0,0.1,10,1,1,75,0,0,0,FALSE,0
522,1964,7,20,7/20/1964,22:30:00,America/Chicago,1964-07-21T03:30:00Z,MT,30,2,0,0,NA,46.4,-109.8,0,0,2,10,1,1,27,0,0,0,FALSE,0
486,1964,7,2,7/2/1964,17:00:00,America/Chicago,1964-07-02T22:00:00Z,MT,30,1,0,0,NA,47.6,-112,47.6,-111.42,27,10,1,1,99,0,0,0,TRUE,0
545,1964,8,1,8/1/1964,20:00:00,America/Chicago,1964-08-02T01:00:00Z,MT,30,0,0,0,NA,48.1,-105.5,0,0,0.1,10,1,1,85,0,0,0,TRUE,0
480,1965,5,29,5/29/1965,19:30:00,America/Chicago,1965-05-30T00:30:00Z,MT,30,1,0,0,500,45.6,-112.9,0,0,0.1,10,1,1,1,0,0,0,TRUE,0
571,1965,6,16,6/16/1965,19:30:00,America/Chicago,1965-06-17T00:30:00Z,MT,30,3,0,0,50000,45.8,-108.5,45.8,-108.07,20.6,10,1,1,111,0,0,0,TRUE,0
661,1965,7,10,7/10/1965,17:10:00,America/Chicago,1965-07-10T22:10:00Z,MT,30,2,1,0,50000,46.8,-110.4,0,0,2,23,1,1,45,0,0,0,FALSE,1
662,1965,7,10,7/10/1965,17:15:00,America/Chicago,1965-07-10T22:15:00Z,MT,30,1,5,0,5000000,47.8,-110.8,0,0,0.2,10,1,1,15,0,0,0,TRUE,5
667,1965,7,11,7/11/1965,21:30:00,America/Chicago,1965-07-12T02:30:00Z,MT,30,2,0,0,50000,46.6,-104.8,46.6,-104.67,5.4,67,1,1,17,0,0,0,FALSE,0
668,1965,7,12,7/12/1965,15:40:00,America/Chicago,1965-07-12T20:40:00Z,MT,30,0,0,0,NA,45.5,-107.6,0,0,0.1,10,1,1,3,0,0,0,TRUE,0
696,1965,7,19,7/19/1965,15:00:00,America/Chicago,1965-07-19T20:00:00Z,MT,30,0,0,0,NA,45.6,-104.7,0,0,0.1,10,1,1,11,0,0,0,TRUE,0
747,1965,8,22,8/22/1965,13:00:00,America/Chicago,1965-08-22T18:00:00Z,MT,30,1,0,0,NA,45.8,-110,0,0,1.5,10,1,1,97,0,0,0,FALSE,0
723,1965,8,5,8/5/1965,17:00:00,America/Chicago,1965-08-05T22:00:00Z,MT,30,0,0,0,NA,48.9,-105.4,0,0,0.1,10,1,1,19,0,0,0,TRUE,0
423,1966,7,25,7/25/1966,18:00:00,America/Chicago,1966-07-25T23:00:00Z,MT,30,2,0,0,500,45.4,-105.4,0,0,2,17,1,1,75,0,0,0,FALSE,0
349,1966,7,2,7/2/1966,16:30:00,America/Chicago,1966-07-02T21:30:00Z,MT,30,2,0,0,NA,47.5,-112.3,0,0,0.8,50,1,1,99,0,0,0,FALSE,0
338,1968,6,13,6/13/1968,15:00:00,America/Chicago,1968-06-13T20:00:00Z,MT,30,0,0,0,500,45.3,-107,0,0,0.1,10,1,1,3,0,0,0,FALSE,0
418,1969,7,15,7/15/1969,15:30:00,America/Chicago,1969-07-15T20:30:00Z,MT,30,1,0,0,500,45.87,-104.53,0,0,0.1,10,1,1,11,0,0,0,FALSE,0
552,1969,9,21,9/21/1969,00:30:00,America/Chicago,1969-09-21T05:30:00Z,MT,30,2,0,0,50000,48.3,-104.6,0,0,1,33,1,1,85,0,0,0,FALSE,0
485,1970,8,6,8/6/1970,11:00:00,America/Chicago,1970-08-06T16:00:00Z,MT,30,1,0,0,500,48.4,-105.85,0,0,0.1,10,1,1,105,0,0,0,FALSE,0
219,1971,5,4,5/4/1971,16:15:00,America/Chicago,1971-05-04T21:15:00Z,MT,30,0,0,0,NA,46.65,-112.97,0,0,0.5,30,1,1,39,0,0,0,FALSE,0
577,1971,6,28,6/28/1971,20:00:00,America/Chicago,1971-06-29T01:00:00Z,MT,30,0,0,0,NA,48.45,-108.27,0,0,2,10,1,1,71,0,0,0,FALSE,0
394,1971,6,2,6/2/1971,16:46:00,America/Chicago,1971-06-02T21:46:00Z,MT,30,0,0,0,50000,45.57,-108.47,0,0,1,50,1,1,111,0,0,0,FALSE,0
395,1971,6,2,6/2/1971,17:20:00,America/Chicago,1971-06-02T22:20:00Z,MT,30,0,0,0,NA,46,-108.73,0,0,0.1,10,1,1,111,0,0,0,FALSE,0
400,1971,6,3,6/3/1971,19:05:00,America/Chicago,1971-06-04T00:05:00Z,MT,30,1,0,0,5000,46.65,-109.9,46.7,-109.88,2.3,30,1,1,27,0,0,0,FALSE,0
403,1971,6,3,6/3/1971,19:30:00,America/Chicago,1971-06-04T00:30:00Z,MT,30,1,0,0,50000,45.52,-105.25,0,0,5,50,1,1,75,0,0,0,FALSE,0
405,1971,6,3,6/3/1971,19:45:00,America/Chicago,1971-06-04T00:45:00Z,MT,30,1,0,0,500,45.28,-104.78,0,0,2,10,1,1,11,0,0,0,FALSE,0
589,1971,7,2,7/2/1971,17:55:00,America/Chicago,1971-07-02T22:55:00Z,MT,30,2,0,0,500,48.47,-104.47,0,0,10,250,1,1,91,0,0,0,FALSE,0
363,1972,6,11,6/11/1972,13:05:00,America/Chicago,1972-06-11T18:05:00Z,MT,30,1,0,0,NA,48.93,-106.42,48.93,-106.32,3.6,30,1,1,105,0,0,0,FALSE,0
364,1972,6,11,6/11/1972,13:05:00,America/Chicago,1972-06-11T18:05:00Z,MT,30,2,0,0,5000,48.68,-106.4,0,0,0.3,30,1,1,105,0,0,0,FALSE,0
365,1972,6,11,6/11/1972,14:25:00,America/Chicago,1972-06-11T19:25:00Z,MT,30,2,0,0,500,47.72,-104.82,47.65,-104.63,9.1,50,1,1,83,0,0,0,FALSE,0
366,1972,6,11,6/11/1972,14:55:00,America/Chicago,1972-06-11T19:55:00Z,MT,30,1,0,0,5000,48.77,-105.82,48.77,-105.58,10.4,50,1,1,19,0,0,0,FALSE,0
375,1973,5,20,5/20/1973,15:00:00,America/Chicago,1973-05-20T20:00:00Z,MT,30,0,0,0,50,45.83,-109.93,0,0,0.1,17,1,1,97,0,0,0,FALSE,0
833,1973,8,4,8/4/1973,18:30:00,America/Chicago,1973-08-04T23:30:00Z,MT,30,0,0,0,50000,47.67,-110.97,0,0,0.1,10,1,1,15,0,0,0,FALSE,0
573,1975,6,17,6/17/1975,17:20:00,America/Chicago,1975-06-17T22:20:00Z,MT,30,0,0,0,NA,47.32,-107.3,0,0,0.1,10,1,1,33,0,0,0,FALSE,0
626,1975,6,23,6/23/1975,15:30:00,America/Chicago,1975-06-23T20:30:00Z,MT,30,2,1,0,50000,46.17,-114.35,0,0,0.1,10,1,1,81,0,0,0,FALSE,1
633,1975,6,25,6/25/1975,16:55:00,America/Chicago,1975-06-25T21:55:00Z,MT,30,2,0,0,NA,48.5,-106.22,0,0,0.1,10,1,1,105,0,0,0,FALSE,0
634,1975,6,25,6/25/1975,17:05:00,America/Chicago,1975-06-25T22:05:00Z,MT,30,2,0,0,50000,48.27,-106.03,0,0,0.1,10,1,1,105,0,0,0,FALSE,0
635,1975,6,25,6/25/1975,17:38:00,America/Chicago,1975-06-25T22:38:00Z,MT,30,0,0,0,NA,48.45,-105.65,0,0,0.1,10,1,1,105,0,0,0,FALSE,0
643,1975,6,25,6/25/1975,19:09:00,America/Chicago,1975-06-26T00:09:00Z,MT,30,2,0,0,NA,46.27,-105.63,0,0,0.1,10,1,1,17,0,0,0,FALSE,0
653,1975,6,25,6/25/1975,21:45:00,America/Chicago,1975-06-26T02:45:00Z,MT,30,2,0,0,50000,47.95,-104.18,0,0,0.1,10,1,1,83,0,0,0,FALSE,0
658,1975,6,27,6/27/1975,17:30:00,America/Chicago,1975-06-27T22:30:00Z,MT,30,2,0,0,50000,47.23,-104.73,0,0,0.1,10,1,1,21,0,0,0,FALSE,0
672,1975,6,30,6/30/1975,20:00:00,America/Chicago,1975-07-01T01:00:00Z,MT,30,2,0,0,NA,47.05,-111.3,0,0,0.1,10,1,1,13,0,0,0,FALSE,0
784,1975,8,19,8/19/1975,17:00:00,America/Chicago,1975-08-19T22:00:00Z,MT,30,0,0,0,NA,47.13,-109.48,0,0,0.1,10,1,1,27,0,0,0,FALSE,0
532,1976,6,6,6/6/1976,16:00:00,America/Chicago,1976-06-06T21:00:00Z,MT,30,1,0,0,5000000,45.37,-113.38,45.4,-113.32,3,10,1,1,1,0,0,0,TRUE,0
535,1976,6,8,6/8/1976,20:05:00,America/Chicago,1976-06-09T01:05:00Z,MT,30,2,0,0,50000,47.35,-110.08,0,0,0.1,10,1,1,27,0,0,0,FALSE,0
246,1977,5,10,5/10/1977,19:30:00,America/Chicago,1977-05-11T00:30:00Z,MT,30,1,0,0,500000,47.08,-110.02,0,0,0.1,10,1,1,45,0,0,0,TRUE,0
247,1977,5,10,5/10/1977,20:00:00,America/Chicago,1977-05-11T01:00:00Z,MT,30,1,0,0,50000,46.97,-110.07,0,0,0.1,10,1,1,45,0,0,0,TRUE,0
373,1977,5,24,5/24/1977,19:30:00,America/Chicago,1977-05-25T00:30:00Z,MT,30,1,0,0,50000,48.57,-110.77,0,0,0.1,10,1,1,51,0,0,0,TRUE,0
447,1977,6,14,6/14/1977,16:30:00,America/Chicago,1977-06-14T21:30:00Z,MT,30,1,0,0,50000,46.23,-104.28,0,0,0.1,10,1,1,25,0,0,0,TRUE,0
403,1977,6,1,6/1/1977,14:27:00,America/Chicago,1977-06-01T19:27:00Z,MT,30,1,0,0,50000,48.63,-112.2,0,0,0.1,10,1,1,35,0,0,0,TRUE,0
405,1977,6,1,6/1/1977,15:50:00,America/Chicago,1977-06-01T20:50:00Z,MT,30,1,0,0,500000,47.5,-111.82,0,0,0.1,10,1,1,13,0,0,0,TRUE,0
473,1978,6,24,6/24/1978,19:00:00,America/Chicago,1978-06-25T00:00:00Z,MT,30,0,0,0,NA,46.43,-109.82,0,0,0.1,10,1,1,107,0,0,0,TRUE,0
474,1978,6,24,6/24/1978,19:45:00,America/Chicago,1978-06-25T00:45:00Z,MT,30,0,0,0,NA,45.73,-107.6,0,0,0.1,10,1,1,3,0,0,0,TRUE,0
368,1978,6,1,6/1/1978,18:00:00,America/Chicago,1978-06-01T23:00:00Z,MT,30,0,0,0,NA,47.22,-105.15,0,0,0.1,10,1,1,21,0,0,0,TRUE,0
609,1978,7,18,7/18/1978,18:00:00,America/Chicago,1978-07-18T23:00:00Z,MT,30,1,0,0,500000,45.22,-104.55,0,0,0.1,10,1,1,11,0,0,0,TRUE,0
529,1978,7,3,7/3/1978,02:00:00,America/Chicago,1978-07-03T07:00:00Z,MT,30,0,0,0,NA,47,-108.35,0,0,0.1,10,1,1,69,0,0,0,TRUE,0
535,1978,7,3,7/3/1978,17:30:00,America/Chicago,1978-07-03T22:30:00Z,MT,30,1,0,0,500000,47.33,-111.5,0,0,1,300,1,1,13,0,0,0,TRUE,0
534,1978,7,3,7/3/1978,17:30:00,America/Chicago,1978-07-03T22:30:00Z,MT,30,1,0,0,500000,47.33,-111.5,0,0,1,300,1,1,13,0,0,0,TRUE,0
533,1978,7,3,7/3/1978,17:30:00,America/Chicago,1978-07-03T22:30:00Z,MT,30,1,0,0,500000,47.33,-111.5,0,0,1,300,1,1,13,0,0,0,TRUE,0
538,1978,7,4,7/4/1978,17:00:00,America/Chicago,1978-07-04T22:00:00Z,MT,30,0,0,0,NA,48.4,-106,0,0,0.1,10,1,1,105,0,0,0,TRUE,0
540,1978,7,4,7/4/1978,19:00:00,America/Chicago,1978-07-05T00:00:00Z,MT,30,0,0,0,NA,46.65,-104.68,0,0,0.1,10,1,1,25,0,0,0,TRUE,0
577,1978,7,9,7/9/1978,18:00:00,America/Chicago,1978-07-09T23:00:00Z,MT,30,0,0,0,NA,47.6,-115.42,0,0,0.1,10,1,1,89,0,0,0,TRUE,0
703,1978,8,22,8/22/1978,16:45:00,America/Chicago,1978-08-22T21:45:00Z,MT,30,0,0,0,NA,46.45,-110.32,0,0,0.1,10,1,1,59,0,0,0,TRUE,0
704,1978,8,22,8/22/1978,17:10:00,America/Chicago,1978-08-22T22:10:00Z,MT,30,0,0,0,NA,46.42,-110.07,0,0,0.1,10,1,1,107,0,0,0,TRUE,0
456,1979,6,30,6/30/1979,16:00:00,America/Chicago,1979-06-30T21:00:00Z,MT,30,0,0,0,500000,48.23,-108.08,0,0,0.1,10,1,1,71,0,0,0,FALSE,0
458,1979,6,30,6/30/1979,21:00:00,America/Chicago,1979-07-01T02:00:00Z,MT,30,0,0,0,NA,47.03,-104.3,0,0,0.1,10,1,1,109,0,0,0,FALSE,0
542,1979,7,22,7/22/1979,18:00:00,America/Chicago,1979-07-22T23:00:00Z,MT,30,1,0,0,500000,46.37,-104.27,0,0,0.1,10,1,1,25,0,0,0,FALSE,0
479,1979,7,6,7/6/1979,15:40:00,America/Chicago,1979-07-06T20:40:00Z,MT,30,0,0,0,NA,45.93,-108.68,0,0,0.1,10,1,1,111,0,0,0,FALSE,0
480,1979,7,6,7/6/1979,15:40:00,America/Chicago,1979-07-06T20:40:00Z,MT,30,0,0,0,NA,45.93,-108.68,0,0,0.1,10,1,1,111,0,0,0,FALSE,0
298,1980,5,25,5/25/1980,15:00:00,America/Chicago,1980-05-25T20:00:00Z,MT,30,1,0,0,500000,48.55,-111,0,0,0.1,10,1,1,51,0,0,0,FALSE,0
299,1980,5,25,5/25/1980,15:00:00,America/Chicago,1980-05-25T20:00:00Z,MT,30,1,0,0,500000,48.53,-110.42,0,0,0.1,10,1,1,41,0,0,0,FALSE,0
300,1980,5,25,5/25/1980,15:00:00,America/Chicago,1980-05-25T20:00:00Z,MT,30,1,0,0,500000,48.17,-107.43,0,0,0.1,10,1,1,71,0,0,0,FALSE,0
312,1980,5,26,5/26/1980,15:00:00,America/Chicago,1980-05-26T20:00:00Z,MT,30,0,0,0,NA,47.55,-111.33,0,0,0.1,10,1,1,13,0,0,0,FALSE,0
541,1980,6,14,6/14/1980,18:30:00,America/Chicago,1980-06-14T23:30:00Z,MT,30,1,0,0,NA,46.27,-106.67,0,0,0.1,10,1,1,87,0,0,0,FALSE,0
403,1980,6,1,6/1/1980,19:00:00,America/Chicago,1980-06-02T00:00:00Z,MT,30,1,0,0,NA,47.78,-110.95,0,0,0.1,10,1,1,15,0,0,0,FALSE,0
663,1980,7,13,7/13/1980,20:00:00,America/Chicago,1980-07-14T01:00:00Z,MT,30,1,0,0,500000,48.15,-104.52,0,0,0.1,10,1,1,85,0,0,0,TRUE,0
322,1981,5,28,5/28/1981,15:00:00,America/Chicago,1981-05-28T20:00:00Z,MT,30,2,0,0,NA,47.35,-109.05,0,0,1.5,100,1,1,27,0,0,0,FALSE,0
655,1981,8,2,8/2/1981,20:00:00,America/Chicago,1981-08-03T01:00:00Z,MT,30,0,0,0,NA,48.53,-111.87,0,0,0.1,10,1,1,101,0,0,0,FALSE,0
656,1981,8,2,8/2/1981,20:00:00,America/Chicago,1981-08-03T01:00:00Z,MT,30,0,0,0,NA,48.53,-111.87,0,0,0.1,10,1,1,101,0,0,0,FALSE,0
255,1982,5,7,5/7/1982,17:00:00,America/Chicago,1982-05-07T22:00:00Z,MT,30,2,0,0,5000,48.9,-111.92,0,0,0.5,20,1,1,101,0,0,0,FALSE,0
256,1982,5,7,5/7/1982,17:00:00,America/Chicago,1982-05-07T22:00:00Z,MT,30,0,0,0,50,48.9,-111.92,0,0,0.1,10,1,1,101,0,0,0,FALSE,0
745,1982,6,28,6/28/1982,17:30:00,America/Chicago,1982-06-28T22:30:00Z,MT,30,1,0,0,500000,46.4,-112.67,0,0,0.5,200,1,1,77,0,0,0,FALSE,0
664,1983,7,10,7/10/1983,02:10:00,America/Chicago,1983-07-10T07:10:00Z,MT,30,1,0,0,5000,48.25,-106.9,0,0,1,100,1,1,105,0,0,0,FALSE,0
677,1983,7,17,7/17/1983,22:30:00,America/Chicago,1983-07-18T03:30:00Z,MT,30,0,0,0,5000,47.32,-107.22,0,0,0.5,17,1,1,33,0,0,0,FALSE,0
689,1983,7,20,7/20/1983,14:17:00,America/Chicago,1983-07-20T19:17:00Z,MT,30,0,0,0,50,46.9,-114.1,0,0,2,10,1,1,63,0,0,0,FALSE,0
663,1983,7,9,7/9/1983,19:37:00,America/Chicago,1983-07-10T00:37:00Z,MT,30,1,1,1,500000,47.88,-105.5,0,0,1,500,1,1,55,0,0,0,FALSE,2
596,1984,6,13,6/13/1984,20:00:00,America/Chicago,1984-06-14T01:00:00Z,MT,30,1,0,0,50000,45.6,-105.78,0,0,1,50,1,1,75,0,0,0,FALSE,0
605,1984,6,15,6/15/1984,16:00:00,America/Chicago,1984-06-15T21:00:00Z,MT,30,0,0,0,NA,46.4,-106.03,0,0,0.1,20,1,1,17,0,0,0,FALSE,0
642,1984,6,21,6/21/1984,17:11:00,America/Chicago,1984-06-21T22:11:00Z,MT,30,1,0,0,500000,45,-106.8,0,0,2,50,1,1,3,0,0,0,FALSE,0
644,1984,6,21,6/21/1984,17:35:00,America/Chicago,1984-06-21T22:35:00Z,MT,30,1,0,0,NA,45.32,-107.23,0,0,1,50,1,1,3,0,0,0,FALSE,0
646,1984,6,21,6/21/1984,19:10:00,America/Chicago,1984-06-22T00:10:00Z,MT,30,0,0,0,NA,45.45,-106.13,0,0,0.1,20,1,1,75,0,0,0,FALSE,0
320,1985,5,30,5/30/1985,14:00:00,America/Chicago,1985-05-30T19:00:00Z,MT,30,0,0,0,5000,45.18,-105.62,0,0,0.1,10,1,1,75,0,0,0,FALSE,0
326,1985,5,30,5/30/1985,17:15:00,America/Chicago,1985-05-30T22:15:00Z,MT,30,0,0,0,500,45.1,-104.42,0,0,0.1,10,1,1,11,0,0,0,FALSE,0
237,1986,5,11,5/11/1986,17:00:00,America/Chicago,1986-05-11T22:00:00Z,MT,30,1,0,0,5000,45.22,-104.93,0,0,0.2,10,1,1,11,0,0,0,FALSE,0
192,1986,5,4,5/4/1986,20:00:00,America/Chicago,1986-05-05T01:00:00Z,MT,30,2,0,0,5000,46.35,-108.08,0,0,0.1,10,1,1,65,0,0,0,FALSE,0
483,1986,6,29,6/29/1986,12:00:00,America/Chicago,1986-06-29T17:00:00Z,MT,30,0,0,0,NA,48.07,-112.42,0,0,0.2,10,1,1,99,0,0,0,FALSE,0
381,1986,6,6,6/6/1986,17:30:00,America/Chicago,1986-06-06T22:30:00Z,MT,30,0,0,0,NA,48.97,-109.68,0,0,0.2,10,1,1,41,0,0,0,FALSE,0
541,1987,8,16,8/16/1987,13:00:00,America/Chicago,1987-08-16T18:00:00Z,MT,30,0,0,0,50000,47.1,-104.73,0,0,0.7,13,1,1,21,0,0,0,FALSE,0
552,1988,10,16,10/16/1988,15:30:00,America/Chicago,1988-10-16T20:30:00Z,MT,30,0,0,0,500,46.25,-114.15,0,0,0.2,10,1,1,81,0,0,0,FALSE,0
26,1988,3,23,3/23/1988,14:30:00,America/Chicago,1988-03-23T20:30:00Z,MT,30,0,0,0,500,45.33,-108.87,0,0,0.2,10,1,1,9,0,0,0,FALSE,0
249,1988,6,8,6/8/1988,18:00:00,America/Chicago,1988-06-08T23:00:00Z,MT,30,0,0,0,5000,47.43,-108.8,0,0,0.2,10,1,1,27,0,0,0,FALSE,0
252,1988,6,8,6/8/1988,20:30:00,America/Chicago,1988-06-09T01:30:00Z,MT,30,0,0,0,NA,48.8,-105.72,0,0,0.2,10,1,1,19,0,0,0,FALSE,0
253,1988,6,8,6/8/1988,20:30:00,America/Chicago,1988-06-09T01:30:00Z,MT,30,0,0,0,NA,48.8,-105.72,0,0,0.2,10,1,1,19,0,0,0,FALSE,0
254,1988,6,8,6/8/1988,20:30:00,America/Chicago,1988-06-09T01:30:00Z,MT,30,0,0,0,NA,48.8,-105.72,0,0,0.2,10,1,1,19,0,0,0,FALSE,0
255,1988,6,8,6/8/1988,20:30:00,America/Chicago,1988-06-09T01:30:00Z,MT,30,0,0,0,NA,48.8,-105.72,0,0,0.2,10,1,1,19,0,0,0,FALSE,0
305,1988,7,3,7/3/1988,16:30:00,America/Chicago,1988-07-03T21:30:00Z,MT,30,1,0,0,5000,45.37,-113.42,0,0,0.2,10,1,1,1,0,0,0,FALSE,0
308,1988,7,5,7/5/1988,17:30:00,America/Chicago,1988-07-05T22:30:00Z,MT,30,3,2,0,500000,47.72,-109.83,48,-109.47,3,200,1,1,15,0,0,0,FALSE,2
309,1988,7,5,7/5/1988,17:45:00,America/Chicago,1988-07-05T22:45:00Z,MT,30,3,0,0,50000,47.97,-109.98,48.1,-109.83,12,200,1,1,15,0,0,0,FALSE,0
310,1988,7,5,7/5/1988,17:45:00,America/Chicago,1988-07-05T22:45:00Z,MT,30,3,0,0,5000,47.87,-109.92,47.95,-109.77,10,200,1,1,15,0,0,0,FALSE,0
312,1988,7,5,7/5/1988,18:00:00,America/Chicago,1988-07-05T23:00:00Z,MT,30,1,0,0,50000,47.4,-111.52,0,0,0.2,10,1,1,13,0,0,0,FALSE,0
314,1988,7,5,7/5/1988,18:40:00,America/Chicago,1988-07-05T23:40:00Z,MT,30,0,0,0,NA,47.93,-110.85,0,0,0.2,10,1,1,15,0,0,0,FALSE,0
316,1988,7,5,7/5/1988,21:30:00,America/Chicago,1988-07-06T02:30:00Z,MT,30,0,0,0,NA,48.52,-106.03,0,0,0.2,10,1,1,105,0,0,0,FALSE,0
317,1988,7,5,7/5/1988,21:30:00,America/Chicago,1988-07-06T02:30:00Z,MT,30,0,0,0,NA,48.52,-106.03,0,0,0.2,10,1,1,105,0,0,0,FALSE,0
318,1988,7,5,7/5/1988,21:30:00,America/Chicago,1988-07-06T02:30:00Z,MT,30,0,0,0,NA,48.52,-106.03,0,0,0.2,10,1,1,105,0,0,0,FALSE,0
319,1988,7,5,7/5/1988,21:30:00,America/Chicago,1988-07-06T02:30:00Z,MT,30,0,0,0,NA,48.52,-106.03,0,0,0.2,10,1,1,105,0,0,0,FALSE,0
320,1988,7,5,7/5/1988,21:30:00,America/Chicago,1988-07-06T02:30:00Z,MT,30,0,0,0,NA,48.52,-106.03,0,0,0.2,10,1,1,105,0,0,0,FALSE,0
321,1988,7,5,7/5/1988,23:00:00,America/Chicago,1988-07-06T04:00:00Z,MT,30,0,0,0,NA,48.95,-104.05,0,0,0.2,10,1,1,91,0,0,0,FALSE,0
427,1988,8,11,8/11/1988,20:00:00,America/Chicago,1988-08-12T01:00:00Z,MT,30,0,0,0,NA,46.42,-113.2,0,0,2,23,1,1,39,0,0,0,FALSE,0
215,1989,5,11,5/11/1989,21:02:00,America/Chicago,1989-05-12T02:02:00Z,MT,30,0,0,0,500000,46.4,-105.83,0,0,0.2,10,1,1,17,0,0,0,FALSE,0
577,1989,6,15,6/15/1989,20:40:00,America/Chicago,1989-06-16T01:40:00Z,MT,30,0,0,0,NA,46.68,-109.75,0,0,0.2,10,1,1,107,0,0,0,FALSE,0
719,1989,8,18,8/18/1989,21:00:00,America/Chicago,1989-08-19T02:00:00Z,MT,30,0,0,0,NA,48.45,-106.63,0,0,0.2,10,1,1,105,0,0,0,FALSE,0
725,1989,8,23,8/23/1989,18:00:00,America/Chicago,1989-08-23T23:00:00Z,MT,30,0,0,0,NA,47.7,-104.05,0,0,0.2,10,1,1,83,0,0,0,FALSE,0
726,1989,8,23,8/23/1989,21:00:00,America/Chicago,1989-08-24T02:00:00Z,MT,30,0,0,0,NA,47.53,-104.27,0,0,0.2,10,1,1,83,0,0,0,FALSE,0
727,1989,8,23,8/23/1989,21:01:00,America/Chicago,1989-08-24T02:01:00Z,MT,30,0,0,0,NA,47.53,-104.27,0,0,0.2,10,1,1,83,0,0,0,FALSE,0
419,1990,5,24,5/24/1990,15:00:00,America/Denver,1990-05-24T21:00:00Z,MT,30,1,0,0,NA,45.1,-108.72,0,0,0.2,10,1,1,9,0,0,0,FALSE,0
422,1990,5,24,5/24/1990,16:00:00,America/Denver,1990-05-24T22:00:00Z,MT,30,1,0,0,NA,45.95,-108.4,0,0,0.2,10,1,1,111,0,0,0,FALSE,0
433,1990,5,24,5/24/1990,18:33:00,America/Denver,1990-05-25T00:33:00Z,MT,30,1,0,0,NA,45.75,-105.17,0,0,0.2,10,1,1,75,0,0,0,FALSE,0
815,1990,6,27,6/27/1990,20:00:00,America/Denver,1990-06-28T02:00:00Z,MT,30,0,0,0,NA,48.05,-104.92,0,0,0.2,10,1,1,83,0,0,0,FALSE,0
855,1990,7,5,7/5/1990,21:10:00,America/Denver,1990-07-06T03:10:00Z,MT,30,0,0,0,NA,47.93,-110.85,0,0,0.1,10,1,1,15,0,0,0,FALSE,0
971,1990,8,15,8/15/1990,18:30:00,America/Denver,1990-08-16T00:30:00Z,MT,30,0,0,0,5000,46.43,-114.08,0,0,0.1,10,1,1,81,0,0,0,FALSE,0
53,1991,3,3,3/3/1991,01:30:00,America/Chicago,1991-03-03T07:30:00Z,MT,30,0,0,0,50000,47.12,-114.03,0,0,0.1,10,1,1,47,0,0,0,FALSE,0
471,1991,5,10,5/10/1991,03:30:00,America/Chicago,1991-05-10T08:30:00Z,MT,30,0,0,0,5000,47.62,-105.6,0,0,0.2,10,1,1,55,0,0,0,FALSE,0
488,1991,5,11,5/11/1991,11:20:00,America/Chicago,1991-05-11T16:20:00Z,MT,30,0,0,0,NA,47.62,-106.45,0,0,0.2,10,1,1,33,0,0,0,FALSE,0
607,1991,5,16,5/16/1991,21:30:00,America/Chicago,1991-05-17T02:30:00Z,MT,30,0,0,0,50000,45.82,-113.45,0,0,0.2,10,1,1,1,0,0,0,FALSE,0
654,1991,5,25,5/25/1991,20:50:00,America/Chicago,1991-05-26T01:50:00Z,MT,30,0,0,0,NA,48.6,-104.78,0,0,0.2,10,1,1,91,0,0,0,FALSE,0
655,1991,5,25,5/25/1991,21:00:00,America/Chicago,1991-05-26T02:00:00Z,MT,30,0,0,0,NA,48.13,-104.9,0,0,0.2,10,1,1,85,0,0,0,FALSE,0
656,1991,5,25,5/25/1991,21:00:00,America/Chicago,1991-05-26T02:00:00Z,MT,30,0,0,0,NA,48.55,-105.2,0,0,0.2,10,1,1,85,0,0,0,FALSE,0
733,1991,5,31,5/31/1991,19:54:00,America/Chicago,1991-06-01T00:54:00Z,MT,30,0,0,0,NA,47.1,-104.78,0,0,0.2,10,1,1,21,0,0,0,FALSE,0
888,1991,6,19,6/19/1991,19:35:00,America/Chicago,1991-06-20T00:35:00Z,MT,30,0,0,0,5000,45.72,-108.72,0,0,0.2,10,1,1,111,0,0,0,FALSE,0
889,1991,6,19,6/19/1991,20:15:00,America/Chicago,1991-06-20T01:15:00Z,MT,30,0,0,0,NA,45.95,-108.15,0,0,0.2,10,1,1,111,0,0,0,FALSE,0
891,1991,6,19,6/19/1991,22:15:00,America/Chicago,1991-06-20T03:15:00Z,MT,30,0,0,0,NA,46.35,-106.67,0,0,0.2,10,1,1,87,0,0,0,FALSE,0
902,1991,6,21,6/21/1991,17:40:00,America/Chicago,1991-06-21T22:40:00Z,MT,30,1,0,0,NA,45.8,-108.58,0,0,0.2,10,1,1,111,0,0,0,FALSE,0
903,1991,6,21,6/21/1991,17:56:00,America/Chicago,1991-06-21T22:56:00Z,MT,30,1,0,0,500000,45.82,-107.6,0,0,0.2,10,1,1,3,0,0,0,FALSE,0
905,1991,6,21,6/21/1991,18:15:00,America/Chicago,1991-06-21T23:15:00Z,MT,30,0,0,0,NA,47.25,-109.68,0,0,0.2,10,1,1,27,0,0,0,FALSE,0
906,1991,6,21,6/21/1991,18:47:00,America/Chicago,1991-06-21T23:47:00Z,MT,30,0,0,0,NA,45.88,-106.95,0,0,0.2,10,1,1,87,0,0,0,FALSE,0
916,1991,6,21,6/21/1991,21:30:00,America/Chicago,1991-06-22T02:30:00Z,MT,30,0,0,0,NA,46.38,-106.83,0,0,0.2,10,1,1,87,0,0,0,FALSE,0
928,1991,6,24,6/24/1991,02:30:00,America/Chicago,1991-06-24T07:30:00Z,MT,30,0,0,0,5000,46.58,-105.58,0,0,0.2,10,1,1,17,0,0,0,FALSE,0
931,1991,6,25,6/25/1991,17:00:00,America/Chicago,1991-06-25T22:00:00Z,MT,30,0,0,0,50000,47.35,-104.47,0,0,0.2,10,1,1,83,0,0,0,FALSE,0
943,1991,6,29,6/29/1991,18:00:00,America/Chicago,1991-06-29T23:00:00Z,MT,30,0,0,0,5000,49,-111.67,0,0,0.2,10,1,1,101,0,0,0,FALSE,0
944,1991,6,29,6/29/1991,18:37:00,America/Chicago,1991-06-29T23:37:00Z,MT,30,0,0,0,NA,46,-106.75,0,0,0.2,10,1,1,87,0,0,0,FALSE,0
946,1991,6,29,6/29/1991,22:27:00,America/Chicago,1991-06-30T03:27:00Z,MT,30,1,0,0,NA,48.75,-105.17,0,0,0.2,10,1,1,19,0,0,0,FALSE,0
952,1991,6,30,6/30/1991,22:00:00,America/Chicago,1991-07-01T03:00:00Z,MT,30,0,0,0,50000,48.72,-107.33,0,0,0.2,10,1,1,71,0,0,0,FALSE,0
818,1991,6,7,6/7/1991,20:30:00,America/Chicago,1991-06-08T01:30:00Z,MT,30,0,0,0,NA,47.32,-107.5,0,0,0.2,10,1,1,33,0,0,0,FALSE,0
978,1991,7,10,7/10/1991,18:45:00,America/Chicago,1991-07-10T23:45:00Z,MT,30,0,0,0,5000,46.88,-104.18,0,0,0.1,10,1,1,109,0,0,0,FALSE,0
979,1991,7,10,7/10/1991,20:27:00,America/Chicago,1991-07-11T01:27:00Z,MT,30,0,0,0,NA,45.27,-104.93,0,0,0.1,10,1,1,11,0,0,0,FALSE,0
989,1991,7,14,7/14/1991,23:15:00,America/Chicago,1991-07-15T04:15:00Z,MT,30,0,0,0,5000,47.05,-104.73,0,0,0.2,10,1,1,21,0,0,0,FALSE,0
956,1991,7,4,7/4/1991,20:00:00,America/Chicago,1991-07-05T01:00:00Z,MT,30,1,0,0,50000,48.58,-107.52,0,0,0.2,10,1,1,71,0,0,0,FALSE,0
957,1991,7,4,7/4/1991,20:30:00,America/Chicago,1991-07-05T01:30:00Z,MT,30,1,0,0,50000,48.93,-107.87,0,0,0.2,10,1,1,71,0,0,0,FALSE,0
977,1991,7,9,7/9/1991,20:30:00,America/Chicago,1991-07-10T01:30:00Z,MT,30,1,0,0,50000,45.73,-107.6,0,0,0.1,10,1,1,3,0,0,0,FALSE,0
1027,1991,8,6,8/6/1991,19:43:00,America/Chicago,1991-08-07T00:43:00Z,MT,30,0,0,0,NA,46.98,-104.18,0,0,0.1,10,1,1,109,0,0,0,FALSE,0
360,1992,6,12,6/12/1992,17:45:00,America/Chicago,1992-06-12T22:45:00Z,MT,30,0,0,0,NA,46.32,-111.57,0,0,0.1,10,1,1,7,0,0,0,FALSE,0
629,1992,6,26,6/26/1992,17:00:00,America/Chicago,1992-06-26T22:00:00Z,MT,30,0,0,0,NA,47.78,-111.25,0,0,0.1,10,1,1,15,0,0,0,FALSE,0
666,1992,6,29,6/29/1992,15:54:00,America/Chicago,1992-06-29T20:54:00Z,MT,30,0,0,0,50000,45.45,-111.8,0,0,0.1,10,1,1,57,0,0,0,FALSE,0
746,1992,7,10,7/10/1992,15:25:00,America/Chicago,1992-07-10T20:25:00Z,MT,30,0,0,0,NA,46.33,-108.7,0,0,0.1,10,1,1,65,0,0,0,FALSE,0
860,1992,7,23,7/23/1992,18:00:00,America/Chicago,1992-07-23T23:00:00Z,MT,30,0,0,0,NA,47.47,-108.07,0,0,0.1,10,1,1,69,0,0,0,FALSE,0
864,1992,7,23,7/23/1992,23:00:00,America/Chicago,1992-07-24T04:00:00Z,MT,30,0,0,0,500000,45.05,-105.42,0,0,0.1,10,1,1,75,0,0,0,FALSE,0
733,1992,7,7,7/7/1992,21:13:00,America/Chicago,1992-07-08T02:13:00Z,MT,30,0,0,0,NA,48.13,-104.28,0,0,0.1,10,1,1,85,0,0,0,FALSE,0
739,1992,7,9,7/9/1992,18:05:00,America/Chicago,1992-07-09T23:05:00Z,MT,30,0,0,0,NA,46.82,-112.38,0,0,0.1,10,1,1,49,0,0,0,FALSE,0
909,1992,8,3,8/3/1992,20:30:00,America/Chicago,1992-08-04T01:30:00Z,MT,30,0,0,0,5000,49,-110.68,0,0,0.1,10,1,1,41,0,0,0,FALSE,0
504,1993,6,11,6/11/1993,18:40:00,America/Chicago,1993-06-11T23:40:00Z,MT,30,0,0,0,50000,46.6,-111.98,0,0,0.1,10,1,1,49,0,0,0,FALSE,0
558,1993,6,21,6/21/1993,17:00:00,America/Chicago,1993-06-21T22:00:00Z,MT,30,0,0,0,500,46.92,-112.03,0,0,0.1,10,1,1,49,0,0,0,FALSE,0
559,1993,6,21,6/21/1993,18:03:00,America/Chicago,1993-06-21T23:03:00Z,MT,30,0,0,0,50000,47.52,-111.3,0,0,0.1,10,1,1,13,0,0,0,FALSE,0
560,1993,6,21,6/21/1993,18:23:00,America/Chicago,1993-06-21T23:23:00Z,MT,30,0,0,0,NA,48.5,-111.85,0,0,0.1,10,1,1,101,0,0,0,FALSE,0
807,1993,7,14,7/14/1993,19:30:00,America/Chicago,1993-07-15T00:30:00Z,MT,30,0,0,0,NA,46.2,-108.53,0,0,0.1,10,1,1,65,0,0,0,FALSE,0
832,1993,7,20,7/20/1993,15:20:00,America/Chicago,1993-07-20T20:20:00Z,MT,30,0,0,0,NA,47.38,-110.23,0,0,0.1,10,1,1,45,0,0,0,FALSE,0
835,1993,7,20,7/20/1993,19:30:00,America/Chicago,1993-07-21T00:30:00Z,MT,30,0,3,0,500000,45.57,-106.67,0,0,0.1,10,1,1,87,0,0,0,FALSE,3
836,1993,7,20,7/20/1993,20:00:00,America/Chicago,1993-07-21T01:00:00Z,MT,30,0,0,0,500000,47.9,-108.62,0,0,0.1,10,1,1,71,0,0,0,FALSE,0
840,1993,7,21,7/21/1993,19:04:00,America/Chicago,1993-07-22T00:04:00Z,MT,30,0,0,0,NA,48.1,-105.2,0,0,0.1,10,1,1,85,0,0,0,FALSE,0
872,1993,7,24,7/24/1993,12:53:00,America/Chicago,1993-07-24T17:53:00Z,MT,30,0,0,0,NA,46.53,-106.03,0,0,0.1,10,1,1,17,0,0,0,FALSE,0
701,1993,7,2,7/2/1993,23:15:00,America/Chicago,1993-07-03T04:15:00Z,MT,30,0,0,0,NA,46.37,-106.53,0,0,0.1,10,1,1,87,0,0,0,FALSE,0
702,1993,7,2,7/2/1993,23:30:00,America/Chicago,1993-07-03T04:30:00Z,MT,30,0,0,0,NA,46.38,-106.5,0,0,0.1,10,1,1,87,0,0,0,FALSE,0
727,1993,7,6,7/6/1993,11:30:00,America/Chicago,1993-07-06T16:30:00Z,MT,30,0,0,0,NA,44.67,-111.8,0,0,0.1,10,1,1,1,0,0,0,FALSE,0
735,1993,7,7,7/7/1993,12:25:00,America/Chicago,1993-07-07T17:25:00Z,MT,30,0,0,0,5000,47.07,-109.42,0,0,0.1,10,1,1,27,0,0,0,FALSE,0
970,1993,8,13,8/13/1993,18:15:00,America/Chicago,1993-08-13T23:15:00Z,MT,30,0,0,0,NA,46.9,-106.25,0,0,0.1,10,1,1,33,0,0,0,FALSE,0
971,1993,8,13,8/13/1993,19:10:00,America/Chicago,1993-08-14T00:10:00Z,MT,30,0,0,0,NA,47.42,-105.72,0,0,0.1,10,1,1,55,0,0,0,FALSE,0
972,1993,8,13,8/13/1993,19:15:00,America/Chicago,1993-08-14T00:15:00Z,MT,30,0,0,0,NA,47.32,-104.83,0,0,0.1,10,1,1,21,0,0,0,FALSE,0
973,1993,8,13,8/13/1993,19:55:00,America/Chicago,1993-08-14T00:55:00Z,MT,30,0,0,0,NA,47.22,-104.9,0,0,0.1,10,1,1,21,0,0,0,FALSE,0
989,1993,8,16,8/16/1993,19:56:00,America/Chicago,1993-08-17T00:56:00Z,MT,30,0,0,0,NA,48.68,-109.9,0,0,0.1,10,1,1,41,0,0,0,FALSE,0
154,1994,4,24,4/24/1994,17:15:00,America/Chicago,1994-04-24T22:15:00Z,MT,30,2,0,0,500000,47.13,-110.27,0,0,1.5,100,1,1,45,0,0,0,FALSE,0
155,1994,4,24,4/24/1994,17:30:00,America/Chicago,1994-04-24T22:30:00Z,MT,30,2,0,0,50000,47.13,-110.27,0,0,1,300,1,1,45,0,0,0,FALSE,0
378,1994,5,17,5/17/1994,13:15:00,America/Chicago,1994-05-17T18:15:00Z,MT,30,0,0,0,NA,45.95,-111.52,0,0,0.1,10,1,1,31,0,0,0,FALSE,0
598,1994,6,26,6/26/1994,14:30:00,America/Chicago,1994-06-26T19:30:00Z,MT,30,0,0,0,5000,48.28,-110.12,0,0,0.1,10,1,1,15,0,0,0,FALSE,0
599,1994,6,26,6/26/1994,14:30:00,America/Chicago,1994-06-26T19:30:00Z,MT,30,0,0,0,NA,48.3,-110.12,0,0,0.1,10,1,1,15,0,0,0,FALSE,0
466,1994,6,6,6/6/1994,19:10:00,America/Chicago,1994-06-07T00:10:00Z,MT,30,1,0,0,500000,48.63,-112.18,0,0,0.1,10,1,1,35,0,0,0,FALSE,0
467,1994,6,6,6/6/1994,19:30:00,America/Chicago,1994-06-07T00:30:00Z,MT,30,0,0,0,NA,48.57,-111.93,0,0,0.1,10,1,1,101,0,0,0,FALSE,0
475,1994,6,7,6/7/1994,16:30:00,America/Chicago,1994-06-07T21:30:00Z,MT,30,0,0,0,NA,46.28,-104.45,0,0,0.1,10,1,1,25,0,0,0,FALSE,0
330,1995,5,11,5/11/1995,13:45:00,America/Chicago,1995-05-11T18:45:00Z,MT,30,0,0,0,NA,45.13,-107.1,0,0,0.1,10,1,1,3,0,0,0,FALSE,0
790,1995,6,16,6/16/1995,22:00:00,America/Chicago,1995-06-17T03:00:00Z,MT,30,1,0,0,NA,48.97,-110.32,0,0,0.1,10,1,1,41,0,0,0,FALSE,0
798,1995,6,21,6/21/1995,18:30:00,America/Chicago,1995-06-21T23:30:00Z,MT,30,0,0,0,NA,47.85,-105.47,0,0,0.1,10,1,1,55,0,0,0,FALSE,0
801,1995,6,22,6/22/1995,16:30:00,America/Chicago,1995-06-22T21:30:00Z,MT,30,0,0,0,NA,47.47,-104.32,0,0,0.1,10,1,1,83,0,0,0,FALSE,0
803,1995,6,22,6/22/1995,21:36:00,America/Chicago,1995-06-23T02:36:00Z,MT,30,0,0,0,NA,47.95,-106.63,0,0,0.1,10,1,1,105,0,0,0,FALSE,0
692,1995,6,6,6/6/1995,19:05:00,America/Chicago,1995-06-07T00:05:00Z,MT,30,0,0,0,NA,48.15,-106.63,0,0,0.1,10,1,1,105,0,0,0,FALSE,0
887,1995,7,11,7/11/1995,19:56:00,America/Chicago,1995-07-12T00:56:00Z,MT,30,2,0,0,500000,47.17,-105.97,0,0,0.5,80,1,1,55,0,0,0,FALSE,0
1035,1995,8,26,8/26/1995,19:45:00,America/Chicago,1995-08-27T00:45:00Z,MT,30,0,0,0,NA,48.07,-106.42,0,0,0.1,10,1,1,105,0,0,0,FALSE,0
1036,1995,8,26,8/26/1995,20:00:00,America/Chicago,1995-08-27T01:00:00Z,MT,30,0,0,0,NA,48.02,-106.57,0,0,0.1,10,1,1,105,0,0,0,FALSE,0
1037,1995,8,26,8/26/1995,20:10:00,America/Chicago,1995-08-27T01:10:00Z,MT,30,0,0,0,NA,48.02,-106.33,0,0,0.1,10,1,1,105,0,0,0,FALSE,0
1038,1995,8,26,8/26/1995,20:45:00,America/Chicago,1995-08-27T01:45:00Z,MT,30,0,0,0,NA,46.05,-105.93,0,0,0.1,10,1,1,17,0,0,0,FALSE,0
1039,1995,8,26,8/26/1995,22:45:00,America/Chicago,1995-08-27T03:45:00Z,MT,30,0,0,0,NA,47.65,-105.07,0,0,0.1,10,1,1,21,0,0,0,FALSE,0
1016,1995,8,7,8/7/1995,14:00:00,America/Chicago,1995-08-07T19:00:00Z,MT,30,0,0,0,NA,47.5,-113.62,0,0,0.1,10,1,1,63,0,0,0,FALSE,0
1046,1995,9,5,9/5/1995,16:15:00,America/Chicago,1995-09-05T21:15:00Z,MT,30,0,0,0,NA,44.72,-112.65,0,0,0.1,10,1,1,1,0,0,0,FALSE,0
1047,1995,9,5,9/5/1995,17:15:00,America/Chicago,1995-09-05T22:15:00Z,MT,30,0,0,0,NA,48.18,-104.4,0,0,0.1,10,1,1,85,0,0,0,FALSE,0
191,1996,5,13,5/13/1996,18:30:00,America/Chicago,1996-05-13T23:30:00Z,MT,30,0,0,0,NA,45.3,-106.98,45.3,-106.98,0.1,10,1,1,3,0,0,0,FALSE,0
342,1996,6,15,6/15/1996,17:20:00,America/Chicago,1996-06-15T22:20:00Z,MT,30,0,0,0,NA,46.4,-111.13,46.4,-111.13,2,10,1,1,59,0,0,0,FALSE,0
334,1996,6,22,6/22/1996,14:35:00,America/Chicago,1996-06-22T19:35:00Z,MT,30,1,0,0,NA,45.75,-107.6,45.8,-107.6,4,10,1,1,3,0,0,0,FALSE,0
335,1996,6,24,6/24/1996,20:50:00,America/Chicago,1996-06-25T01:50:00Z,MT,30,0,0,0,NA,46.82,-106.17,46.82,-106.17,0.1,10,1,1,87,0,0,0,FALSE,0
343,1996,6,25,6/25/1996,20:55:00,America/Chicago,1996-06-26T01:55:00Z,MT,30,2,0,0,30000,47.4,-109.8,47.4,-109.8,2,30,1,1,27,0,0,0,FALSE,0
344,1996,6,27,6/27/1996,00:00:00,America/Chicago,1996-06-27T05:00:00Z,MT,30,0,0,0,NA,48.55,-110.95,48.55,-110.95,0.2,10,1,1,51,0,0,0,FALSE,0
336,1996,6,28,6/28/1996,17:30:00,America/Chicago,1996-06-28T22:30:00Z,MT,30,1,0,0,NA,45.45,-105.35,45.45,-105.35,0.5,10,1,1,75,0,0,0,FALSE,0
452,1996,7,31,7/31/1996,17:55:00,America/Chicago,1996-07-31T22:55:00Z,MT,30,0,0,0,NA,46.65,-104.03,46.65,-104.03,0.1,10,1,1,109,0,0,0,FALSE,0
263,1997,6,27,6/27/1997,19:15:00,America/Chicago,1997-06-28T00:15:00Z,MT,30,0,0,0,2000,46.58,-112.03,46.58,-112.03,0.1,10,1,1,49,0,0,0,FALSE,0
267,1997,6,5,6/5/1997,20:08:00,America/Chicago,1997-06-06T01:08:00Z,MT,30,0,0,0,NA,46.52,-109.65,46.58,-109.68,0.1,10,1,1,107,0,0,0,FALSE,0
262,1997,6,6,6/6/1997,20:48:00,America/Chicago,1997-06-07T01:48:00Z,MT,30,0,0,0,NA,47.07,-109.2,47.07,-109.2,0.1,20,1,1,27,0,0,0,FALSE,0
496,1997,7,17,7/17/1997,19:15:00,America/Chicago,1997-07-18T00:15:00Z,MT,30,0,0,0,NA,47.77,-106.63,47.77,-106.63,0.3,60,1,1,105,0,0,0,FALSE,0
373,1997,7,19,7/19/1997,14:45:00,America/Chicago,1997-07-19T19:45:00Z,MT,30,0,0,0,NA,45.22,-112.85,45.22,-112.85,0.1,50,1,1,1,0,0,0,FALSE,0
268,1997,7,20,7/20/1997,16:50:00,America/Chicago,1997-07-20T21:50:00Z,MT,30,0,0,0,NA,45.58,-108.77,45.58,-108.77,0.1,10,1,1,111,0,0,0,FALSE,0
348,1997,7,2,7/2/1997,15:55:00,America/Chicago,1997-07-02T20:55:00Z,MT,30,0,0,0,NA,45.88,-111.33,45.88,-111.33,0.1,20,1,1,31,0,0,0,FALSE,0
349,1997,7,2,7/2/1997,16:18:00,America/Chicago,1997-07-02T21:18:00Z,MT,30,0,0,0,NA,45.88,-111.33,45.88,-111.33,0.1,20,1,1,31,0,0,0,FALSE,0
581,1997,9,15,9/15/1997,12:30:00,America/Chicago,1997-09-15T17:30:00Z,MT,30,0,0,0,NA,46.1,-112.83,46.1,-112.83,0.1,50,1,1,23,0,0,0,FALSE,0
1296,1998,6,19,6/19/1998,15:30:00,America/Chicago,1998-06-19T20:30:00Z,MT,30,1,0,0,50000,47.62,-110.6,47.62,-110.6,1,30,1,1,15,0,0,0,FALSE,0
555,1998,7,3,7/3/1998,20:15:00,America/Chicago,1998-07-04T01:15:00Z,MT,30,1,0,0,30000,47.57,-111.55,47.57,-111.55,0.5,50,1,1,13,0,0,0,FALSE,0
1120,1998,7,4,7/4/1998,19:15:00,America/Chicago,1998-07-05T00:15:00Z,MT,30,1,0,0,10000,48.4,-105.18,48.27,-105.07,2,300,1,1,85,0,0,0,FALSE,0
1119,1998,7,4,7/4/1998,19:38:00,America/Chicago,1998-07-05T00:38:00Z,MT,30,1,0,0,100000,48.28,-105.48,48.25,-105.43,3,200,1,1,85,0,0,0,FALSE,0
517,1998,7,4,7/4/1998,21:05:00,America/Chicago,1998-07-05T02:05:00Z,MT,30,0,0,0,NA,45.83,-108.52,45.83,-108.52,0.1,30,1,1,111,0,0,0,FALSE,0
751,1998,8,14,8/14/1998,17:25:00,America/Chicago,1998-08-14T22:25:00Z,MT,30,0,0,0,NA,46.8,-109.75,46.8,-109.75,0.5,30,1,1,45,0,0,0,FALSE,0
717,1998,8,23,8/23/1998,16:00:00,America/Chicago,1998-08-23T21:00:00Z,MT,30,0,0,0,NA,47.03,-109.77,46.98,-109.7,4,30,1,1,27,0,0,0,FALSE,0
663,1998,8,23,8/23/1998,16:30:00,America/Chicago,1998-08-23T21:30:00Z,MT,30,1,0,0,40000,47.03,-109.68,46.98,-109.7,3.5,30,1,1,27,0,0,0,FALSE,0
662,1998,8,23,8/23/1998,17:35:00,America/Chicago,1998-08-23T22:35:00Z,MT,30,0,0,0,4000,46.98,-109.7,46.98,-109.7,0.3,30,1,1,27,0,0,0,FALSE,0
1236,1998,8,23,8/23/1998,21:45:00,America/Chicago,1998-08-24T02:45:00Z,MT,30,0,0,0,100000,46.03,-107.45,46.03,-107.25,7,50,1,1,103,0,0,0,FALSE,0
1235,1998,8,23,8/23/1998,22:00:00,America/Chicago,1998-08-24T03:00:00Z,MT,30,0,0,0,200000,46.1,-107.53,46.07,-106.9,7,50,1,1,103,0,0,0,FALSE,0
307,1999,5,20,5/20/1999,20:05:00,America/Chicago,1999-05-21T01:05:00Z,MT,30,0,0,0,30000,46.45,-108.52,46.45,-108.52,0.2,30,1,1,65,0,0,0,FALSE,0
511,1999,6,18,6/18/1999,14:35:00,America/Chicago,1999-06-18T19:35:00Z,MT,30,0,0,0,NA,48.58,-109.23,48.58,-109.23,0.5,10,1,1,5,0,0,0,FALSE,0
356,1999,6,20,6/20/1999,20:00:00,America/Chicago,1999-06-21T01:00:00Z,MT,30,2,0,0,NA,46.53,-104.18,46.63,-104.28,5,300,1,1,25,0,0,0,FALSE,0
512,1999,6,21,6/21/1999,17:10:00,America/Chicago,1999-06-21T22:10:00Z,MT,30,0,0,0,3000,47.18,-109.58,47.18,-109.58,0.2,10,1,1,27,0,0,0,FALSE,0
944,1999,6,21,6/21/1999,19:43:00,America/Chicago,1999-06-22T00:43:00Z,MT,30,0,0,0,NA,48.57,-107.33,48.57,-107.33,0.2,50,1,1,71,0,0,0,FALSE,0
945,1999,6,21,6/21/1999,19:45:00,America/Chicago,1999-06-22T00:45:00Z,MT,30,0,0,0,NA,48.35,-106.85,48.35,-106.85,0.1,40,1,1,105,0,0,0,FALSE,0
946,1999,6,21,6/21/1999,20:30:00,America/Chicago,1999-06-22T01:30:00Z,MT,30,1,0,0,250000,48.85,-106.4,48.85,-106.4,0.2,100,1,1,105,0,0,0,FALSE,0
513,1999,6,29,6/29/1999,13:00:00,America/Chicago,1999-06-29T18:00:00Z,MT,30,0,0,0,NA,45.25,-111.65,45.25,-111.65,0.2,10,1,1,57,0,0,0,FALSE,0
514,1999,6,30,6/30/1999,15:00:00,America/Chicago,1999-06-30T20:00:00Z,MT,30,0,0,0,NA,47.13,-109.68,47.13,-109.68,0.1,0,1,1,27,0,0,0,FALSE,0
510,1999,6,2,6/2/1999,17:55:00,America/Chicago,1999-06-02T22:55:00Z,MT,30,0,0,0,NA,48.28,-111.1,48.28,-111.1,0.1,10,1,1,51,0,0,0,FALSE,0
539,1999,7,20,7/20/1999,19:10:00,America/Chicago,1999-07-21T00:10:00Z,MT,30,0,0,0,NA,47.38,-109.82,47.38,-109.82,0.1,10,1,1,27,0,0,0,FALSE,0
1064,1999,7,21,7/21/1999,22:47:00,America/Chicago,1999-07-22T03:47:00Z,MT,30,0,0,0,NA,48.15,-104.7,48.15,-104.7,0.2,10,1,1,85,0,0,0,FALSE,0
1065,1999,7,21,7/21/1999,23:10:00,America/Chicago,1999-07-22T04:10:00Z,MT,30,1,0,0,20000,48.13,-104.22,48.13,-104.22,1,30,1,1,85,0,0,0,FALSE,0
538,1999,7,7,7/7/1999,15:00:00,America/Chicago,1999-07-07T20:00:00Z,MT,30,0,0,0,2000,47.52,-110.2,47.52,-110.2,0.2,20,1,1,15,0,0,0,FALSE,0
537,1999,7,7,7/7/1999,15:13:00,America/Chicago,1999-07-07T20:13:00Z,MT,30,0,0,0,2000,47.32,-109.92,47.32,-109.92,0.2,20,1,1,27,0,0,0,FALSE,0
623,1999,8,14,8/14/1999,17:15:00,America/Chicago,1999-08-14T22:15:00Z,MT,30,2,3,0,4000000,47.07,-109.42,47.08,-109.38,5,100,1,1,27,0,0,0,FALSE,3
624,1999,8,14,8/14/1999,19:20:00,America/Chicago,1999-08-15T00:20:00Z,MT,30,0,0,0,NA,46.97,-109.88,46.97,-109.88,0.5,20,1,1,45,0,0,0,FALSE,0
625,1999,8,14,8/14/1999,20:15:00,America/Chicago,1999-08-15T01:15:00Z,MT,30,0,0,0,NA,47.18,-109.23,47.18,-109.23,0.5,20,1,1,27,0,0,0,FALSE,0
520,1999,8,14,8/14/1999,21:00:00,America/Chicago,1999-08-15T02:00:00Z,MT,30,0,0,0,NA,47.28,-107.75,47.28,-107.75,0.2,50,1,1,33,0,0,0,FALSE,0
580,1999,8,14,8/14/1999,21:15:00,America/Chicago,1999-08-15T02:15:00Z,MT,30,0,0,0,NA,46.6,-109.72,46.67,-109.68,5,0,1,1,107,0,0,0,FALSE,0
37,1999,8,15,8/15/1999,12:25:00,America/Chicago,1999-08-15T17:25:00Z,MT,30,0,0,0,NA,46.58,-107.7,46.58,-107.7,0.1,0,1,1,87,0,0,0,FALSE,0
50,1999,8,15,8/15/1999,13:15:00,America/Chicago,1999-08-15T18:15:00Z,MT,30,0,0,0,NA,46.27,-106.88,46.27,-106.88,0.1,0,1,1,87,0,0,0,FALSE,0
805,2000,6,7,6/7/2000,20:43:00,America/Chicago,2000-06-08T01:43:00Z,MT,30,0,0,0,NA,47.88,-107.67,47.88,-107.67,0.5,50,1,1,71,0,0,0,FALSE,0
806,2000,6,7,6/7/2000,21:25:00,America/Chicago,2000-06-08T02:25:00Z,MT,30,0,0,0,NA,47.73,-107.32,47.73,-107.32,1,100,1,1,105,0,0,0,FALSE,0
301,2000,7,10,7/10/2000,18:15:00,America/Chicago,2000-07-10T23:15:00Z,MT,30,0,0,0,NA,48.4,-106.93,48.4,-106.93,0.5,50,1,1,105,0,0,0,FALSE,0
299,2000,7,2,7/2/2000,20:05:00,America/Chicago,2000-07-03T01:05:00Z,MT,30,0,0,0,NA,47.98,-106.63,47.98,-106.63,0.5,200,1,1,105,0,0,0,FALSE,0
300,2000,7,3,7/3/2000,19:40:00,America/Chicago,2000-07-04T00:40:00Z,MT,30,0,0,0,NA,47.83,-106.63,47.83,-106.63,0.5,50,1,1,105,0,0,0,FALSE,0
347,2000,7,5,7/5/2000,17:25:00,America/Chicago,2000-07-05T22:25:00Z,MT,30,0,0,0,NA,45.45,-105.93,45.45,-105.93,0.5,50,1,1,75,0,0,0,FALSE,0
346,2000,7,5,7/5/2000,19:04:00,America/Chicago,2000-07-06T00:04:00Z,MT,30,0,0,0,NA,45.6,-105.63,45.6,-105.63,0.5,50,1,1,75,0,0,0,FALSE,0
343,2000,7,5,7/5/2000,21:18:00,America/Chicago,2000-07-06T02:18:00Z,MT,30,0,0,0,NA,47.23,-110.93,47.23,-110.93,1,10,1,1,13,0,0,0,FALSE,0
344,2000,7,8,7/8/2000,18:25:00,America/Chicago,2000-07-08T23:25:00Z,MT,30,0,0,0,NA,47.35,-110.15,47.35,-110.15,2,20,1,1,27,0,0,0,FALSE,0
477,2000,9,10,9/10/2000,15:10:00,America/Chicago,2000-09-10T20:10:00Z,MT,30,0,0,0,NA,48.42,-114.33,48.42,-114.33,2,0,1,1,29,0,0,0,FALSE,0
1074,2001,7,20,7/20/2001,15:20:00,America/Chicago,2001-07-20T20:20:00Z,MT,30,0,0,0,NA,47.88,-107.65,48.02,-107.1,29,100,1,1,71,105,0,0,FALSE,0
1075,2001,7,20,7/20/2001,17:20:00,America/Chicago,2001-07-20T22:20:00Z,MT,30,0,0,0,NA,47.83,-106.48,47.83,-106.15,28,75,1,1,33,55,0,0,FALSE,0
1077,2001,7,20,7/20/2001,17:31:00,America/Chicago,2001-07-20T22:31:00Z,MT,30,0,0,0,NA,48.68,-105.42,48.68,-105.42,0.1,50,1,1,19,0,0,0,FALSE,0
1078,2001,7,20,7/20/2001,19:53:00,America/Chicago,2001-07-21T00:53:00Z,MT,30,0,0,0,NA,47.2,-104.88,47.2,-104.88,1,15,1,1,21,0,0,0,FALSE,0
1079,2001,7,20,7/20/2001,20:23:00,America/Chicago,2001-07-21T01:23:00Z,MT,30,0,0,0,NA,47.17,-104.73,47.17,-104.73,0.1,50,1,1,21,0,0,0,FALSE,0
1029,2001,7,25,7/25/2001,19:20:00,America/Chicago,2001-07-26T00:20:00Z,MT,30,2,0,0,NA,46.55,-104.28,46.55,-104.28,2,200,1,1,25,0,0,0,FALSE,0
1030,2001,7,25,7/25/2001,19:50:00,America/Chicago,2001-07-26T00:50:00Z,MT,30,1,0,0,NA,46.45,-104.17,46.45,-104.17,2,100,1,1,25,0,0,0,FALSE,0
359,2001,7,31,7/31/2001,15:11:00,America/Chicago,2001-07-31T20:11:00Z,MT,30,0,0,0,NA,47.32,-107.32,47.32,-107.13,8,20,1,1,33,0,0,0,FALSE,0
358,2001,7,5,7/5/2001,21:21:00,America/Chicago,2001-07-06T02:21:00Z,MT,30,0,0,0,NA,47.77,-104.23,47.77,-104.23,0,50,1,1,83,0,0,0,FALSE,0
182,2002,6,22,6/22/2002,14:30:00,America/Chicago,2002-06-22T19:30:00Z,MT,30,0,0,0,NA,46.85,-108.13,46.85,-108.13,0.1,50,1,1,69,0,0,0,FALSE,0
738,2002,6,28,6/28/2002,20:45:00,America/Chicago,2002-06-29T01:45:00Z,MT,30,0,0,0,NA,47,-109.87,46.98,-109.68,11,50,1,1,45,27,0,0,FALSE,0
206,2002,7,8,7/8/2002,16:30:00,America/Chicago,2002-07-08T21:30:00Z,MT,30,2,0,0,100000,47.25,-109.35,47.25,-109.35,10,200,1,1,27,0,0,0,FALSE,0
788,2002,7,8,7/8/2002,17:10:00,America/Chicago,2002-07-08T22:10:00Z,MT,30,0,0,0,NA,47.22,-108.35,47.22,-108.35,2,50,1,1,69,0,0,0,FALSE,0
207,2002,7,8,7/8/2002,18:00:00,America/Chicago,2002-07-08T23:00:00Z,MT,30,1,0,0,50000,48.58,-109.23,48.58,-109.23,2,50,1,1,5,0,0,0,FALSE,0
787,2002,7,8,7/8/2002,19:15:00,America/Chicago,2002-07-09T00:15:00Z,MT,30,0,0,0,NA,47.73,-107.32,47.73,-107.32,0.1,50,1,1,105,0,0,0,FALSE,0
786,2002,7,8,7/8/2002,19:25:00,America/Chicago,2002-07-09T00:25:00Z,MT,30,0,0,0,10000,48.4,-107.2,48.4,-107.2,0.1,50,1,1,105,0,0,0,FALSE,0
785,2002,7,8,7/8/2002,19:40:00,America/Chicago,2002-07-09T00:40:00Z,MT,30,0,0,0,100000,48.02,-106.4,48.02,-106.4,0.5,50,1,1,105,0,0,0,FALSE,0
278,2002,8,5,8/5/2002,18:20:00,America/Chicago,2002-08-05T23:20:00Z,MT,30,0,0,0,NA,47.25,-110.5,47.25,-110.5,5,50,1,1,45,0,0,0,FALSE,0
279,2002,8,5,8/5/2002,20:00:00,America/Chicago,2002-08-06T01:00:00Z,MT,30,0,0,0,NA,47.55,-109.37,47.55,-109.37,4,10,1,1,27,0,0,0,FALSE,0
277,2002,8,5,8/5/2002,21:15:00,America/Chicago,2002-08-06T02:15:00Z,MT,30,0,0,0,NA,47.72,-108.62,47.72,-108.62,0.1,10,1,1,71,0,0,0,FALSE,0
54,2003,4,22,4/22/2003,17:47:00,America/Chicago,2003-04-22T22:47:00Z,MT,30,1,0,0,NA,47.15,-110.23,47.15,-110.23,2,50,1,1,45,0,0,0,FALSE,0
55,2003,4,25,4/25/2003,15:10:00,America/Chicago,2003-04-25T20:10:00Z,MT,30,0,0,0,NA,47.33,-108.93,47.33,-108.93,2,25,1,1,27,0,0,0,FALSE,0
534,2003,7,26,7/26/2003,18:55:00,America/Chicago,2003-07-26T23:55:00Z,MT,30,0,0,0,NA,45.57,-108.17,45.57,-108.17,2.5,75,1,1,111,0,0,0,FALSE,0
569,2003,7,8,7/8/2003,17:15:00,America/Chicago,2003-07-08T22:15:00Z,MT,30,0,0,0,NA,47.17,-106.67,47.17,-106.67,0,0,1,1,33,0,0,0,FALSE,0
570,2003,7,8,7/8/2003,17:15:00,America/Chicago,2003-07-08T22:15:00Z,MT,30,0,0,0,NA,47.32,-106.82,47.32,-106.82,0,0,1,1,33,0,0,0,FALSE,0
628,2003,8,7,8/7/2003,00:00:00,America/Chicago,2003-08-07T05:00:00Z,MT,30,0,0,0,NA,47.32,-106.72,47.32,-106.72,0,0,1,1,33,0,0,0,FALSE,0
250,2004,6,5,6/5/2004,22:20:00,America/Chicago,2004-06-06T03:20:00Z,MT,30,0,0,0,NA,46.77,-110.07,46.83,-109.75,2,100,1,1,45,27,0,0,FALSE,0
1449,2004,7,14,7/14/2004,20:19:00,America/Chicago,2004-07-15T01:19:00Z,MT,30,0,0,0,NA,48.82,-104.5,48.82,-104.5,0.1,10,1,1,91,0,0,0,FALSE,0
1450,2004,7,14,7/14/2004,20:35:00,America/Chicago,2004-07-15T01:35:00Z,MT,30,0,0,0,NA,48.83,-104.48,48.78,-104.37,6.08,10,1,1,91,0,0,0,FALSE,0
1451,2004,7,14,7/14/2004,20:40:00,America/Chicago,2004-07-15T01:40:00Z,MT,30,0,0,0,NA,48.87,-104.27,48.87,-104.27,0.1,10,1,1,91,0,0,0,FALSE,0
350,2004,8,23,8/23/2004,16:12:00,America/Chicago,2004-08-23T21:12:00Z,MT,30,0,0,0,NA,48.32,-105.65,48.32,-105.65,0.1,10,1,1,85,0,0,0,FALSE,0
390,2004,8,26,8/26/2004,13:00:00,America/Chicago,2004-08-26T18:00:00Z,MT,30,0,0,0,NA,46.28,-108.53,46.28,-108.53,0,0,1,1,65,0,0,0,FALSE,0
197,2005,6,17,6/17/2005,17:20:00,America/Chicago,2005-06-17T22:20:00Z,MT,30,0,0,0,NA,47.72,-109.37,47.72,-109.37,0.1,5,1,1,27,0,0,0,FALSE,0
196,2005,6,20,6/20/2005,20:10:00,America/Chicago,2005-06-21T01:10:00Z,MT,30,0,0,0,NA,48.73,-108.58,48.73,-108.58,0.1,5,1,1,5,0,0,0,FALSE,0
195,2005,6,25,6/25/2005,14:05:00,America/Chicago,2005-06-25T19:05:00Z,MT,30,0,0,0,NA,46.98,-108.85,46.98,-108.85,1,8,1,1,27,0,0,0,FALSE,0
416,2005,6,25,6/25/2005,20:45:00,America/Chicago,2005-06-26T01:45:00Z,MT,30,0,0,0,NA,48.2,-105.13,48.2,-105.13,1,5,1,1,85,0,0,0,FALSE,0
225,2005,6,28,6/28/2005,13:30:00,America/Chicago,2005-06-28T18:30:00Z,MT,30,0,0,0,NA,47,-108.45,47,-108.45,2,10,1,1,69,0,0,0,FALSE,0
194,2005,6,28,6/28/2005,14:55:00,America/Chicago,2005-06-28T19:55:00Z,MT,30,0,0,0,NA,47.07,-109.35,47.07,-109.35,0.3,5,1,1,27,0,0,0,FALSE,0
148,2005,6,6,6/6/2005,17:41:00,America/Chicago,2005-06-06T22:41:00Z,MT,30,0,0,0,NA,45.98,-104.7,45.98,-104.7,30,100,1,1,11,0,0,0,FALSE,0
147,2005,6,6,6/6/2005,19:04:00,America/Chicago,2005-06-07T00:04:00Z,MT,30,0,0,0,NA,46.48,-104.22,46.48,-104.22,1,0,1,1,25,0,0,0,FALSE,0
149,2005,6,7,6/7/2005,17:08:00,America/Chicago,2005-06-07T22:08:00Z,MT,30,0,0,0,NA,45.1,-105.55,45.1,-105.55,1,30,1,1,75,0,0,0,FALSE,0
1088,2005,8,11,8/11/2005,20:27:00,America/Chicago,2005-08-12T01:27:00Z,MT,30,0,0,0,NA,45.87,-109.05,45.83,-108.83,9,50,1,1,95,111,0,0,FALSE,0
632,2006,6,13,6/13/2006,20:43:00,America/Chicago,2006-06-14T01:43:00Z,MT,30,1,0,0,NA,48.63,-112.65,48.63,-112.65,10,100,1,1,35,0,0,0,FALSE,0
736,2007,6,16,6/16/2007,17:31:00,America/Chicago,2007-06-16T22:31:00Z,MT,30,1,0,0,NA,46.96,-110.58,46.95,-110.47,5.28,100,1,1,45,0,0,0,FALSE,0
843,2007,7,18,7/18/2007,19:50:00,America/Chicago,2007-07-19T00:50:00Z,MT,30,0,0,0,8000,47.66,-114.32,47.96,-114.04,1,50,1,1,47,0,0,0,FALSE,0
844,2007,7,18,7/18/2007,20:40:00,America/Chicago,2007-07-19T01:40:00Z,MT,30,0,0,0,8000,47.96,-114.14,48.07,-114.07,8,50,1,1,29,0,0,0,FALSE,0
881,2007,8,10,8/10/2007,18:15:00,America/Chicago,2007-08-10T23:15:00Z,MT,30,1,0,0,25000,48.21,-107.66,48.21,-107.66,0.1,10,1,1,71,0,0,0,FALSE,0
882,2007,8,10,8/10/2007,19:45:00,America/Chicago,2007-08-11T00:45:00Z,MT,30,1,0,0,10000,48.78,-106.44,48.78,-106.44,0.25,10,1,1,105,0,0,0,FALSE,0
400,2008,4,9,4/9/2008,17:45:00,America/Chicago,2008-04-09T22:45:00Z,MT,30,0,0,0,NA,48.22,-114.34,0,0,0.01,10,1,1,29,0,0,0,FALSE,0
1410,2008,8,10,8/10/2008,12:39:00,America/Chicago,2008-08-10T17:39:00Z,MT,30,0,0,0,NA,45.11,-104.55,0,0,0.01,50,1,1,11,0,0,0,FALSE,0
854,2009,6,30,6/30/2009,18:08:00,America/Chicago,2009-06-30T23:08:00Z,MT,30,0,0,0,NA,46.6832,-104.147,46.6832,-104.147,0.25,5,1,1,109,0,0,0,FALSE,0
887,2009,7,13,7/13/2009,19:33:00,America/Chicago,2009-07-14T00:33:00Z,MT,30,0,0,0,NA,48.05,-106.073,48.05,-106.073,0.38,10,1,1,105,0,0,0,FALSE,0
888,2009,7,13,7/13/2009,19:40:00,America/Chicago,2009-07-14T00:40:00Z,MT,30,0,0,0,NA,48.0445,-106.05,48.0445,-106.05,0.27,5,1,1,105,0,0,0,FALSE,0
861,2009,7,5,7/5/2009,18:55:00,America/Chicago,2009-07-05T23:55:00Z,MT,30,0,0,0,NA,47.172,-104.475,47.172,-104.475,0.25,1,1,1,21,0,0,0,FALSE,0
502,2010,5,27,5/27/2010,20:49:00,America/Chicago,2010-05-28T01:49:00Z,MT,30,0,0,0,NA,47.2064,-105.827,47.2064,-105.827,0.1,1,1,1,55,0,0,0,FALSE,0
629,2010,6,16,6/16/2010,17:00:00,America/Chicago,2010-06-16T22:00:00Z,MT,30,2,0,0,12000,45.18,-108.69,45.2,-108.68,1,75,1,1,9,0,0,0,FALSE,0
637,2010,6,16,6/16/2010,20:56:00,America/Chicago,2010-06-17T01:56:00Z,MT,30,1,0,0,30000,47.9946,-106.085,48.0313,-106.072,2.61,17,1,1,55,0,0,0,FALSE,0
718,2010,6,20,6/20/2010,16:24:00,America/Chicago,2010-06-20T21:24:00Z,MT,30,2,0,0,NA,45.81,-108.48,45.8,-108.48,0.69,120,1,1,111,0,0,0,FALSE,0
731,2010,6,21,6/21/2010,16:00:00,America/Chicago,2010-06-21T21:00:00Z,MT,30,0,0,0,NA,47.9644,-107.317,47.9644,-107.317,0.1,1,1,1,105,0,0,0,FALSE,0
743,2010,6,21,6/21/2010,19:00:00,America/Chicago,2010-06-22T00:00:00Z,MT,30,1,0,0,107000,45.21,-106.2,45.21,-106.19,1,200,1,1,75,0,0,0,FALSE,0
744,2010,6,21,6/21/2010,19:10:00,America/Chicago,2010-06-22T00:10:00Z,MT,30,2,0,0,150000,45.34,-105.55,45.35,-105.55,0.5,100,1,1,75,0,0,0,FALSE,0
960,2010,7,26,7/26/2010,19:00:00,America/Chicago,2010-07-27T00:00:00Z,MT,30,3,1,2,300000,48.6597,-105.002,48.5476,-104.646,18,880,1,1,91,0,0,0,FALSE,3
834,2010,7,2,7/2/2010,15:45:00,America/Chicago,2010-07-02T20:45:00Z,MT,30,2,0,0,32500000,46.1819,-110.444,46.1986,-110.408,2.09,150,1,1,67,0,0,0,FALSE,0
1050,2010,9,9,9/9/2010,16:20:00,America/Chicago,2010-09-09T21:20:00Z,MT,30,0,0,0,NA,46.27,-109.96,46.27,-109.96,0.25,10,1,1,107,0,0,0,FALSE,0
295482,2011,5,20,5/20/2011,20:27:00,America/Chicago,2011-05-21T01:27:00Z,MT,30,1,0,0,75000,46.6642,-105.3,46.6642,-105.3,0.09,67,1,1,79,0,0,0,FALSE,0
320313,2011,6,12,6/12/2011,17:35:00,America/Chicago,2011-06-12T22:35:00Z,MT,30,1,0,0,NA,45.19,-104.37,45.208,-104.266,5.21,100,1,1,11,0,0,0,FALSE,0
330168,2011,6,29,6/29/2011,19:09:00,America/Chicago,2011-06-30T00:09:00Z,MT,30,0,0,0,NA,48.0671,-107.111,48.0671,-107.111,0.01,1,1,1,105,0,0,0,FALSE,0
330508,2011,6,29,6/29/2011,19:09:00,America/Chicago,2011-06-30T00:09:00Z,MT,30,1,0,0,300000,48.5279,-107.33,48.5279,-107.33,0.75,25,1,1,71,0,0,0,FALSE,0
335356,2011,6,6,6/6/2011,20:42:00,America/Chicago,2011-06-07T01:42:00Z,MT,30,0,0,0,NA,45.8369,-108.819,45.8369,-108.819,0.01,50,1,1,111,0,0,0,FALSE,0
335360,2011,6,6,6/6/2011,21:30:00,America/Chicago,2011-06-07T02:30:00Z,MT,30,0,0,0,NA,45.9384,-108.442,45.9384,-108.442,0.25,50,1,1,111,0,0,0,FALSE,0
338776,2011,7,29,7/29/2011,19:28:00,America/Chicago,2011-07-30T00:28:00Z,MT,30,0,0,0,NA,47.7205,-104.81,47.6399,-104.595,11.45,50,1,1,83,0,0,0,FALSE,0
331509,2011,8,9,8/9/2011,14:45:00,America/Chicago,2011-08-09T19:45:00Z,MT,30,0,0,0,NA,46.03,-110.71,46.03,-110.71,0.1,10,1,1,67,0,0,0,FALSE,0
346528,2011,9,1,9/1/2011,12:55:00,America/Chicago,2011-09-01T17:55:00Z,MT,30,0,0,0,NA,47.7763,-114.042,47.7754,-114.027,0.73,3,1,1,47,0,0,0,FALSE,0
376456,2012,6,5,6/5/2012,15:40:00,America/Chicago,2012-06-05T20:40:00Z,MT,30,1,0,0,NA,46.5378,-110.858,46.5774,-110.868,2.78,300,1,1,59,0,0,0,FALSE,0
376458,2012,6,5,6/5/2012,18:41:00,America/Chicago,2012-06-05T23:41:00Z,MT,30,0,0,0,NA,47.1013,-109.887,47.1547,-109.87,3.78,400,1,1,45,0,0,0,FALSE,0
376459,2012,6,5,6/5/2012,19:10:00,America/Chicago,2012-06-06T00:10:00Z,MT,30,0,0,0,NA,48.0388,-109.82,48.0525,-109.83,1.05,100,1,1,15,0,0,0,FALSE,0
483062,2013,11,4,11/4/2013,08:42:00,America/Chicago,2013-11-04T14:42:00Z,MT,30,0,0,0,NA,47.971,-114.072,47.978,-114.06,0.75,200,1,1,29,0,0,0,FALSE,0
464950,2013,6,3,6/3/2013,16:00:00,America/Chicago,2013-06-03T21:00:00Z,MT,30,0,0,0,NA,46.5,-104.19,46.5,-104.19,1,50,1,1,25,0,0,0,FALSE,0
470482,2013,7,15,7/15/2013,15:45:00,America/Chicago,2013-07-15T20:45:00Z,MT,30,2,0,0,500000,48.3511,-105.611,48.3749,-105.111,22.99,440,1,1,85,0,0,0,FALSE,0
468419,2013,7,8,7/8/2013,16:48:00,America/Chicago,2013-07-08T21:48:00Z,MT,30,0,0,0,NA,46.61,-107.87,46.61,-107.87,0.5,50,1,1,65,0,0,0,FALSE,0
468458,2013,7,8,7/8/2013,18:54:00,America/Chicago,2013-07-08T23:54:00Z,MT,30,1,0,0,NA,46.2425,-105.759,46.2425,-105.759,0.57,100,1,1,17,0,0,0,FALSE,0
475321,2013,8,3,8/3/2013,19:15:00,America/Chicago,2013-08-04T00:15:00Z,MT,30,0,0,0,NA,45.44,-105.6,45.44,-105.6,1,100,1,1,75,0,0,0,FALSE,0
511791,2014,5,18,5/18/2014,17:50:00,America/Chicago,2014-05-18T22:50:00Z,MT,30,0,0,0,NA,45.16,-105.16,45.16,-105.16,0.1,25,1,1,75,0,0,0,FALSE,0
511681,2014,5,31,5/31/2014,14:55:00,America/Chicago,2014-05-31T19:55:00Z,MT,30,0,0,0,NA,46.73,-106.76,46.73,-106.76,0.1,25,1,1,87,0,0,0,FALSE,0
511728,2014,5,31,5/31/2014,19:15:00,America/Chicago,2014-06-01T00:15:00Z,MT,30,0,0,0,NA,45.86,-105.68,45.86,-105.68,0.1,25,1,1,17,0,0,0,FALSE,0
523274,2014,6,13,6/13/2014,16:45:00,America/Chicago,2014-06-13T21:45:00Z,MT,30,0,0,0,NA,48.43,-109.23,48.43,-109.23,0.25,10,1,1,5,0,0,0,FALSE,0
515637,2014,6,17,6/17/2014,14:27:00,America/Chicago,2014-06-17T19:27:00Z,MT,30,3,0,0,NA,45.4783,-104.183,45.5678,-104.133,10,880,1,1,11,0,0,0,FALSE,0
528662,2014,6,17,6/17/2014,15:54:00,America/Chicago,2014-06-17T20:54:00Z,MT,30,0,0,0,NA,47.715,-106.704,47.7159,-106.704,0.07,15,1,1,33,0,0,0,FALSE,0
532494,2014,7,24,7/24/2014,19:19:00,America/Chicago,2014-07-25T00:19:00Z,MT,30,0,0,0,NA,46.99,-104.27,46.99,-104.27,1,100,1,1,109,0,0,0,FALSE,0
536065,2014,7,31,7/31/2014,17:10:00,America/Chicago,2014-07-31T22:10:00Z,MT,30,0,0,0,NA,48.48,-108.37,48.48,-108.37,0.1,5,1,1,5,0,0,0,FALSE,0
585387,2015,6,19,6/19/2015,17:45:00,America/Chicago,2015-06-19T22:45:00Z,MT,30,0,0,0,NA,45.31,-104.9,45.31,-104.9,1,50,1,1,11,0,0,0,FALSE,0
573471,2015,6,21,6/21/2015,16:37:00,America/Chicago,2015-06-21T21:37:00Z,MT,30,0,0,0,NA,46.22,-104.4,46.22,-104.4,1,50,1,1,25,0,0,0,FALSE,0
580044,2015,6,30,6/30/2015,16:59:00,America/Chicago,2015-06-30T21:59:00Z,MT,30,1,1,0,50000,47.4764,-104.113,47.24,-104.02,17.47,50,2,0,0,0,0,0,FALSE,1
613918,2016,5,21,5/21/2016,15:50:00,America/Chicago,2016-05-21T20:50:00Z,MT,30,1,0,0,NA,46.23,-108.05,46.25,-108.02,2,150,1,1,111,0,0,0,FALSE,0
613885,2016,5,9,5/9/2016,19:25:00,America/Chicago,2016-05-10T00:25:00Z,MT,30,0,0,0,NA,48.39,-104.49,48.39,-104.5,0.46,30,1,1,91,0,0,0,FALSE,0
614071,2016,6,11,6/11/2016,18:54:00,America/Chicago,2016-06-11T23:54:00Z,MT,30,3,7,0,1500000,46.31,-104.25,46.36,-104.27,3,200,1,1,25,0,0,0,FALSE,7
614189,2016,7,10,7/10/2016,12:30:00,America/Chicago,2016-07-10T17:30:00Z,MT,30,0,0,0,NA,45.22,-112.65,45.22,-112.65,0.03,50,1,1,1,0,0,0,FALSE,0
614190,2016,7,10,7/10/2016,15:10:00,America/Chicago,2016-07-10T20:10:00Z,MT,30,0,0,0,NA,46.36,-104.23,46.36,-104.23,0.5,50,1,1,25,0,0,0,FALSE,0
614167,2016,7,6,7/6/2016,15:40:00,America/Chicago,2016-07-06T20:40:00Z,MT,30,0,0,0,NA,46.09,-104.36,46.09,-104.36,0.25,25,1,1,25,0,0,0,FALSE,0
615600,2017,7,29,7/29/2017,17:55:00,America/Chicago,2017-07-29T22:55:00Z,MT,30,0,0,0,NA,48.5538,-104.1507,48.5539,-104.1536,0.13,10,1,1,91,0,0,0,FALSE,0
616255,2018,5,23,5/23/2018,19:42:00,America/Chicago,2018-05-24T00:42:00Z,MT,30,0,0,0,NA,47.14,-104.89,47.1378,-104.885,0.28,10,1,1,21,0,0,0,FALSE,0
616202,2018,5,9,5/9/2018,17:28:00,America/Chicago,2018-05-09T22:28:00Z,MT,30,0,0,0,NA,46.91,-109.78,46.9,-109.78,0.69,50,1,1,45,0,0,0,FALSE,0
616409,2018,6,23,6/23/2018,15:55:00,America/Chicago,2018-06-23T20:55:00Z,MT,30,0,0,0,NA,47.6277,-110.8019,47.625,-110.7718,1.41,50,1,1,15,0,0,0,FALSE,0
616451,2018,6,28,6/28/2018,19:17:00,America/Chicago,2018-06-29T00:17:00Z,MT,30,0,0,0,NA,45.3219,-104.4806,45.3548,-104.2803,10,50,1,1,11,0,0,0,FALSE,0
616452,2018,6,28,6/28/2018,19:44:00,America/Chicago,2018-06-29T00:44:00Z,MT,30,0,0,0,NA,45.3503,-104.2066,45.3573,-104.1321,4,50,1,1,11,0,0,0,FALSE,0
616453,2018,6,28,6/28/2018,20:01:00,America/Chicago,2018-06-29T01:01:00Z,MT,30,0,0,0,NA,45.3675,-104.0981,45.3675,-104.0981,0.01,25,1,1,11,0,0,0,FALSE,0
616454,2018,6,28,6/28/2018,20:06:00,America/Chicago,2018-06-29T01:06:00Z,MT,30,2,0,0,NA,45.3753,-104.0813,45.4092,-104.0405,6.6,200,1,1,11,0,0,0,FALSE,0
616338,2018,6,7,6/7/2018,17:40:00,America/Chicago,2018-06-07T22:40:00Z,MT,30,1,0,0,NA,45.5586,-106.7603,45.5636,-106.7456,0.75,100,1,1,3,0,0,0,FALSE,0
616482,2018,7,9,7/9/2018,19:05:00,America/Chicago,2018-07-10T00:05:00Z,MT,30,1,0,0,NA,48.7702,-104.5307,48.7501,-104.4963,2.1,250,1,1,91,0,0,0,FALSE,0
616608,2018,8,20,8/20/2018,17:38:00,America/Chicago,2018-08-20T22:38:00Z,MT,30,0,0,0,NA,45.6145,-113.4309,45.6145,-113.4154,0.75,3,1,1,1,0,0,0,FALSE,0
618134,2019,6,27,6/27/2019,17:10:00,America/Chicago,2019-06-27T22:10:00Z,MT,30,0,0,0,NA,47.1,-109.98,47.1,-109.98,0.25,400,1,1,45,0,0,0,FALSE,0
618135,2019,6,27,6/27/2019,17:38:00,America/Chicago,2019-06-27T22:38:00Z,MT,30,0,0,0,NA,46.68,-110,46.68,-110,0.39,50,1,1,107,0,0,0,FALSE,0
618136,2019,6,27,6/27/2019,19:10:00,America/Chicago,2019-06-28T00:10:00Z,MT,30,0,0,0,NA,47.8593,-108.4338,47.8591,-108.4305,0.11,20,1,1,71,0,0,0,FALSE,0
618203,2019,7,19,7/19/2019,00:44:00,America/Chicago,2019-07-19T05:44:00Z,MT,30,1,0,0,NA,45.5,-104.45,45.5,-104.45,0.5,100,1,1,11,0,0,0,FALSE,0
619070,2020,5,20,5/20/2020,21:17:00,America/Chicago,2020-05-21T02:17:00Z,MT,30,0,0,0,NA,48.16,-106.49,48.1711,-106.4965,0.82,50,1,1,105,0,0,0,FALSE,0
619253,2020,7,7,7/7/2020,15:58:00,America/Chicago,2020-07-07T20:58:00Z,MT,30,0,0,0,NA,46.9771,-108.378,46.9779,-108.3753,0.14,20,1,1,69,0,0,0,FALSE,0
619254,2020,7,7,7/7/2020,16:10:00,America/Chicago,2020-07-07T21:10:00Z,MT,30,0,0,0,NA,47.1774,-108.5215,47.1789,-108.5189,0.15,50,1,1,69,0,0,0,FALSE,0
620240,2021,7,6,7/6/2021,18:11:00,America/Chicago,2021-07-06T23:11:00Z,MT,30,NA,0,0,NA,48.038,-108.84,48.0025,-108.7485,4.89,30,1,1,5,0,0,0,FALSE,0
621833,2022,7,18,7/18/2022,17:47:00,America/Chicago,2022-07-18T22:47:00Z,MT,30,2,0,0,NA,48.85,-106.25,48.85,-106.25,8,457,1,1,105,0,0,0,FALSE,0
621812,2022,7,6,7/6/2022,13:18:00,America/Chicago,2022-07-06T18:18:00Z,MT,30,0,0,0,NA,47.0981,-110.2759,47.0946,-110.2496,1.26,50,1,1,45,0,0,0,FALSE,0
621890,2022,8,26,8/26/2022,12:18:00,America/Chicago,2022-08-26T17:18:00Z,MT,30,0,0,0,NA,48.3058,-108.9603,48.3254,-108.9005,3.06,50,1,1,5,0,0,0,FALSE,0
