161,1950,7,11,7/11/1950,17:00:00,America/Chicago,1950-07-11T22:00:00Z,NM,35,1,0,0,500,35.28,-103.52,35.33,-103.48,3.8,500,1,1,37,0,0,0,FALSE,0
176,1950,8,2,8/2/1950,12:30:00,America/Chicago,1950-08-02T17:30:00Z,NM,35,1,0,0,50000,34.12,-107.23,34.02,-107.3,7.9,100,1,1,53,0,0,0,FALSE,0
105,1951,6,5,6/5/1951,15:30:00,America/Chicago,1951-06-05T20:30:00Z,NM,35,0,0,0,500000,33.1,-104.8,0,0,2,10,1,1,5,0,0,0,FALSE,0
207,1951,8,10,8/10/1951,15:30:00,America/Chicago,1951-08-10T20:30:00Z,NM,35,0,0,0,50,36.67,-103.95,36.78,-103.78,12.2,30,1,1,59,0,0,0,FALSE,0
241,1954,5,16,5/16/1954,15:00:00,America/Chicago,1954-05-16T20:00:00Z,NM,35,1,0,0,500,32.97,-103.57,0,0,0.5,100,1,1,25,0,0,0,FALSE,0
242,1954,5,16,5/16/1954,17:30:00,America/Chicago,1954-05-16T22:30:00Z,NM,35,0,0,0,NA,32.2,-103.2,0,0,0.1,10,1,1,25,0,0,0,FALSE,0
244,1954,5,17,5/17/1954,16:00:00,America/Chicago,1954-05-17T21:00:00Z,NM,35,0,0,0,NA,33.8,-106.6,0,0,0.1,10,1,1,53,0,0,0,FALSE,0
245,1954,5,17,5/17/1954,20:00:00,America/Chicago,1954-05-18T01:00:00Z,NM,35,3,0,0,50,32.97,-103.37,0,0,0.1,10,1,1,25,0,0,0,FALSE,0
246,1954,5,17,5/17/1954,21:00:00,America/Chicago,1954-05-18T02:00:00Z,NM,35,1,0,0,NA,32.17,-103.23,32.22,-103.2,4.3,50,1,1,25,0,0,0,FALSE,0
399,1954,6,29,6/29/1954,14:30:00,America/Chicago,1954-06-29T19:30:00Z,NM,35,0,0,0,NA,36.02,-103.2,36.07,-103.17,3.8,300,1,1,59,0,0,0,FALSE,0
447,1954,7,31,7/31/1954,18:30:00,America/Chicago,1954-07-31T23:30:00Z,NM,35,0,0,0,500,34.57,-106.77,34.52,-106.73,3.8,300,1,1,61,0,0,0,FALSE,0
486,1954,8,24,8/24/1954,21:00:00,America/Chicago,1954-08-25T02:00:00Z,NM,35,0,0,0,NA,33.95,-103.65,0,0,0.1,10,1,1,41,0,0,0,FALSE,0
195,1955,5,18,5/18/1955,13:35:00,America/Chicago,1955-05-18T18:35:00Z,NM,35,1,0,0,5000,34.43,-103.62,0,0,0.3,20,1,1,9,0,0,0,FALSE,0
217,1956,5,25,5/25/1956,11:54:00,America/Chicago,1956-05-25T16:54:00Z,NM,35,0,0,0,NA,35,-106.3,35.18,-106.13,15.8,50,1,1,49,0,0,0,FALSE,0
234,1956,5,29,5/29/1956,21:00:00,America/Chicago,1956-05-30T02:00:00Z,NM,35,0,0,0,500,33,-103.4,0,0,0.1,10,1,1,25,0,0,0,FALSE,0
342,1956,7,8,7/8/1956,17:30:00,America/Chicago,1956-07-08T22:30:00Z,NM,35,0,0,0,NA,35,-104.7,0,0,1,50,1,1,19,0,0,0,FALSE,0
427,1956,8,20,8/20/1956,13:30:00,America/Chicago,1956-08-20T18:30:00Z,NM,35,1,0,0,5000,35.17,-106.2,0,0,0.5,60,1,1,49,0,0,0,FALSE,0
746,1957,10,12,10/12/1957,05:00:00,America/Chicago,1957-10-12T10:00:00Z,NM,35,3,0,0,500000,32.63,-108.17,32.7,-108.05,8.2,50,1,1,17,0,0,0,FALSE,0
757,1957,10,19,10/19/1957,16:30:00,America/Chicago,1957-10-19T21:30:00Z,NM,35,0,0,0,50,35.3,-106.7,0,0,0.1,10,1,1,43,0,0,0,FALSE,0
758,1957,10,20,10/20/1957,14:30:00,America/Chicago,1957-10-20T19:30:00Z,NM,35,0,0,0,50,35.33,-107.2,0,0,0.1,10,1,1,43,0,0,0,FALSE,0
187,1957,4,21,4/21/1957,16:00:00,America/Chicago,1957-04-21T22:00:00Z,NM,35,2,0,0,50000,33.9,-103.1,0,0,0.3,40,1,1,41,0,0,0,FALSE,0
188,1957,4,21,4/21/1957,16:00:00,America/Chicago,1957-04-21T22:00:00Z,NM,35,0,0,0,NA,33.9,-103.1,0,0,0.1,10,1,1,41,0,0,0,FALSE,0
189,1957,4,21,4/21/1957,16:00:00,America/Chicago,1957-04-21T22:00:00Z,NM,35,0,0,0,NA,33.9,-103.1,0,0,0.1,10,1,1,41,0,0,0,FALSE,0
190,1957,4,21,4/21/1957,16:00:00,America/Chicago,1957-04-21T22:00:00Z,NM,35,0,0,0,NA,33.9,-103.1,0,0,0.1,10,1,1,41,0,0,0,FALSE,0
293,1957,5,10,5/10/1957,19:20:00,America/Chicago,1957-05-11T00:20:00Z,NM,35,2,0,0,50000,36.68,-108.22,0,0,0.1,10,1,1,45,0,0,0,FALSE,0
428,1957,5,24,5/24/1957,05:00:00,America/Chicago,1957-05-24T10:00:00Z,NM,35,2,0,0,500000,34.43,-103.55,34.77,-103.05,36.5,37,1,1,9,0,0,0,FALSE,0
475,1957,5,27,5/27/1957,18:30:00,America/Chicago,1957-05-27T23:30:00Z,NM,35,0,0,0,50,35,-103.73,0,0,0.1,10,1,1,37,0,0,0,FALSE,0
486,1957,5,30,5/30/1957,13:20:00,America/Chicago,1957-05-30T18:20:00Z,NM,35,0,0,0,50,35.2,-105.9,0,0,0.1,10,1,1,49,0,0,0,FALSE,0
488,1957,5,30,5/30/1957,14:45:00,America/Chicago,1957-05-30T19:45:00Z,NM,35,0,0,0,50,34.37,-105.7,0,0,0.1,10,1,1,57,0,0,0,FALSE,0
489,1957,5,30,5/30/1957,15:00:00,America/Chicago,1957-05-30T20:00:00Z,NM,35,0,0,0,50,34.17,-105.5,0,0,0.1,10,1,1,27,0,0,0,FALSE,0
498,1957,5,30,5/30/1957,17:39:00,America/Chicago,1957-05-30T22:39:00Z,NM,35,0,0,0,NA,32.43,-103.15,0,0,0.1,10,1,1,25,0,0,0,FALSE,0
499,1957,5,30,5/30/1957,20:00:00,America/Chicago,1957-05-31T01:00:00Z,NM,35,0,0,0,NA,32.43,-103.18,0,0,0.1,10,1,1,25,0,0,0,FALSE,0
500,1957,5,30,5/30/1957,20:39:00,America/Chicago,1957-05-31T01:39:00Z,NM,35,0,0,0,NA,32.43,-103.15,0,0,0.1,10,1,1,25,0,0,0,FALSE,0
503,1957,5,31,5/31/1957,15:15:00,America/Chicago,1957-05-31T20:15:00Z,NM,35,0,0,0,NA,34.92,-106.75,0,0,0.1,10,1,1,1,0,0,0,FALSE,0
514,1958,10,13,10/13/1958,13:45:00,America/Chicago,1958-10-13T18:45:00Z,NM,35,0,0,0,50,34.4,-105.72,0,0,0.1,10,1,1,57,0,0,0,FALSE,0
150,1958,5,13,5/13/1958,19:35:00,America/Chicago,1958-05-14T00:35:00Z,NM,35,0,0,0,NA,34.6,-103.4,0,0,0.1,10,1,1,9,0,0,0,FALSE,0
151,1958,5,13,5/13/1958,19:35:00,America/Chicago,1958-05-14T00:35:00Z,NM,35,0,0,0,NA,34.6,-103.4,0,0,0.1,10,1,1,9,0,0,0,FALSE,0
152,1958,5,13,5/13/1958,19:35:00,America/Chicago,1958-05-14T00:35:00Z,NM,35,0,0,0,NA,34.6,-103.4,0,0,0.1,10,1,1,9,0,0,0,FALSE,0
153,1958,5,13,5/13/1958,19:35:00,America/Chicago,1958-05-14T00:35:00Z,NM,35,0,0,0,NA,34.6,-103.4,0,0,0.1,10,1,1,9,0,0,0,FALSE,0
159,1958,5,16,5/16/1958,15:00:00,America/Chicago,1958-05-16T20:00:00Z,NM,35,0,0,0,50,33.1,-107.3,0,0,0.3,880,1,1,51,0,0,0,FALSE,0
497,1958,9,9,9/9/1958,17:40:00,America/Chicago,1958-09-09T22:40:00Z,NM,35,0,0,0,50,35.02,-104.68,0,0,0.1,10,1,1,19,0,0,0,FALSE,0
88,1959,4,7,4/7/1959,15:30:00,America/Chicago,1959-04-07T21:30:00Z,NM,35,1,0,0,5000,32.73,-103.1,0,0,0.5,10,1,1,25,0,0,0,FALSE,0
235,1959,5,15,5/15/1959,13:45:00,America/Chicago,1959-05-15T18:45:00Z,NM,35,0,0,0,NA,35.7,-106,0,0,0.1,10,1,1,49,0,0,0,FALSE,0
273,1959,5,23,5/23/1959,17:38:00,America/Chicago,1959-05-23T22:38:00Z,NM,35,0,0,0,50,35.3,-106.6,0,0,1,100,1,1,43,0,0,0,FALSE,0
172,1959,5,7,5/7/1959,21:00:00,America/Chicago,1959-05-08T02:00:00Z,NM,35,1,0,0,5000,32.33,-104.2,0,0,0.1,10,1,1,15,0,0,0,FALSE,0
174,1959,5,8,5/8/1959,12:00:00,America/Chicago,1959-05-08T17:00:00Z,NM,35,1,0,0,500,35,-104.7,0,0,0.1,10,1,1,19,0,0,0,FALSE,0
175,1959,5,8,5/8/1959,15:15:00,America/Chicago,1959-05-08T20:15:00Z,NM,35,1,0,0,50000,34.1,-103.1,34.13,-103.02,5.4,400,1,1,41,0,0,0,FALSE,0
180,1959,5,9,5/9/1959,16:00:00,America/Chicago,1959-05-09T21:00:00Z,NM,35,0,0,0,NA,35.2,-106,0,0,0.1,10,1,1,49,0,0,0,FALSE,0
181,1959,5,9,5/9/1959,16:00:00,America/Chicago,1959-05-09T21:00:00Z,NM,35,0,0,0,NA,35.2,-106,0,0,0.1,10,1,1,49,0,0,0,FALSE,0
388,1959,6,22,6/22/1959,18:00:00,America/Chicago,1959-06-22T23:00:00Z,NM,35,1,0,0,5000,34.82,-103.1,0,0,0.1,10,1,1,9,0,0,0,FALSE,0
345,1959,6,3,6/3/1959,16:50:00,America/Chicago,1959-06-03T21:50:00Z,NM,35,1,0,0,5000,32.98,-106,0,0,0.1,10,1,1,35,0,0,0,FALSE,0
346,1959,6,3,6/3/1959,17:00:00,America/Chicago,1959-06-03T22:00:00Z,NM,35,1,0,0,5000,33.3,-106.08,0,0,0.3,23,1,1,35,0,0,0,FALSE,0
447,1959,7,11,7/11/1959,17:45:00,America/Chicago,1959-07-11T22:45:00Z,NM,35,0,0,0,500,34.6,-106,0,0,0.1,10,1,1,57,0,0,0,FALSE,0
448,1959,7,11,7/11/1959,21:00:00,America/Chicago,1959-07-12T02:00:00Z,NM,35,0,0,0,500,32.72,-104.38,0,0,0.1,10,1,1,15,0,0,0,FALSE,0
454,1959,7,14,7/14/1959,18:00:00,America/Chicago,1959-07-14T23:00:00Z,NM,35,1,0,0,5000,35.2,-103.57,0,0,0.1,10,1,1,37,0,0,0,FALSE,0
470,1959,7,29,7/29/1959,23:00:00,America/Chicago,1959-07-30T04:00:00Z,NM,35,1,0,0,5000,32.07,-106.62,0,0,0.1,10,1,1,13,0,0,0,FALSE,0
433,1959,7,8,7/8/1959,18:00:00,America/Chicago,1959-07-08T23:00:00Z,NM,35,1,0,0,5000,34.18,-103.45,0,0,0.1,10,1,1,41,0,0,0,FALSE,0
112,1960,4,26,4/26/1960,15:00:00,America/Chicago,1960-04-26T20:00:00Z,NM,35,0,0,0,NA,32.7,-103.1,0,0,0.5,20,1,1,25,0,0,0,FALSE,0
370,1960,6,11,6/11/1960,15:00:00,America/Chicago,1960-06-11T20:00:00Z,NM,35,0,0,0,NA,33,-107.1,0,0,0.1,10,1,1,51,0,0,0,FALSE,0
432,1960,6,25,6/25/1960,19:00:00,America/Chicago,1960-06-26T00:00:00Z,NM,35,0,34,0,50000,36.5,-104.9,0,0,2,100,1,1,7,0,0,0,FALSE,34
484,1960,7,20,7/20/1960,12:20:00,America/Chicago,1960-07-20T17:20:00Z,NM,35,0,0,0,NA,34.35,-103.68,0,0,0.1,10,1,1,9,0,0,0,FALSE,0
490,1960,7,24,7/24/1960,15:00:00,America/Chicago,1960-07-24T20:00:00Z,NM,35,2,0,0,50000,32.97,-103.4,0,0,0.1,10,1,1,25,0,0,0,FALSE,0
572,1960,9,30,9/30/1960,17:30:00,America/Chicago,1960-09-30T22:30:00Z,NM,35,0,0,0,NA,35.2,-106,0,0,0.1,10,1,1,49,0,0,0,FALSE,0
348,1961,5,23,5/23/1961,19:30:00,America/Chicago,1961-05-24T00:30:00Z,NM,35,1,0,0,50,34.9,-103.6,0,0,0.3,50,1,1,37,0,0,0,FALSE,0
364,1961,5,30,5/30/1961,21:00:00,America/Chicago,1961-05-31T02:00:00Z,NM,35,1,0,0,50000,32.9,-103.4,0,0,1,27,1,1,25,0,0,0,FALSE,0
442,1961,6,14,6/14/1961,18:30:00,America/Chicago,1961-06-14T23:30:00Z,NM,35,1,2,0,50000,33.2,-104.5,0,0,0.1,10,1,1,5,0,0,0,FALSE,2
444,1961,6,15,6/15/1961,20:00:00,America/Chicago,1961-06-16T01:00:00Z,NM,35,1,0,0,5000,32,-108.8,0,0,0.1,10,1,1,23,0,0,0,FALSE,0
381,1961,6,3,6/3/1961,17:30:00,America/Chicago,1961-06-03T22:30:00Z,NM,35,2,1,0,50000,35.2,-103.5,35.15,-103.47,4.3,100,1,1,37,0,0,0,FALSE,1
388,1961,6,5,6/5/1961,14:30:00,America/Chicago,1961-06-05T19:30:00Z,NM,35,1,0,0,50,36.9,-103.5,36.95,-103.42,5.7,20,1,1,59,0,0,0,TRUE,0
408,1961,6,6,6/6/1961,16:30:00,America/Chicago,1961-06-06T21:30:00Z,NM,35,0,0,0,500,34.1,-103.5,0,0,1,433,1,1,41,0,0,0,FALSE,0
415,1961,6,7,6/7/1961,15:45:00,America/Chicago,1961-06-07T20:45:00Z,NM,35,0,0,0,NA,36.32,-103.93,0,0,0.1,10,1,1,59,0,0,0,FALSE,0
417,1961,6,7,6/7/1961,17:00:00,America/Chicago,1961-06-07T22:00:00Z,NM,35,0,0,0,NA,32.95,-103.18,0,0,0.1,10,1,1,25,0,0,0,FALSE,0
482,1961,7,2,7/2/1961,16:00:00,America/Chicago,1961-07-02T21:00:00Z,NM,35,0,0,0,NA,32.8,-104.4,0,0,0.1,10,1,1,15,0,0,0,FALSE,0
564,1961,8,16,8/16/1961,13:30:00,America/Chicago,1961-08-16T18:30:00Z,NM,35,0,0,0,NA,35.5,-105.9,0,0,0.1,10,1,1,49,0,0,0,FALSE,0
649,1962,10,27,10/27/1962,15:30:00,America/Chicago,1962-10-27T20:30:00Z,NM,35,0,0,0,50000,32.37,-104.2,0,0,0.1,10,1,1,15,0,0,0,FALSE,0
144,1962,5,16,5/16/1962,11:00:00,America/Chicago,1962-05-16T16:00:00Z,NM,35,0,0,0,NA,34.2,-105,0,0,0.1,17,1,1,27,0,0,0,FALSE,0
147,1962,5,16,5/16/1962,16:00:00,America/Chicago,1962-05-16T21:00:00Z,NM,35,0,0,0,5000,34.43,-103.9,0,0,0.1,10,1,1,41,0,0,0,FALSE,0
157,1962,5,17,5/17/1962,16:30:00,America/Chicago,1962-05-17T21:30:00Z,NM,35,1,0,0,50000,36.42,-103.45,36.58,-103.27,15.3,10,1,1,59,0,0,0,FALSE,0
158,1962,5,17,5/17/1962,16:30:00,America/Chicago,1962-05-17T21:30:00Z,NM,35,0,0,0,500,36.52,-103.5,0,0,0.1,10,1,1,59,0,0,0,FALSE,0
161,1962,5,17,5/17/1962,19:00:00,America/Chicago,1962-05-18T00:00:00Z,NM,35,2,1,0,50000,35.97,-104.23,36.1,-104.13,10.8,10,1,1,21,0,0,0,FALSE,1
403,1962,6,12,6/12/1962,16:00:00,America/Chicago,1962-06-12T21:00:00Z,NM,35,2,0,0,5000,33.4,-104.5,0,0,0.1,10,1,1,5,0,0,0,FALSE,0
391,1962,6,9,6/9/1962,16:00:00,America/Chicago,1962-06-09T21:00:00Z,NM,35,0,0,0,5000,32.13,-103.83,0,0,0.1,10,1,1,15,0,0,0,FALSE,0
514,1962,7,11,7/11/1962,16:00:00,America/Chicago,1962-07-11T21:00:00Z,NM,35,0,0,0,5000,33.2,-104.8,0,0,0.1,10,1,1,5,0,0,0,FALSE,0
559,1962,7,27,7/27/1962,17:57:00,America/Chicago,1962-07-27T22:57:00Z,NM,35,0,0,0,NA,32.7,-103.13,0,0,0.1,10,1,1,25,0,0,0,FALSE,0
613,1962,8,31,8/31/1962,01:25:00,America/Chicago,1962-08-31T06:25:00Z,NM,35,0,0,0,NA,35.35,-105.58,0,0,0.1,10,1,1,47,0,0,0,TRUE,0
614,1962,8,31,8/31/1962,02:25:00,America/Chicago,1962-08-31T07:25:00Z,NM,35,0,0,0,NA,35.47,-105.5,0,0,0.1,10,1,1,47,0,0,0,TRUE,0
212,1963,5,28,5/28/1963,16:00:00,America/Chicago,1963-05-28T21:00:00Z,NM,35,0,0,0,NA,36.72,-108,0,0,0.1,10,1,1,45,0,0,0,FALSE,0
219,1963,5,30,5/30/1963,16:00:00,America/Chicago,1963-05-30T21:00:00Z,NM,35,0,0,0,NA,32.8,-104.75,0,0,0.1,10,1,1,15,0,0,0,FALSE,0
300,1963,6,19,6/19/1963,19:40:00,America/Chicago,1963-06-20T00:40:00Z,NM,35,0,0,0,5000,33.3,-104.37,0,0,0.1,10,1,1,5,0,0,0,FALSE,0
263,1963,6,8,6/8/1963,07:00:00,America/Chicago,1963-06-08T12:00:00Z,NM,35,0,0,0,NA,32.6,-103.1,0,0,0.1,10,1,1,25,0,0,0,FALSE,0
331,1963,7,11,7/11/1963,16:00:00,America/Chicago,1963-07-11T21:00:00Z,NM,35,1,0,0,5000,34,-103.25,0,0,0.1,10,1,1,41,0,0,0,FALSE,0
334,1963,7,12,7/12/1963,14:00:00,America/Chicago,1963-07-12T19:00:00Z,NM,35,2,0,0,50000,35.23,-103.7,0,0,0.1,10,1,1,37,0,0,0,FALSE,0
400,1963,8,30,8/30/1963,10:45:00,America/Chicago,1963-08-30T15:45:00Z,NM,35,0,0,0,NA,34.8,-106.8,0,0,0.1,10,1,1,61,0,0,0,FALSE,0
402,1963,8,31,8/31/1963,19:15:00,America/Chicago,1963-09-01T00:15:00Z,NM,35,1,0,0,5000,32.95,-103.35,0,0,0.1,10,1,1,25,0,0,0,FALSE,0
305,1964,5,18,5/18/1964,16:15:00,America/Chicago,1964-05-18T21:15:00Z,NM,35,1,0,0,500,34.3,-104.93,0,0,0.1,10,1,1,27,0,0,0,FALSE,0
334,1964,5,29,5/29/1964,13:03:00,America/Chicago,1964-05-29T18:03:00Z,NM,35,3,8,1,500000,36.53,-104.58,36.52,-104.53,3,10,1,1,7,0,0,0,FALSE,9
370,1964,6,10,6/10/1964,17:30:00,America/Chicago,1964-06-10T22:30:00Z,NM,35,1,1,0,500,34.4,-103.35,0,0,0.2,50,1,1,9,0,0,0,FALSE,1
373,1964,6,10,6/10/1964,19:00:00,America/Chicago,1964-06-11T00:00:00Z,NM,35,1,0,0,50,34.3,-104.9,0,0,0.1,10,1,1,27,0,0,0,FALSE,0
379,1964,6,10,6/10/1964,22:00:00,America/Chicago,1964-06-11T03:00:00Z,NM,35,1,0,0,500,35.1,-103.35,0,0,0.1,10,1,1,37,0,0,0,FALSE,0
381,1964,6,11,6/11/1964,13:20:00,America/Chicago,1964-06-11T18:20:00Z,NM,35,2,0,0,5000,35.18,-103.05,0,0,0.1,10,1,1,37,0,0,0,FALSE,0
384,1964,6,11,6/11/1964,16:30:00,America/Chicago,1964-06-11T21:30:00Z,NM,35,2,0,0,50000,34.4,-103.13,34.57,-102.82,23.2,67,2,0,0,0,0,0,FALSE,0
398,1964,6,12,6/12/1964,17:00:00,America/Chicago,1964-06-12T22:00:00Z,NM,35,1,0,0,50000,34.6,-103.1,34.78,-103.1,12.6,10,1,1,9,0,0,0,FALSE,0
407,1964,6,13,6/13/1964,17:00:00,America/Chicago,1964-06-13T22:00:00Z,NM,35,0,0,0,NA,34.2,-103.5,0,0,0.1,10,1,1,41,0,0,0,FALSE,0
408,1964,6,13,6/13/1964,17:00:00,America/Chicago,1964-06-13T22:00:00Z,NM,35,1,0,0,5000,34.18,-103.3,0,0,0.1,10,1,1,41,0,0,0,FALSE,0
641,1964,9,21,9/21/1964,18:45:00,America/Chicago,1964-09-21T23:45:00Z,NM,35,1,0,0,50000,33.5,-104.5,0,0,0.1,50,1,1,5,0,0,0,FALSE,0
91,1965,4,4,4/4/1965,12:45:00,America/Chicago,1965-04-04T18:45:00Z,NM,35,1,0,0,5000,32.9,-104.4,0,0,0.3,167,1,1,15,0,0,0,FALSE,0
481,1965,5,30,5/30/1965,11:00:00,America/Chicago,1965-05-30T16:00:00Z,NM,35,0,0,0,NA,35,-106,0,0,0.1,10,1,1,57,0,0,0,FALSE,0
483,1965,5,31,5/31/1965,19:45:00,America/Chicago,1965-06-01T00:45:00Z,NM,35,1,0,0,50,35.18,-106.58,0,0,0.1,10,1,1,1,0,0,0,FALSE,0
549,1965,6,10,6/10/1965,18:15:00,America/Chicago,1965-06-10T23:15:00Z,NM,35,1,3,0,5000,33.4,-104.5,0,0,0.3,17,1,1,5,0,0,0,FALSE,3
550,1965,6,10,6/10/1965,20:00:00,America/Chicago,1965-06-11T01:00:00Z,NM,35,1,0,0,5000,33.3,-104.5,0,0,0.1,10,1,1,5,0,0,0,FALSE,0
566,1965,6,15,6/15/1965,16:00:00,America/Chicago,1965-06-15T21:00:00Z,NM,35,1,0,0,50000,34.8,-103.5,34.82,-103.43,4.3,200,1,1,37,0,0,0,FALSE,0
568,1965,6,15,6/15/1965,23:00:00,America/Chicago,1965-06-16T04:00:00Z,NM,35,1,0,0,NA,33.9,-103.2,0,0,0.5,10,1,1,41,0,0,0,FALSE,0
574,1965,6,17,6/17/1965,17:30:00,America/Chicago,1965-06-17T22:30:00Z,NM,35,0,0,0,NA,35.9,-105.3,0,0,0.1,17,1,1,33,0,0,0,FALSE,0
600,1965,6,25,6/25/1965,13:40:00,America/Chicago,1965-06-25T18:40:00Z,NM,35,0,0,0,NA,33.48,-104.5,0,0,0.1,10,1,1,5,0,0,0,FALSE,0
602,1965,6,25,6/25/1965,16:00:00,America/Chicago,1965-06-25T21:00:00Z,NM,35,0,0,0,NA,35.22,-103.65,0,0,0.1,10,1,1,37,0,0,0,FALSE,0
605,1965,6,25,6/25/1965,18:10:00,America/Chicago,1965-06-25T23:10:00Z,NM,35,2,0,0,NA,33.98,-103.23,33.98,-103.05,10.5,10,1,1,41,0,0,0,FALSE,0
494,1965,6,3,6/3/1965,17:05:00,America/Chicago,1965-06-03T22:05:00Z,NM,35,0,0,0,NA,36.13,-103.2,0,0,0.1,10,1,1,59,0,0,0,FALSE,0
719,1965,8,2,8/2/1965,14:00:00,America/Chicago,1965-08-02T19:00:00Z,NM,35,0,0,0,50,34,-107.4,0,0,0.1,10,1,1,53,0,0,0,FALSE,0
811,1965,9,18,9/18/1965,19:00:00,America/Chicago,1965-09-19T00:00:00Z,NM,35,2,0,0,50000,36.4,-103.03,36.43,-103.12,5.1,100,1,1,59,0,0,0,FALSE,0
585,1966,12,26,12/26/1966,18:40:00,America/Chicago,1966-12-27T00:40:00Z,NM,35,1,0,0,500000,35.87,-106,0,0,0.3,10,1,1,49,0,0,0,FALSE,0
133,1966,5,10,5/10/1966,16:30:00,America/Chicago,1966-05-10T21:30:00Z,NM,35,0,0,0,500,32.1,-103.2,0,0,1,10,1,1,25,0,0,0,FALSE,0
213,1966,5,26,5/26/1966,15:18:00,America/Chicago,1966-05-26T20:18:00Z,NM,35,0,0,0,500,35.08,-106.1,0,0,0.1,10,1,1,49,0,0,0,FALSE,0
215,1966,5,26,5/26/1966,19:00:00,America/Chicago,1966-05-27T00:00:00Z,NM,35,0,0,0,NA,34.22,-103.68,0,0,0.1,10,1,1,41,0,0,0,FALSE,0
216,1966,5,26,5/26/1966,20:00:00,America/Chicago,1966-05-27T01:00:00Z,NM,35,0,0,0,NA,33.25,-103.4,0,0,0.1,10,1,1,25,0,0,0,FALSE,0
217,1966,5,26,5/26/1966,20:00:00,America/Chicago,1966-05-27T01:00:00Z,NM,35,0,0,0,NA,33.25,-103.67,0,0,0.1,10,1,1,25,0,0,0,FALSE,0
303,1966,6,18,6/18/1966,15:30:00,America/Chicago,1966-06-18T20:30:00Z,NM,35,1,0,0,50000,35.53,-104.7,0,0,0.8,10,1,1,47,0,0,0,FALSE,0
304,1966,6,18,6/18/1966,18:00:00,America/Chicago,1966-06-18T23:00:00Z,NM,35,1,0,0,NA,34.97,-104.03,0,0,0.1,10,1,1,37,0,0,0,FALSE,0
305,1966,6,18,6/18/1966,22:00:00,America/Chicago,1966-06-19T03:00:00Z,NM,35,1,0,0,NA,34.23,-103.5,0,0,0.3,10,1,1,41,0,0,0,FALSE,0
359,1966,7,5,7/5/1966,19:30:00,America/Chicago,1966-07-06T00:30:00Z,NM,35,1,0,0,500,34.7,-106.73,0,0,0.2,167,1,1,61,0,0,0,FALSE,0
493,1966,8,22,8/22/1966,17:15:00,America/Chicago,1966-08-22T22:15:00Z,NM,35,0,0,0,NA,32.37,-104.27,0,0,0.1,10,1,1,15,0,0,0,FALSE,0
494,1966,8,22,8/22/1966,17:18:00,America/Chicago,1966-08-22T22:18:00Z,NM,35,0,0,0,NA,32.37,-104.27,0,0,0.1,10,1,1,15,0,0,0,FALSE,0
498,1966,8,30,8/30/1966,16:00:00,America/Chicago,1966-08-30T21:00:00Z,NM,35,1,0,0,5000,36.8,-107.6,0,0,1.5,10,1,1,45,0,0,0,FALSE,0
503,1966,8,31,8/31/1966,16:00:00,America/Chicago,1966-08-31T21:00:00Z,NM,35,1,0,0,NA,33.27,-104.43,0,0,0.1,10,1,1,5,0,0,0,FALSE,0
459,1966,8,7,8/7/1966,19:00:00,America/Chicago,1966-08-08T00:00:00Z,NM,35,1,0,0,5000,33.27,-103.52,0,0,0.2,10,1,1,25,0,0,0,FALSE,0
510,1966,9,7,9/7/1966,15:15:00,America/Chicago,1966-09-07T20:15:00Z,NM,35,0,0,0,500,32.62,-106.75,0,0,0.7,10,1,1,13,0,0,0,FALSE,0
77,1967,3,23,3/23/1967,17:00:00,America/Chicago,1967-03-23T23:00:00Z,NM,35,0,0,0,NA,34.4,-103.1,0,0,0.1,10,1,1,9,0,0,0,FALSE,0
490,1967,6,14,6/14/1967,19:40:00,America/Chicago,1967-06-15T00:40:00Z,NM,35,0,0,0,NA,34.1,-103.17,0,0,0.1,10,1,1,41,0,0,0,FALSE,0
510,1967,6,15,6/15/1967,14:20:00,America/Chicago,1967-06-15T19:20:00Z,NM,35,1,0,0,5000,32.78,-108.28,0,0,0.1,10,1,1,17,0,0,0,FALSE,0
551,1967,6,28,6/28/1967,17:45:00,America/Chicago,1967-06-28T22:45:00Z,NM,35,1,0,0,500,34.2,-103.33,0,0,0.1,10,1,1,41,0,0,0,FALSE,0
363,1967,6,4,6/4/1967,17:00:00,America/Chicago,1967-06-04T22:00:00Z,NM,35,1,0,0,50000,33.5,-104.5,0,0,1.5,10,1,1,5,0,0,0,FALSE,0
577,1967,7,3,7/3/1967,15:30:00,America/Chicago,1967-07-03T20:30:00Z,NM,35,0,0,0,NA,36.55,-103.05,0,0,0.1,10,1,1,59,0,0,0,FALSE,0
578,1967,7,3,7/3/1967,15:30:00,America/Chicago,1967-07-03T20:30:00Z,NM,35,0,0,0,NA,36.5,-103.08,0,0,0.1,10,1,1,59,0,0,0,FALSE,0
579,1967,7,3,7/3/1967,15:30:00,America/Chicago,1967-07-03T20:30:00Z,NM,35,0,0,0,NA,36.68,-103,0,0,0.1,10,1,1,59,0,0,0,FALSE,0
170,1968,5,10,5/10/1968,16:00:00,America/Chicago,1968-05-10T21:00:00Z,NM,35,0,0,0,NA,33,-103.4,0,0,0.1,10,1,1,25,0,0,0,FALSE,0
359,1968,6,18,6/18/1968,20:45:00,America/Chicago,1968-06-19T01:45:00Z,NM,35,2,3,0,500000,35.35,-103.45,0,0,0.5,500,1,1,37,0,0,0,FALSE,3
44,1969,4,16,4/16/1969,13:15:00,America/Chicago,1969-04-16T19:15:00Z,NM,35,1,0,0,500,34.47,-103.27,0,0,0.1,50,1,1,9,0,0,0,FALSE,0
181,1969,5,16,5/16/1969,12:00:00,America/Chicago,1969-05-16T17:00:00Z,NM,35,0,0,0,NA,36.3,-104.6,0,0,0.1,10,1,1,7,0,0,0,FALSE,0
92,1969,5,4,5/4/1969,01:01:00,America/Chicago,1969-05-04T06:01:00Z,NM,35,0,2,0,NA,34.58,-103.8,0,0,0.1,10,1,1,41,0,0,0,FALSE,2
108,1969,5,5,5/5/1969,19:00:00,America/Chicago,1969-05-06T00:00:00Z,NM,35,0,0,0,NA,34.2,-103.3,0,0,5,867,1,1,41,0,0,0,FALSE,0
110,1969,5,5,5/5/1969,21:00:00,America/Chicago,1969-05-06T02:00:00Z,NM,35,0,0,0,NA,34.42,-103.57,0,0,0.1,10,1,1,9,0,0,0,FALSE,0
117,1969,5,6,5/6/1969,15:00:00,America/Chicago,1969-05-06T20:00:00Z,NM,35,0,0,0,NA,34.25,-103.6,0,0,0.1,10,1,1,41,0,0,0,FALSE,0
267,1969,6,13,6/13/1969,17:15:00,America/Chicago,1969-06-13T22:15:00Z,NM,35,0,0,0,NA,32.6,-104.58,0,0,0.1,10,1,1,15,0,0,0,FALSE,0
234,1969,6,3,6/3/1969,23:00:00,America/Chicago,1969-06-04T04:00:00Z,NM,35,0,0,0,50,35.9,-103.2,0,0,0.1,10,1,1,59,0,0,0,FALSE,0
251,1969,6,8,6/8/1969,14:30:00,America/Chicago,1969-06-08T19:30:00Z,NM,35,0,0,0,NA,36,-104.7,0,0,0.1,10,1,1,33,0,0,0,FALSE,0
48,1970,3,27,3/27/1970,11:36:00,America/Chicago,1970-03-27T17:36:00Z,NM,35,0,0,0,50,35,-106.6,0,0,0.1,10,1,1,1,0,0,0,FALSE,0
50,1970,3,30,3/30/1970,17:53:00,America/Chicago,1970-03-30T23:53:00Z,NM,35,1,0,0,500,35.1,-103.63,0,0,0.1,10,1,1,37,0,0,0,FALSE,0
75,1970,4,17,4/17/1970,18:30:00,America/Chicago,1970-04-18T00:30:00Z,NM,35,1,0,0,5000,33.1,-103.48,33.18,-103.42,7.1,10,1,1,25,0,0,0,FALSE,0
76,1970,4,17,4/17/1970,18:30:00,America/Chicago,1970-04-18T00:30:00Z,NM,35,1,0,0,5000,33.2,-103.32,0,0,0.1,10,1,1,25,0,0,0,FALSE,0
77,1970,4,17,4/17/1970,20:00:00,America/Chicago,1970-04-18T02:00:00Z,NM,35,2,0,0,500000,34.7,-103.9,35,-103.3,39.8,50,1,1,37,0,0,0,FALSE,0
83,1970,4,18,4/18/1970,16:00:00,America/Chicago,1970-04-18T22:00:00Z,NM,35,0,0,0,NA,33.5,-103.1,0,0,0.1,10,1,1,25,0,0,0,FALSE,0
234,1970,5,25,5/25/1970,10:45:00,America/Chicago,1970-05-25T15:45:00Z,NM,35,0,0,0,NA,33.4,-103.7,0,0,0.1,10,1,1,25,0,0,0,FALSE,0
235,1970,5,25,5/25/1970,11:40:00,America/Chicago,1970-05-25T16:40:00Z,NM,35,0,0,0,NA,33.4,-104.33,0,0,0.1,10,1,1,5,0,0,0,FALSE,0
240,1970,5,27,5/27/1970,13:30:00,America/Chicago,1970-05-27T18:30:00Z,NM,35,1,0,0,NA,32.85,-103.6,0,0,0.1,10,1,1,25,0,0,0,FALSE,0
241,1970,5,27,5/27/1970,16:00:00,America/Chicago,1970-05-27T21:00:00Z,NM,35,0,0,0,NA,32.53,-103.9,0,0,0.1,10,1,1,15,0,0,0,FALSE,0
459,1970,7,24,7/24/1970,22:00:00,America/Chicago,1970-07-25T03:00:00Z,NM,35,0,0,0,NA,33.27,-106.38,0,0,0.1,10,1,1,51,0,0,0,FALSE,0
117,1971,3,5,3/5/1971,10:00:00,America/Chicago,1971-03-05T16:00:00Z,NM,35,0,0,0,NA,34.55,-103.95,0,0,0.1,10,1,1,41,0,0,0,FALSE,0
144,1971,4,15,4/15/1971,15:00:00,America/Chicago,1971-04-15T21:00:00Z,NM,35,1,0,0,50000,35.65,-105.98,0,0,2,17,1,1,49,0,0,0,FALSE,0
145,1971,4,15,4/15/1971,15:45:00,America/Chicago,1971-04-15T21:45:00Z,NM,35,1,0,0,50,32.18,-104.53,0,0,0.1,10,1,1,15,0,0,0,FALSE,0
148,1971,4,15,4/15/1971,18:30:00,America/Chicago,1971-04-16T00:30:00Z,NM,35,1,0,0,500,34.35,-103.13,0,0,2,10,1,1,9,0,0,0,FALSE,0
159,1971,4,18,4/18/1971,21:30:00,America/Chicago,1971-04-19T03:30:00Z,NM,35,1,0,0,500,35.13,-103.32,0,0,0.1,10,1,1,37,0,0,0,FALSE,0
503,1971,6,11,6/11/1971,16:00:00,America/Chicago,1971-06-11T21:00:00Z,NM,35,1,0,0,500,34.35,-103.2,0,0,0.1,10,1,1,9,0,0,0,FALSE,0
505,1971,6,11,6/11/1971,17:00:00,America/Chicago,1971-06-11T22:00:00Z,NM,35,1,0,0,50000,34.8,-103.3,0,0,0.5,10,1,1,9,0,0,0,FALSE,0
518,1971,6,14,6/14/1971,16:00:00,America/Chicago,1971-06-14T21:00:00Z,NM,35,1,0,0,500,32.95,-103.38,0,0,0.1,10,1,1,25,0,0,0,FALSE,0
666,1971,7,27,7/27/1971,13:15:00,America/Chicago,1971-07-27T18:15:00Z,NM,35,0,0,0,NA,36.8,-104.05,0,0,0.1,10,1,1,7,0,0,0,FALSE,0
692,1971,8,9,8/9/1971,18:56:00,America/Chicago,1971-08-09T23:56:00Z,NM,35,1,0,0,500,32.17,-107.77,0,0,0.1,40,1,1,29,0,0,0,FALSE,0
771,1971,9,16,9/16/1971,20:00:00,America/Chicago,1971-09-17T01:00:00Z,NM,35,1,0,0,5000,32.93,-107.65,0,0,0.1,10,1,1,51,0,0,0,FALSE,0
774,1971,9,17,9/17/1971,16:00:00,America/Chicago,1971-09-17T21:00:00Z,NM,35,1,0,0,5000,33.82,-105.82,0,0,0.1,10,1,1,27,0,0,0,FALSE,0
242,1972,5,10,5/10/1972,15:00:00,America/Chicago,1972-05-10T20:00:00Z,NM,35,0,0,0,NA,35.77,-103.33,0,0,0.1,10,1,1,59,0,0,0,FALSE,0
243,1972,5,10,5/10/1972,15:00:00,America/Chicago,1972-05-10T20:00:00Z,NM,35,0,0,0,NA,35.77,-103.33,0,0,0.1,10,1,1,59,0,0,0,FALSE,0
244,1972,5,10,5/10/1972,15:00:00,America/Chicago,1972-05-10T20:00:00Z,NM,35,0,0,0,NA,35.77,-103.33,0,0,0.1,10,1,1,59,0,0,0,FALSE,0
245,1972,5,10,5/10/1972,15:10:00,America/Chicago,1972-05-10T20:10:00Z,NM,35,1,0,0,5000,35.77,-103.33,35.78,-103.27,3.6,10,1,1,59,0,0,0,FALSE,0
246,1972,5,10,5/10/1972,15:20:00,America/Chicago,1972-05-10T20:20:00Z,NM,35,2,0,0,50000,35.82,-103.07,0,0,2.5,660,1,1,59,0,0,0,FALSE,0
251,1972,5,11,5/11/1972,16:30:00,America/Chicago,1972-05-11T21:30:00Z,NM,35,0,0,0,500,33.47,-104.5,0,0,0.1,10,1,1,5,0,0,0,FALSE,0
231,1972,5,7,5/7/1972,19:58:00,America/Chicago,1972-05-08T00:58:00Z,NM,35,2,0,0,5000,34.27,-103.33,0,0,0.1,10,1,1,41,0,0,0,FALSE,0
380,1972,6,14,6/14/1972,17:12:00,America/Chicago,1972-06-14T22:12:00Z,NM,35,0,0,0,NA,34.22,-103.37,0,0,0.1,10,1,1,41,0,0,0,FALSE,0
383,1972,6,14,6/14/1972,22:00:00,America/Chicago,1972-06-15T03:00:00Z,NM,35,2,0,0,500,33.1,-103.22,0,0,0.1,10,1,1,25,0,0,0,FALSE,0
385,1972,6,15,6/15/1972,16:28:00,America/Chicago,1972-06-15T21:28:00Z,NM,35,0,0,0,NA,35.38,-106.08,0,0,0.1,10,1,1,49,0,0,0,FALSE,0
390,1972,6,17,6/17/1972,14:00:00,America/Chicago,1972-06-17T19:00:00Z,NM,35,1,0,0,500,33.42,-105.67,33.47,-105.58,6.1,100,1,1,27,0,0,0,FALSE,0
459,1972,6,29,6/29/1972,20:02:00,America/Chicago,1972-06-30T01:02:00Z,NM,35,0,0,0,NA,33,-104.4,0,0,0.1,10,1,1,5,0,0,0,FALSE,0
520,1972,7,17,7/17/1972,18:40:00,America/Chicago,1972-07-17T23:40:00Z,NM,35,1,1,0,50000,35.35,-103.45,35.35,-103.38,3.8,10,1,1,37,0,0,0,FALSE,1
530,1972,7,19,7/19/1972,19:45:00,America/Chicago,1972-07-20T00:45:00Z,NM,35,0,0,0,NA,32.02,-106.32,32.02,-106.27,3.6,10,1,1,35,0,0,0,FALSE,0
539,1972,7,20,7/20/1972,19:25:00,America/Chicago,1972-07-21T00:25:00Z,NM,35,0,0,0,NA,34.6,-103.3,0,0,0.1,10,1,1,9,0,0,0,FALSE,0
470,1972,7,2,7/2/1972,14:30:00,America/Chicago,1972-07-02T19:30:00Z,NM,35,0,0,0,NA,34.82,-103.22,0,0,2,1760,1,1,9,0,0,0,FALSE,0
478,1972,7,3,7/3/1972,12:00:00,America/Chicago,1972-07-03T17:00:00Z,NM,35,1,0,0,500,34.7,-104.02,0,0,0.1,10,1,1,37,0,0,0,FALSE,0
659,1972,9,19,9/19/1972,17:20:00,America/Chicago,1972-09-19T22:20:00Z,NM,35,0,0,0,NA,31.88,-106.75,0,0,0.1,10,1,1,13,0,0,0,FALSE,0
155,1973,4,18,4/18/1973,15:30:00,America/Chicago,1973-04-18T21:30:00Z,NM,35,1,0,0,500,32.97,-103.37,0,0,0.1,10,1,1,25,0,0,0,FALSE,0
796,1973,7,21,7/21/1973,15:00:00,America/Chicago,1973-07-21T20:00:00Z,NM,35,1,0,0,NA,36,-105.17,0,0,0.1,10,1,1,33,0,0,0,FALSE,0
881,1974,10,10,10/10/1974,15:00:00,America/Chicago,1974-10-10T20:00:00Z,NM,35,2,8,1,500000,35.12,-107.07,0,0,2,100,1,1,1,0,0,0,FALSE,9
437,1974,5,17,5/17/1974,19:35:00,America/Chicago,1974-05-18T00:35:00Z,NM,35,0,0,0,NA,34.18,-103.3,0,0,0.1,10,1,1,41,0,0,0,FALSE,0
461,1974,5,24,5/24/1974,17:21:00,America/Chicago,1974-05-24T22:21:00Z,NM,35,0,0,0,5000,35.17,-103.73,0,0,0.1,10,1,1,37,0,0,0,FALSE,0
358,1974,5,4,5/4/1974,15:23:00,America/Chicago,1974-05-04T20:23:00Z,NM,35,0,0,0,NA,34.2,-103.32,0,0,0.1,10,1,1,41,0,0,0,FALSE,0
505,1974,6,3,6/3/1974,17:30:00,America/Chicago,1974-06-03T22:30:00Z,NM,35,1,0,0,50000,35.37,-104.18,0,0,0.1,10,1,1,47,0,0,0,FALSE,0
799,1974,8,11,8/11/1974,15:00:00,America/Chicago,1974-08-11T20:00:00Z,NM,35,2,0,0,50000,33.22,-104.53,0,0,0.1,10,1,1,5,0,0,0,FALSE,0
457,1975,5,27,5/27/1975,13:15:00,America/Chicago,1975-05-27T18:15:00Z,NM,35,2,0,0,50000,34.67,-106.8,0,0,0.1,10,1,1,61,0,0,0,FALSE,0
740,1975,7,23,7/23/1975,21:22:00,America/Chicago,1975-07-24T02:22:00Z,NM,35,0,0,0,50,32.7,-103.22,0,0,0.1,10,1,1,25,0,0,0,FALSE,0
724,1975,7,25,7/25/1975,17:15:00,America/Chicago,1975-07-25T22:15:00Z,NM,35,0,0,0,50,31.92,-107.52,0,0,0.1,10,1,1,29,0,0,0,FALSE,0
340,1976,4,30,4/30/1976,19:30:00,America/Chicago,1976-05-01T00:30:00Z,NM,35,2,2,0,50000,32.57,-104.45,0,0,0.1,10,1,1,15,0,0,0,FALSE,2
810,1976,9,14,9/14/1976,18:00:00,America/Chicago,1976-09-14T23:00:00Z,NM,35,0,0,0,NA,34.63,-106.22,34.68,-106.18,4.1,10,1,1,57,0,0,0,FALSE,0
158,1977,4,19,4/19/1977,16:00:00,America/Chicago,1977-04-19T22:00:00Z,NM,35,1,0,0,50000,32.92,-103.08,32.93,-103,5.1,400,1,1,25,0,0,0,FALSE,0
162,1977,4,19,4/19/1977,17:00:00,America/Chicago,1977-04-19T23:00:00Z,NM,35,1,0,0,NA,36.48,-103.15,0,0,0.8,20,1,1,59,0,0,0,FALSE,0
252,1977,5,14,5/14/1977,01:30:00,America/Chicago,1977-05-14T06:30:00Z,NM,35,3,2,0,50000,35.85,-104.07,0,0,0.1,10,1,1,21,0,0,0,FALSE,2
370,1977,5,23,5/23/1977,19:30:00,America/Chicago,1977-05-24T00:30:00Z,NM,35,0,0,0,NA,34.4,-103.38,0,0,0.1,10,1,1,9,0,0,0,FALSE,0
371,1977,5,23,5/23/1977,19:30:00,America/Chicago,1977-05-24T00:30:00Z,NM,35,0,0,0,NA,34.4,-103.38,0,0,0.1,10,1,1,9,0,0,0,FALSE,0
450,1977,6,14,6/14/1977,20:25:00,America/Chicago,1977-06-15T01:25:00Z,NM,35,1,0,0,5000,34.38,-103.05,0,0,0.1,10,1,1,9,0,0,0,TRUE,0
404,1977,6,1,6/1/1977,14:45:00,America/Chicago,1977-06-01T19:45:00Z,NM,35,1,1,0,5000,36.4,-104.62,0,0,2,23,1,1,7,0,0,0,TRUE,1
750,1977,9,13,9/13/1977,19:15:00,America/Chicago,1977-09-14T00:15:00Z,NM,35,0,0,0,500000,32.95,-103.4,0,0,0.1,10,1,1,25,0,0,0,FALSE,0
748,1978,10,10,10/10/1978,18:53:00,America/Chicago,1978-10-10T23:53:00Z,NM,35,1,0,0,50000,32.78,-103.13,0,0,0.1,10,1,1,25,0,0,0,FALSE,0
376,1978,6,4,6/4/1978,15:00:00,America/Chicago,1978-06-04T20:00:00Z,NM,35,2,0,0,50,34.93,-104.9,0,0,2,10,1,1,19,0,0,0,FALSE,0
563,1978,7,5,7/5/1978,17:30:00,America/Chicago,1978-07-05T22:30:00Z,NM,35,0,0,0,5000,34.17,-103.43,0,0,0.1,10,1,1,41,0,0,0,FALSE,0
184,1979,4,18,4/18/1979,17:09:00,America/Chicago,1979-04-18T23:09:00Z,NM,35,1,0,0,50000,34.6,-103.12,0,0,0.1,10,1,1,9,0,0,0,TRUE,0
272,1979,5,15,5/15/1979,15:30:00,America/Chicago,1979-05-15T20:30:00Z,NM,35,1,0,0,500,36.72,-103.75,0,0,0.1,10,1,1,59,0,0,0,TRUE,0
276,1979,5,20,5/20/1979,13:17:00,America/Chicago,1979-05-20T18:17:00Z,NM,35,1,0,0,500,32.77,-104.4,0,0,0.1,10,1,1,15,0,0,0,TRUE,0
330,1979,6,7,6/7/1979,20:17:00,America/Chicago,1979-06-08T01:17:00Z,NM,35,0,0,0,50,36.45,-103.18,0,0,0.1,10,1,1,59,0,0,0,FALSE,0
521,1979,7,15,7/15/1979,18:30:00,America/Chicago,1979-07-15T23:30:00Z,NM,35,0,0,0,50000,34.22,-103.58,0,0,0.1,10,1,1,41,0,0,0,FALSE,0
554,1979,7,24,7/24/1979,20:00:00,America/Chicago,1979-07-25T01:00:00Z,NM,35,0,0,0,5000,32.93,-103.53,0,0,0.1,10,1,1,25,0,0,0,FALSE,0
588,1979,7,31,7/31/1979,14:47:00,America/Chicago,1979-07-31T19:47:00Z,NM,35,0,0,0,NA,32.72,-108.15,0,0,0.1,10,1,1,17,0,0,0,FALSE,0
590,1979,7,31,7/31/1979,18:30:00,America/Chicago,1979-07-31T23:30:00Z,NM,35,1,0,0,50000,32,-106.6,0,0,2,333,1,1,13,0,0,0,FALSE,0
650,1979,8,15,8/15/1979,16:23:00,America/Chicago,1979-08-15T21:23:00Z,NM,35,0,0,0,5000,35.17,-103.73,0,0,0.1,10,1,1,37,0,0,0,FALSE,0
651,1979,8,16,8/16/1979,16:00:00,America/Chicago,1979-08-16T21:00:00Z,NM,35,0,0,0,5000,34.93,-104.68,0,0,0.1,10,1,1,19,0,0,0,FALSE,0
654,1979,8,19,8/19/1979,11:00:00,America/Chicago,1979-08-19T16:00:00Z,NM,35,1,0,0,500000,32.77,-108.27,0,0,0.1,10,1,1,17,0,0,0,FALSE,0
597,1979,8,2,8/2/1979,16:04:00,America/Chicago,1979-08-02T21:04:00Z,NM,35,0,0,0,NA,32.85,-106.1,0,0,0.1,10,1,1,35,0,0,0,FALSE,0
598,1979,8,2,8/2/1979,17:00:00,America/Chicago,1979-08-02T22:00:00Z,NM,35,0,0,0,NA,33.25,-103.32,0,0,0.1,10,1,1,25,0,0,0,FALSE,0
167,1980,4,24,4/24/1980,10:37:00,America/Chicago,1980-04-24T16:37:00Z,NM,35,0,0,0,50,34.53,-103.3,34.53,-103.3,0.1,10,1,1,9,0,0,0,FALSE,0
558,1980,6,18,6/18/1980,01:15:00,America/Chicago,1980-06-18T06:15:00Z,NM,35,1,0,0,5000,34.4,-103.13,0,0,0.1,10,1,1,9,0,0,0,FALSE,0
722,1980,8,5,8/5/1980,16:56:00,America/Chicago,1980-08-05T21:56:00Z,NM,35,0,0,0,NA,35.05,-106.82,0,0,0.1,10,1,1,1,0,0,0,FALSE,0
151,1981,5,6,5/6/1981,18:30:00,America/Chicago,1981-05-06T23:30:00Z,NM,35,0,0,0,50,35.22,-103.78,0,0,0.1,10,1,1,37,0,0,0,FALSE,0
515,1981,6,22,6/22/1981,22:00:00,America/Chicago,1981-06-23T03:00:00Z,NM,35,1,0,0,50000,34.18,-103.33,0,0,0.1,10,1,1,41,0,0,0,FALSE,0
527,1981,6,23,6/23/1981,18:30:00,America/Chicago,1981-06-23T23:30:00Z,NM,35,1,0,0,5000,35.27,-105.32,0,0,0.1,10,1,1,47,0,0,0,FALSE,0
548,1981,6,29,6/29/1981,16:20:00,America/Chicago,1981-06-29T21:20:00Z,NM,35,1,0,0,5000,33.33,-104.62,0,0,0.1,10,1,1,5,0,0,0,FALSE,0
554,1981,6,30,6/30/1981,18:35:00,America/Chicago,1981-06-30T23:35:00Z,NM,35,0,0,0,NA,35.17,-103.73,0,0,0.1,10,1,1,37,0,0,0,FALSE,0
567,1981,7,5,7/5/1981,02:00:00,America/Chicago,1981-07-05T07:00:00Z,NM,35,1,0,0,500000,32.42,-104.23,0,0,0.1,10,1,1,15,0,0,0,FALSE,0
657,1981,8,2,8/2/1981,22:00:00,America/Chicago,1981-08-03T03:00:00Z,NM,35,0,0,0,NA,32.42,-106.33,0,0,0.1,10,1,1,35,0,0,0,FALSE,0
669,1981,8,5,8/5/1981,12:15:00,America/Chicago,1981-08-05T17:15:00Z,NM,35,0,0,0,NA,32.83,-105.42,0,0,0.1,10,1,1,35,0,0,0,FALSE,0
63,1982,3,18,3/18/1982,21:30:00,America/Chicago,1982-03-19T03:30:00Z,NM,35,0,0,0,NA,34.47,-103.07,0,0,0.1,10,1,1,9,0,0,0,FALSE,0
496,1982,5,27,5/27/1982,16:15:00,America/Chicago,1982-05-27T21:15:00Z,NM,35,2,0,0,500000,32.9,-105.97,0,0,0.1,10,1,1,35,0,0,0,FALSE,0
499,1982,5,27,5/27/1982,17:13:00,America/Chicago,1982-05-27T22:13:00Z,NM,35,2,0,0,50000000,32.7,-103.13,0,0,0.1,10,1,1,25,0,0,0,FALSE,0
614,1982,6,10,6/10/1982,18:08:00,America/Chicago,1982-06-10T23:08:00Z,NM,35,0,0,0,50,32.8,-103.25,0,0,0.1,10,1,1,25,0,0,0,FALSE,0
627,1982,6,11,6/11/1982,19:15:00,America/Chicago,1982-06-12T00:15:00Z,NM,35,0,0,0,50,34.18,-103.33,0,0,0.1,10,1,1,41,0,0,0,FALSE,0
639,1982,6,13,6/13/1982,17:00:00,America/Chicago,1982-06-13T22:00:00Z,NM,35,1,0,0,50,35.6,-105.22,0,0,0.1,10,1,1,47,0,0,0,FALSE,0
710,1982,6,20,6/20/1982,14:00:00,America/Chicago,1982-06-20T19:00:00Z,NM,35,0,0,0,50,33.13,-107.25,0,0,0.1,10,1,1,51,0,0,0,FALSE,0
437,1983,5,30,5/30/1983,21:00:00,America/Chicago,1983-05-31T02:00:00Z,NM,35,0,0,0,50000,32.43,-103.15,0,0,0.2,20,1,1,25,0,0,0,FALSE,0
710,1983,7,29,7/29/1983,14:00:00,America/Chicago,1983-07-29T19:00:00Z,NM,35,0,0,0,50000,34.82,-103.22,0,0,0.2,10,1,1,9,0,0,0,FALSE,0
794,1983,9,1,9/1/1983,18:50:00,America/Chicago,1983-09-01T23:50:00Z,NM,35,0,0,0,500000,32.83,-104.4,0,0,0.2,10,1,1,15,0,0,0,FALSE,0
700,1984,7,5,7/5/1984,15:50:00,America/Chicago,1984-07-05T20:50:00Z,NM,35,0,0,0,NA,36.6,-103.6,0,0,0.1,10,1,1,59,0,0,0,FALSE,0
264,1985,5,19,5/19/1985,16:20:00,America/Chicago,1985-05-19T21:20:00Z,NM,35,0,0,0,500000,32.77,-103.13,0,0,0.1,10,1,1,25,0,0,0,FALSE,0
380,1985,6,5,6/5/1985,16:00:00,America/Chicago,1985-06-05T21:00:00Z,NM,35,0,0,0,50000,32.68,-103.22,0,0,0.2,10,1,1,25,0,0,0,FALSE,0
475,1985,7,24,7/24/1985,16:30:00,America/Chicago,1985-07-24T21:30:00Z,NM,35,0,0,0,50000,32.7,-103.13,0,0,0.2,10,1,1,25,0,0,0,FALSE,0
478,1985,7,25,7/25/1985,10:25:00,America/Chicago,1985-07-25T15:25:00Z,NM,35,0,0,0,50,32.85,-104.38,0,0,0.2,10,1,1,15,0,0,0,FALSE,0
630,1985,9,20,9/20/1985,15:25:00,America/Chicago,1985-09-20T20:25:00Z,NM,35,0,0,0,500000,35.08,-106.57,0,0,2,23,1,1,1,0,0,0,FALSE,0
501,1986,7,1,7/1/1986,22:15:00,America/Denver,1986-07-02T04:15:00Z,NM,35,0,0,0,NA,32.7,-103.15,0,0,0.2,10,1,1,25,0,0,0,FALSE,0
656,1986,9,4,9/4/1986,18:55:00,America/Denver,1986-09-05T00:55:00Z,NM,35,0,0,0,NA,33.55,-104.52,0,0,0.1,10,1,1,5,0,0,0,FALSE,0
72,1987,4,12,4/12/1987,14:30:00,America/Chicago,1987-04-12T19:30:00Z,NM,35,0,0,0,50000,34.88,-106.57,0,0,0.8,50,1,1,61,0,0,0,FALSE,0
100,1987,5,16,5/16/1987,12:55:00,America/Chicago,1987-05-16T17:55:00Z,NM,35,1,0,0,5000,33.55,-105.45,0,0,1,50,1,1,27,0,0,0,FALSE,0
131,1987,5,23,5/23/1987,13:05:00,America/Chicago,1987-05-23T18:05:00Z,NM,35,0,0,0,NA,32.12,-103.18,0,0,0.2,10,1,1,25,0,0,0,FALSE,0
150,1987,5,25,5/25/1987,19:53:00,America/Chicago,1987-05-26T00:53:00Z,NM,35,0,0,0,NA,32.4,-103.48,0,0,0.2,10,1,1,25,0,0,0,FALSE,0
152,1987,5,25,5/25/1987,20:06:00,America/Chicago,1987-05-26T01:06:00Z,NM,35,0,0,0,NA,32.43,-103.43,0,0,0.2,10,1,1,25,0,0,0,FALSE,0
154,1987,5,25,5/25/1987,20:17:00,America/Chicago,1987-05-26T01:17:00Z,NM,35,0,0,0,NA,32.62,-103.47,0,0,0.2,10,1,1,25,0,0,0,FALSE,0
162,1987,5,26,5/26/1987,16:23:00,America/Chicago,1987-05-26T21:23:00Z,NM,35,0,0,0,NA,32.02,-103.18,0,0,0.2,10,1,1,25,0,0,0,FALSE,0
201,1987,5,30,5/30/1987,20:12:00,America/Chicago,1987-05-31T01:12:00Z,NM,35,0,0,0,NA,32.42,-103.15,0,0,0.2,10,1,1,25,0,0,0,FALSE,0
306,1987,6,24,6/24/1987,18:40:00,America/Chicago,1987-06-24T23:40:00Z,NM,35,0,0,0,NA,35.6,-103.3,0,0,0.2,10,1,1,37,0,0,0,FALSE,0
312,1987,6,26,6/26/1987,23:05:00,America/Chicago,1987-06-27T04:05:00Z,NM,35,0,0,0,NA,32.85,-106.1,0,0,0.2,10,1,1,35,0,0,0,FALSE,0
330,1987,6,29,6/29/1987,16:00:00,America/Chicago,1987-06-29T21:00:00Z,NM,35,0,0,0,5000,35.08,-106.55,0,0,0.2,20,1,1,1,0,0,0,FALSE,0
480,1987,7,22,7/22/1987,18:30:00,America/Chicago,1987-07-22T23:30:00Z,NM,35,0,0,0,500000,32.75,-107.25,32.82,-107.18,5,10,1,1,13,0,0,0,FALSE,0
563,1987,8,27,8/27/1987,11:45:00,America/Chicago,1987-08-27T16:45:00Z,NM,35,0,0,0,NA,36.13,-103.98,0,0,0.2,10,1,1,21,0,0,0,FALSE,0
566,1987,8,30,8/30/1987,14:10:00,America/Chicago,1987-08-30T19:10:00Z,NM,35,0,0,0,NA,33.83,-103.77,0,0,0.2,10,1,1,41,0,0,0,FALSE,0
575,1987,9,10,9/10/1987,16:45:00,America/Chicago,1987-09-10T21:45:00Z,NM,35,0,0,0,NA,32.33,-104.45,0,0,0.2,10,1,1,15,0,0,0,FALSE,0
69,1988,4,16,4/16/1988,15:48:00,America/Chicago,1988-04-16T20:48:00Z,NM,35,1,0,0,NA,32.23,-103.32,0,0,0.2,10,1,1,25,0,0,0,FALSE,0
199,1988,5,20,5/20/1988,15:49:00,America/Chicago,1988-05-20T20:49:00Z,NM,35,0,1,0,500000,32.7,-103.13,0,0,0.2,30,1,1,25,0,0,0,FALSE,1
200,1988,5,20,5/20/1988,16:06:00,America/Chicago,1988-05-20T21:06:00Z,NM,35,0,0,0,NA,32.93,-103.33,0,0,0.2,10,1,1,25,0,0,0,FALSE,0
229,1988,5,30,5/30/1988,21:00:00,America/Chicago,1988-05-31T02:00:00Z,NM,35,0,0,0,NA,34.32,-103.2,0,0,0.2,10,1,1,9,0,0,0,FALSE,0
235,1988,5,30,5/30/1988,23:14:00,America/Chicago,1988-05-31T04:14:00Z,NM,35,0,0,0,NA,33.9,-103.67,0,0,0.2,10,1,1,41,0,0,0,FALSE,0
267,1988,6,13,6/13/1988,21:25:00,America/Chicago,1988-06-14T02:25:00Z,NM,35,0,0,0,NA,34.82,-103.75,0,0,0.2,10,1,1,37,0,0,0,FALSE,0
476,1988,9,13,9/13/1988,16:30:00,America/Chicago,1988-09-13T21:30:00Z,NM,35,1,0,0,500000,35.28,-106.58,0,0,0.2,10,1,1,43,0,0,0,FALSE,0
536,1988,9,22,9/22/1988,16:35:00,America/Chicago,1988-09-22T21:35:00Z,NM,35,0,0,0,NA,32.12,-106.7,0,0,0.1,10,1,1,13,0,0,0,FALSE,0
537,1988,9,22,9/22/1988,19:42:00,America/Chicago,1988-09-23T00:42:00Z,NM,35,0,0,0,NA,33.03,-104.52,0,0,0.1,10,1,1,5,0,0,0,FALSE,0
538,1988,9,22,9/22/1988,20:00:00,America/Chicago,1988-09-23T01:00:00Z,NM,35,0,0,0,NA,33.12,-104.37,0,0,0.1,10,1,1,5,0,0,0,FALSE,0
210,1989,5,11,5/11/1989,16:55:00,America/Chicago,1989-05-11T21:55:00Z,NM,35,1,0,0,NA,32.03,-104.42,32.18,-104.35,10,50,1,1,15,0,0,0,FALSE,0
216,1989,5,11,5/11/1989,21:06:00,America/Chicago,1989-05-12T02:06:00Z,NM,35,1,0,0,5000,32.12,-103.17,32.12,-103.07,5,23,1,1,25,0,0,0,FALSE,0
240,1989,5,15,5/15/1989,15:35:00,America/Chicago,1989-05-15T20:35:00Z,NM,35,1,0,0,NA,34.62,-103.77,34.8,-103.57,10,50,1,1,37,9,0,0,FALSE,0
249,1989,5,16,5/16/1989,11:10:00,America/Chicago,1989-05-16T16:10:00Z,NM,35,0,0,0,NA,34.57,-103.9,34.7,-103.73,10,50,1,1,41,37,0,0,FALSE,0
533,1989,6,10,6/10/1989,18:00:00,America/Chicago,1989-06-10T23:00:00Z,NM,35,1,0,0,NA,32.83,-104.6,32.83,-104.43,8,50,1,1,15,0,0,0,FALSE,0
534,1989,6,10,6/10/1989,19:02:00,America/Chicago,1989-06-11T00:02:00Z,NM,35,0,0,0,NA,33.13,-103.18,33.18,-103.13,3,23,1,1,25,0,0,0,FALSE,0
638,1989,6,29,6/29/1989,21:46:00,America/Chicago,1989-06-30T02:46:00Z,NM,35,0,0,0,NA,34.23,-103.38,0,0,0.1,30,1,1,41,0,0,0,FALSE,0
390,1989,6,1,6/1/1989,17:55:00,America/Chicago,1989-06-01T22:55:00Z,NM,35,1,0,0,NA,34.42,-104.65,34.43,-104.55,8,50,1,1,11,0,0,0,FALSE,0
389,1989,6,1,6/1/1989,18:50:00,America/Chicago,1989-06-01T23:50:00Z,NM,35,1,0,0,NA,34.3,-105.12,34.27,-105.03,5,50,1,1,27,0,0,0,FALSE,0
391,1989,6,1,6/1/1989,19:12:00,America/Chicago,1989-06-02T00:12:00Z,NM,35,1,0,0,NA,34.43,-104.78,34.43,-104.68,5,50,1,1,11,0,0,0,FALSE,0
513,1989,6,8,6/8/1989,17:45:00,America/Chicago,1989-06-08T22:45:00Z,NM,35,0,0,0,NA,35.07,-106.2,0,0,2,23,1,1,49,0,0,0,FALSE,0
514,1989,6,8,6/8/1989,18:12:00,America/Chicago,1989-06-08T23:12:00Z,NM,35,1,0,0,NA,35.08,-105.9,35.08,-105.78,5,50,1,1,49,0,0,0,FALSE,0
692,1989,7,22,7/22/1989,16:05:00,America/Chicago,1989-07-22T21:05:00Z,NM,35,1,0,0,50000,32.9,-106,0,0,0.2,30,1,1,35,0,0,0,FALSE,0
698,1989,7,28,7/28/1989,20:40:00,America/Chicago,1989-07-29T01:40:00Z,NM,35,1,0,0,NA,32.32,-107.25,32.32,-107.18,4,50,1,1,13,0,0,0,FALSE,0
713,1989,8,13,8/13/1989,23:15:00,America/Chicago,1989-08-14T04:15:00Z,NM,35,1,0,0,NA,32.92,-108.32,0,0,0.2,10,1,1,17,0,0,0,FALSE,0
704,1989,8,2,8/2/1989,18:48:00,America/Chicago,1989-08-02T23:48:00Z,NM,35,1,0,0,50000,32.7,-103.07,0,0,2.5,50,1,1,25,0,0,0,FALSE,0
189,1990,4,21,4/21/1990,22:20:00,America/Chicago,1990-04-22T03:20:00Z,NM,35,0,0,0,NA,33.37,-104.55,0,0,0.2,10,1,1,5,0,0,0,FALSE,0
190,1990,4,22,4/22/1990,17:28:00,America/Chicago,1990-04-22T22:28:00Z,NM,35,0,0,0,NA,33.37,-104.55,0,0,0.2,10,1,1,5,0,0,0,FALSE,0
191,1990,4,22,4/22/1990,18:10:00,America/Chicago,1990-04-22T23:10:00Z,NM,35,0,0,0,NA,33.38,-104.55,0,0,0.2,10,1,1,5,0,0,0,FALSE,0
461,1990,5,29,5/29/1990,10:20:00,America/Chicago,1990-05-29T15:20:00Z,NM,35,0,0,0,NA,34.47,-104.03,0,0,0.2,10,1,1,11,0,0,0,FALSE,0
881,1990,7,12,7/12/1990,13:48:00,America/Chicago,1990-07-12T18:48:00Z,NM,35,0,0,0,NA,32.57,-104.43,0,0,0.2,10,1,1,15,0,0,0,FALSE,0
887,1990,7,14,7/14/1990,19:11:00,America/Chicago,1990-07-15T00:11:00Z,NM,35,0,0,0,NA,35.08,-106.57,0,0,0.2,10,1,1,1,0,0,0,FALSE,0
913,1990,7,21,7/21/1990,22:50:00,America/Chicago,1990-07-22T03:50:00Z,NM,35,0,0,0,NA,32.42,-104.32,0,0,0.2,10,1,1,15,0,0,0,FALSE,0
926,1990,7,23,7/23/1990,16:30:00,America/Chicago,1990-07-23T21:30:00Z,NM,35,0,0,0,NA,36.18,-104.7,0,0,0.2,10,1,1,33,0,0,0,FALSE,0
938,1990,7,27,7/27/1990,17:00:00,America/Chicago,1990-07-27T22:00:00Z,NM,35,0,0,0,NA,33.12,-104.75,0,0,0.2,10,1,1,5,0,0,0,FALSE,0
964,1990,8,14,8/14/1990,17:25:00,America/Chicago,1990-08-14T22:25:00Z,NM,35,0,0,0,NA,35.9,-104.85,0,0,0.2,10,1,1,33,0,0,0,FALSE,0
965,1990,8,14,8/14/1990,18:45:00,America/Chicago,1990-08-14T23:45:00Z,NM,35,0,0,0,NA,36.02,-105.15,0,0,0.2,10,1,1,47,0,0,0,FALSE,0
968,1990,8,14,8/14/1990,22:15:00,America/Chicago,1990-08-15T03:15:00Z,NM,35,0,0,0,NA,33.15,-104.4,0,0,0.2,10,1,1,15,0,0,0,FALSE,0
969,1990,8,15,8/15/1990,18:14:00,America/Chicago,1990-08-15T23:14:00Z,NM,35,0,0,0,NA,35.4,-105.75,0,0,0.2,10,1,1,49,0,0,0,FALSE,0
970,1990,8,15,8/15/1990,18:54:00,America/Chicago,1990-08-15T23:54:00Z,NM,35,0,0,0,NA,32.17,-104.67,0,0,0.2,10,1,1,15,0,0,0,FALSE,0
972,1990,8,15,8/15/1990,20:15:00,America/Chicago,1990-08-16T01:15:00Z,NM,35,0,0,0,NA,32.17,-104.57,0,0,0.2,10,1,1,15,0,0,0,FALSE,0
1044,1990,9,28,9/28/1990,16:50:00,America/Chicago,1990-09-28T21:50:00Z,NM,35,0,0,0,NA,36.73,-108.2,0,0,0.2,10,1,1,45,0,0,0,FALSE,0
206,1991,4,4,4/4/1991,14:30:00,America/Chicago,1991-04-04T20:30:00Z,NM,35,1,0,0,50000,33.07,-106.02,0,0,0.2,10,1,1,35,0,0,0,FALSE,0
531,1991,5,15,5/15/1991,16:15:00,America/Chicago,1991-05-15T21:15:00Z,NM,35,0,0,0,NA,35.08,-106.57,0,0,0.2,10,1,1,1,0,0,0,FALSE,0
628,1991,5,20,5/20/1991,19:30:00,America/Chicago,1991-05-21T00:30:00Z,NM,35,0,0,0,NA,35.25,-106.68,0,0,0.2,10,1,1,43,0,0,0,FALSE,0
630,1991,5,21,5/21/1991,20:10:00,America/Chicago,1991-05-22T01:10:00Z,NM,35,0,0,0,5000,32.17,-104.27,0,0,0.2,10,1,1,15,0,0,0,FALSE,0
631,1991,5,21,5/21/1991,20:36:00,America/Chicago,1991-05-22T01:36:00Z,NM,35,0,0,0,NA,32.17,-104.27,0,0,0.2,100,1,1,15,0,0,0,FALSE,0
734,1991,5,31,5/31/1991,21:39:00,America/Chicago,1991-06-01T02:39:00Z,NM,35,0,0,0,NA,32.3,-104.1,0,0,0.2,10,1,1,15,0,0,0,FALSE,0
735,1991,5,31,5/31/1991,21:42:00,America/Chicago,1991-06-01T02:42:00Z,NM,35,2,21,0,5000000,32.3,-104.22,0,0,1,283,1,1,15,0,0,0,FALSE,21
836,1991,6,10,6/10/1991,18:56:00,America/Chicago,1991-06-10T23:56:00Z,NM,35,0,0,0,NA,34.57,-105.55,0,0,0.1,10,1,1,57,0,0,0,FALSE,0
942,1991,6,29,6/29/1991,17:00:00,America/Chicago,1991-06-29T22:00:00Z,NM,35,0,0,0,5000,35.68,-105.95,0,0,0.2,30,1,1,49,0,0,0,FALSE,0
777,1991,6,5,6/5/1991,16:58:00,America/Chicago,1991-06-05T21:58:00Z,NM,35,0,0,0,NA,32.82,-103.27,0,0,0.5,10,1,1,25,0,0,0,FALSE,0
778,1991,6,5,6/5/1991,17:00:00,America/Chicago,1991-06-05T22:00:00Z,NM,35,0,0,0,NA,32.83,-103.77,0,0,0.1,10,1,1,25,0,0,0,FALSE,0
779,1991,6,5,6/5/1991,17:07:00,America/Chicago,1991-06-05T22:07:00Z,NM,35,0,0,0,NA,32.93,-103.52,0,0,0.5,10,1,1,25,0,0,0,FALSE,0
780,1991,6,5,6/5/1991,17:09:00,America/Chicago,1991-06-05T22:09:00Z,NM,35,0,0,0,NA,32.7,-103.38,0,0,0.2,10,1,1,25,0,0,0,FALSE,0
781,1991,6,5,6/5/1991,17:10:00,America/Chicago,1991-06-05T22:10:00Z,NM,35,0,0,0,NA,32.93,-103.42,0,0,0.2,10,1,1,25,0,0,0,FALSE,0
782,1991,6,5,6/5/1991,17:23:00,America/Chicago,1991-06-05T22:23:00Z,NM,35,0,0,0,NA,32.95,-103.32,0,0,0.2,10,1,1,25,0,0,0,FALSE,0
783,1991,6,5,6/5/1991,17:35:00,America/Chicago,1991-06-05T22:35:00Z,NM,35,0,0,0,NA,32.7,-103.25,0,0,0.3,20,1,1,25,0,0,0,FALSE,0
792,1991,6,6,6/6/1991,12:38:00,America/Chicago,1991-06-06T17:38:00Z,NM,35,0,0,0,NA,34.37,-105.7,0,0,0.1,10,1,1,57,0,0,0,FALSE,0
793,1991,6,6,6/6/1991,13:10:00,America/Chicago,1991-06-06T18:10:00Z,NM,35,0,0,0,NA,34.58,-105.53,0,0,0.1,10,1,1,57,0,0,0,FALSE,0
794,1991,6,6,6/6/1991,13:25:00,America/Chicago,1991-06-06T18:25:00Z,NM,35,0,0,0,NA,34.65,-105.45,0,0,0.1,10,1,1,57,0,0,0,FALSE,0
799,1991,6,6,6/6/1991,17:23:00,America/Chicago,1991-06-06T22:23:00Z,NM,35,0,0,0,NA,34.12,-103.4,0,0,0.1,20,1,1,41,0,0,0,FALSE,0
800,1991,6,6,6/6/1991,17:44:00,America/Chicago,1991-06-06T22:44:00Z,NM,35,0,0,0,NA,32.7,-103.12,0,0,0.2,10,1,1,25,0,0,0,FALSE,0
801,1991,6,6,6/6/1991,17:45:00,America/Chicago,1991-06-06T22:45:00Z,NM,35,0,0,0,NA,32.7,-103.43,0,0,0.3,10,1,1,25,0,0,0,FALSE,0
803,1991,6,6,6/6/1991,18:10:00,America/Chicago,1991-06-06T23:10:00Z,NM,35,0,0,0,NA,34.32,-103.3,0,0,0.1,20,1,1,9,0,0,0,FALSE,0
804,1991,6,6,6/6/1991,18:15:00,America/Chicago,1991-06-06T23:15:00Z,NM,35,2,0,0,500000,32.6,-103.13,32.6,-103.05,4.5,100,1,1,25,0,0,0,FALSE,0
805,1991,6,6,6/6/1991,18:15:00,America/Chicago,1991-06-06T23:15:00Z,NM,35,2,0,0,500000,32.7,-103.37,32.63,-103.07,17.5,150,1,1,25,0,0,0,FALSE,0
806,1991,6,6,6/6/1991,18:15:00,America/Chicago,1991-06-06T23:15:00Z,NM,35,2,5,0,500000,32.63,-103.2,32.63,-103.07,10,150,1,1,25,0,0,0,FALSE,5
807,1991,6,6,6/6/1991,18:15:00,America/Chicago,1991-06-06T23:15:00Z,NM,35,2,0,0,500000,32.63,-103.2,32.63,-103.07,10,150,1,1,25,0,0,0,FALSE,0
811,1991,6,6,6/6/1991,18:38:00,America/Chicago,1991-06-06T23:38:00Z,NM,35,0,0,0,NA,32.87,-103.13,0,0,0.2,10,1,1,25,0,0,0,FALSE,0
988,1991,7,13,7/13/1991,19:35:00,America/Chicago,1991-07-14T00:35:00Z,NM,35,0,0,0,NA,32.23,-104.07,0,0,0.2,10,1,1,15,0,0,0,FALSE,0
954,1991,7,3,7/3/1991,14:35:00,America/Chicago,1991-07-03T19:35:00Z,NM,35,0,0,0,NA,36.55,-104.53,0,0,0.2,10,1,1,7,0,0,0,FALSE,0
1035,1991,8,10,8/10/1991,13:35:00,America/Chicago,1991-08-10T18:35:00Z,NM,35,0,0,0,NA,32.82,-103.13,0,0,0.1,10,1,1,25,0,0,0,FALSE,0
114,1992,4,14,4/14/1992,17:30:00,America/Chicago,1992-04-14T22:30:00Z,NM,35,1,0,0,50000,34.37,-103.68,34.68,-103.5,18,50,1,1,9,0,0,0,FALSE,0
203,1992,5,13,5/13/1992,15:56:00,America/Chicago,1992-05-13T20:56:00Z,NM,35,0,0,0,NA,32.62,-103.03,0,0,0.1,10,1,1,25,0,0,0,FALSE,0
211,1992,5,15,5/15/1992,16:55:00,America/Chicago,1992-05-15T21:55:00Z,NM,35,0,0,0,NA,32.75,-104.23,0,0,0.1,10,1,1,15,0,0,0,FALSE,0
214,1992,5,15,5/15/1992,17:20:00,America/Chicago,1992-05-15T22:20:00Z,NM,35,0,0,0,NA,32.85,-104.4,0,0,0.1,10,1,1,15,0,0,0,FALSE,0
250,1992,5,20,5/20/1992,16:05:00,America/Chicago,1992-05-20T21:05:00Z,NM,35,0,0,0,500,33.48,-104.47,0,0,0.1,10,1,1,5,0,0,0,FALSE,0
256,1992,5,22,5/22/1992,13:15:00,America/Chicago,1992-05-22T18:15:00Z,NM,35,0,0,0,NA,32.78,-103.42,0,0,0.1,10,1,1,25,0,0,0,FALSE,0
258,1992,5,22,5/22/1992,14:19:00,America/Chicago,1992-05-22T19:19:00Z,NM,35,0,0,0,NA,32.78,-103.22,0,0,0.1,10,1,1,25,0,0,0,FALSE,0
259,1992,5,22,5/22/1992,14:36:00,America/Chicago,1992-05-22T19:36:00Z,NM,35,0,0,0,NA,33.57,-103.33,0,0,0.1,10,1,1,25,0,0,0,FALSE,0
266,1992,5,23,5/23/1992,19:15:00,America/Chicago,1992-05-24T00:15:00Z,NM,35,0,0,0,NA,33.38,-104.58,0,0,0.1,10,1,1,5,0,0,0,FALSE,0
271,1992,5,24,5/24/1992,18:25:00,America/Chicago,1992-05-24T23:25:00Z,NM,35,0,0,0,NA,32.83,-103.85,0,0,0.1,10,1,1,15,0,0,0,FALSE,0
272,1992,5,24,5/24/1992,20:35:00,America/Chicago,1992-05-25T01:35:00Z,NM,35,0,0,0,NA,32.43,-103.27,0,0,0.1,10,1,1,25,0,0,0,FALSE,0
284,1992,5,30,5/30/1992,15:20:00,America/Chicago,1992-05-30T20:20:00Z,NM,35,0,0,0,NA,32.83,-104.63,0,0,0.1,10,1,1,15,0,0,0,FALSE,0
361,1992,6,12,6/12/1992,18:30:00,America/Chicago,1992-06-12T23:30:00Z,NM,35,0,0,0,NA,33.9,-103.17,0,0,0.5,13,1,1,41,0,0,0,FALSE,0
362,1992,6,12,6/12/1992,19:00:00,America/Chicago,1992-06-13T00:00:00Z,NM,35,0,0,0,NA,33.78,-103.33,0,0,0.5,13,1,1,41,0,0,0,FALSE,0
590,1992,6,20,6/20/1992,22:03:00,America/Chicago,1992-06-21T03:03:00Z,NM,35,0,0,0,500,34.88,-103.32,0,0,0.5,13,1,1,37,0,0,0,FALSE,0
640,1992,6,27,6/27/1992,14:30:00,America/Chicago,1992-06-27T19:30:00Z,NM,35,2,0,0,50000,35.68,-104.4,0,0,0.8,73,1,1,47,0,0,0,FALSE,0
647,1992,6,27,6/27/1992,18:30:00,America/Chicago,1992-06-27T23:30:00Z,NM,35,1,1,0,500000,35.13,-103.33,35.1,-103.25,5,50,1,1,37,0,0,0,FALSE,1
653,1992,6,27,6/27/1992,20:44:00,America/Chicago,1992-06-28T01:44:00Z,NM,35,1,0,0,500000,34.4,-103.2,0,0,2,13,1,1,9,0,0,0,FALSE,0
294,1992,6,1,6/1/1992,16:10:00,America/Chicago,1992-06-01T21:10:00Z,NM,35,0,0,0,NA,32.97,-104.8,0,0,0.1,10,1,1,15,0,0,0,FALSE,0
295,1992,6,1,6/1/1992,18:10:00,America/Chicago,1992-06-01T23:10:00Z,NM,35,0,0,0,NA,32.83,-104.38,0,0,0.1,30,1,1,15,0,0,0,FALSE,0
296,1992,6,1,6/1/1992,18:45:00,America/Chicago,1992-06-01T23:45:00Z,NM,35,0,0,0,NA,32.43,-103.28,0,0,0.1,13,1,1,25,0,0,0,FALSE,0
329,1992,6,7,6/7/1992,17:43:00,America/Chicago,1992-06-07T22:43:00Z,NM,35,0,0,0,NA,33,-104.88,0,0,0.1,10,1,1,5,0,0,0,FALSE,0
333,1992,6,7,6/7/1992,21:10:00,America/Chicago,1992-06-08T02:10:00Z,NM,35,2,6,0,500000,32.42,-104.25,0,0,0.5,73,1,1,15,0,0,0,FALSE,6
938,1992,8,17,8/17/1992,19:00:00,America/Chicago,1992-08-18T00:00:00Z,NM,35,1,0,0,50000,36.47,-104.63,0,0,0.5,30,1,1,7,0,0,0,FALSE,0
350,1993,5,24,5/24/1993,18:11:00,America/Chicago,1993-05-24T23:11:00Z,NM,35,0,0,0,NA,34.47,-104.83,0,0,0.1,10,1,1,11,0,0,0,FALSE,0
604,1993,6,25,6/25/1993,17:15:00,America/Chicago,1993-06-25T22:15:00Z,NM,35,0,0,0,5000,34.42,-103.2,0,0,0.2,50,1,1,9,0,0,0,FALSE,0
1030,1993,9,2,9/2/1993,21:20:00,America/Chicago,1993-09-03T02:20:00Z,NM,35,1,0,0,50000,34.62,-104.42,0,0,0.5,30,1,1,11,0,0,0,FALSE,0
335,1994,5,12,5/12/1994,12:40:00,America/Chicago,1994-05-12T17:40:00Z,NM,35,0,0,0,NA,32.42,-103.85,0,0,0.1,10,1,1,15,0,0,0,FALSE,0
336,1994,5,12,5/12/1994,12:55:00,America/Chicago,1994-05-12T17:55:00Z,NM,35,0,0,0,NA,32.83,-104.02,0,0,0.1,10,1,1,15,0,0,0,FALSE,0
385,1994,5,20,5/20/1994,16:25:00,America/Chicago,1994-05-20T21:25:00Z,NM,35,0,0,0,NA,33.38,-104.52,0,0,0.1,10,1,1,5,0,0,0,FALSE,0
386,1994,5,20,5/20/1994,16:45:00,America/Chicago,1994-05-20T21:45:00Z,NM,35,0,0,0,NA,33.3,-104.52,0,0,0.1,10,1,1,5,0,0,0,FALSE,0
387,1994,5,20,5/20/1994,17:05:00,America/Chicago,1994-05-20T22:05:00Z,NM,35,0,0,0,NA,32.65,-104.62,0,0,0.1,10,1,1,15,0,0,0,FALSE,0
388,1994,5,20,5/20/1994,17:25:00,America/Chicago,1994-05-20T22:25:00Z,NM,35,0,0,0,NA,32.78,-104.27,0,0,0.3,100,1,1,15,0,0,0,FALSE,0
411,1994,5,26,5/26/1994,18:20:00,America/Chicago,1994-05-26T23:20:00Z,NM,35,0,0,0,NA,32.7,-103.27,0,0,1,40,1,1,25,0,0,0,FALSE,0
412,1994,5,26,5/26/1994,18:42:00,America/Chicago,1994-05-26T23:42:00Z,NM,35,0,0,0,NA,34.33,-103.27,0,0,1,73,1,1,9,0,0,0,FALSE,0
666,1994,6,28,6/28/1994,21:15:00,America/Chicago,1994-06-29T02:15:00Z,NM,35,0,0,0,50000,35.07,-103.33,0,0,2,50,1,1,37,0,0,0,FALSE,0
750,1994,7,13,7/13/1994,19:35:00,America/Chicago,1994-07-14T00:35:00Z,NM,35,0,0,0,NA,35.1,-103.37,0,0,0.2,23,1,1,37,0,0,0,FALSE,0
794,1994,7,20,7/20/1994,17:18:00,America/Chicago,1994-07-20T22:18:00Z,NM,35,0,0,0,NA,32.32,-104.23,0,0,0.1,10,1,1,15,0,0,0,FALSE,0
739,1994,7,9,7/9/1994,15:40:00,America/Chicago,1994-07-09T20:40:00Z,NM,35,0,0,0,NA,33.65,-105.98,0,0,0.1,10,1,1,27,0,0,0,FALSE,0
963,1994,9,7,9/7/1994,21:20:00,America/Chicago,1994-09-08T02:20:00Z,NM,35,0,0,0,NA,32.12,-103.58,0,0,0.1,40,1,1,25,0,0,0,FALSE,0
549,1995,5,26,5/26/1995,15:51:00,America/Chicago,1995-05-26T20:51:00Z,NM,35,1,0,0,NA,32.85,-103.55,0,0,2.5,100,1,1,25,0,0,0,FALSE,0
805,1995,6,25,6/25/1995,21:20:00,America/Chicago,1995-06-26T02:20:00Z,NM,35,0,0,0,NA,32.87,-103.75,0,0,0.2,40,1,1,25,0,0,0,FALSE,0
826,1995,6,29,6/29/1995,17:15:00,America/Chicago,1995-06-29T22:15:00Z,NM,35,0,0,0,NA,32.05,-103.98,0,0,0.3,50,1,1,15,0,0,0,FALSE,0
616,1995,6,2,6/2/1995,16:23:00,America/Chicago,1995-06-02T21:23:00Z,NM,35,0,0,0,NA,35.18,-103.05,0,0,0.1,23,1,1,37,0,0,0,FALSE,0
618,1995,6,2,6/2/1995,16:45:00,America/Chicago,1995-06-02T21:45:00Z,NM,35,0,0,0,NA,35.83,-103.45,0,0,0.1,23,1,1,21,0,0,0,FALSE,0
621,1995,6,2,6/2/1995,17:20:00,America/Chicago,1995-06-02T22:20:00Z,NM,35,1,0,0,NA,35.65,-103.05,35.72,-102.9,11,150,2,0,0,0,0,0,FALSE,0
836,1995,7,1,7/1/1995,20:58:00,America/Chicago,1995-07-02T01:58:00Z,NM,35,0,0,0,NA,32.97,-104.55,0,0,1,40,1,1,15,0,0,0,FALSE,0
837,1995,7,1,7/1/1995,21:19:00,America/Chicago,1995-07-02T02:19:00Z,NM,35,0,0,0,NA,32.93,-104.45,0,0,0.3,50,1,1,15,0,0,0,FALSE,0
1021,1995,8,14,8/14/1995,16:40:00,America/Chicago,1995-08-14T21:40:00Z,NM,35,0,0,0,NA,32.72,-103.17,0,0,0.4,40,1,1,25,0,0,0,FALSE,0
348,1996,5,25,5/25/1996,15:25:00,America/Chicago,1996-05-25T20:25:00Z,NM,35,0,0,0,NA,35.77,-103.33,35.77,-103.33,0.2,50,1,1,59,0,0,0,FALSE,0
350,1996,5,25,5/25/1996,16:30:00,America/Chicago,1996-05-25T21:30:00Z,NM,35,0,0,0,10000,36.15,-103.13,36.15,-103.13,0.5,50,1,1,59,0,0,0,FALSE,0
349,1996,5,30,5/30/1996,19:02:00,America/Chicago,1996-05-31T00:02:00Z,NM,35,0,0,0,NA,35.37,-103.63,35.37,-103.63,0.1,50,1,1,37,0,0,0,FALSE,0
668,1996,6,10,6/10/1996,17:46:00,America/Chicago,1996-06-10T22:46:00Z,NM,35,0,0,0,NA,34.38,-103.58,34.38,-103.58,0.1,30,1,1,9,0,0,0,FALSE,0
664,1996,6,2,6/2/1996,19:23:00,America/Chicago,1996-06-03T00:23:00Z,NM,35,0,0,0,NA,33.63,-103.2,33.57,-103.15,2,50,1,1,41,0,0,0,FALSE,0
1078,1996,6,2,6/2/1996,20:13:00,America/Chicago,1996-06-03T01:13:00Z,NM,35,0,0,0,NA,33.47,-103.33,33.47,-103.33,0.3,50,1,1,25,0,0,0,FALSE,0
665,1996,6,3,6/3/1996,14:24:00,America/Chicago,1996-06-03T19:24:00Z,NM,35,0,0,0,NA,36.3,-103.37,36.28,-103.4,2,100,1,1,59,0,0,0,FALSE,0
666,1996,6,3,6/3/1996,14:32:00,America/Chicago,1996-06-03T19:32:00Z,NM,35,0,0,0,NA,35.98,-103.23,35.98,-103.23,1,50,1,1,59,0,0,0,FALSE,0
667,1996,6,3,6/3/1996,14:50:00,America/Chicago,1996-06-03T19:50:00Z,NM,35,0,0,0,NA,35.92,-103.45,35.88,-103.45,2,100,1,1,21,0,0,0,FALSE,0
672,1996,7,12,7/12/1996,14:40:00,America/Chicago,1996-07-12T19:40:00Z,NM,35,0,0,0,NA,36.37,-103.88,36.37,-103.88,0.2,50,1,1,59,0,0,0,FALSE,0
671,1996,7,25,7/25/1996,15:25:00,America/Chicago,1996-07-25T20:25:00Z,NM,35,2,5,0,1680000,36.5,-104.92,36.52,-104.9,2,50,1,1,7,0,0,0,FALSE,5
673,1996,7,26,7/26/1996,17:25:00,America/Chicago,1996-07-26T22:25:00Z,NM,35,0,0,0,NA,36.75,-104,36.75,-104,0.1,20,1,1,59,0,0,0,FALSE,0
669,1996,7,30,7/30/1996,14:25:00,America/Chicago,1996-07-30T19:25:00Z,NM,35,0,0,0,NA,36.07,-105.12,36.07,-105.12,0.2,50,1,1,33,0,0,0,FALSE,0
670,1996,7,30,7/30/1996,16:20:00,America/Chicago,1996-07-30T21:20:00Z,NM,35,0,0,0,NA,34.68,-105.45,34.68,-105.45,0.1,20,1,1,57,0,0,0,FALSE,0
1089,1996,8,8,8/8/1996,14:12:00,America/Chicago,1996-08-08T19:12:00Z,NM,35,0,0,0,NA,32.53,-104.1,32.53,-104.1,0.1,40,1,1,15,0,0,0,FALSE,0
674,1996,9,2,9/2/1996,15:15:00,America/Chicago,1996-09-02T20:15:00Z,NM,35,0,0,0,NA,36.75,-103.6,36.75,-103.6,0.1,20,1,1,59,0,0,0,FALSE,0
1060,1997,10,11,10/11/1997,16:30:00,America/Chicago,1997-10-11T21:30:00Z,NM,35,0,0,0,NA,36.42,-105.03,36.42,-105.03,0.1,50,1,1,7,0,0,0,FALSE,0
1061,1997,10,11,10/11/1997,16:40:00,America/Chicago,1997-10-11T21:40:00Z,NM,35,0,0,0,NA,36.52,-104.72,36.52,-104.72,0.1,50,1,1,7,0,0,0,FALSE,0
1062,1997,10,11,10/11/1997,17:50:00,America/Chicago,1997-10-11T22:50:00Z,NM,35,0,0,0,NA,36.78,-104.28,36.78,-104.28,0.1,50,1,1,7,0,0,0,FALSE,0
1063,1997,10,11,10/11/1997,18:45:00,America/Chicago,1997-10-11T23:45:00Z,NM,35,0,0,0,NA,36.52,-104.5,36.52,-104.5,0.1,50,1,1,7,0,0,0,FALSE,0
618,1997,12,2,12/2/1997,16:25:00,America/Chicago,1997-12-02T22:25:00Z,NM,35,0,0,0,NA,33.12,-104.4,33.12,-104.4,0.1,50,1,1,5,0,0,0,FALSE,0
383,1997,5,22,5/22/1997,16:46:00,America/Chicago,1997-05-22T21:46:00Z,NM,35,0,0,0,NA,32.67,-104.53,32.67,-104.53,2,80,1,1,15,0,0,0,FALSE,0
384,1997,5,28,5/28/1997,19:55:00,America/Chicago,1997-05-29T00:55:00Z,NM,35,0,0,0,20000,32.7,-103.2,32.7,-103.2,0.3,50,1,1,25,0,0,0,FALSE,0
380,1997,5,6,5/6/1997,19:09:00,America/Chicago,1997-05-07T00:09:00Z,NM,35,1,0,0,60000,32.8,-103.18,32.78,-103.18,1,200,1,1,25,0,0,0,FALSE,0
743,1997,5,8,5/8/1997,18:02:00,America/Chicago,1997-05-08T23:02:00Z,NM,35,0,0,0,NA,34.07,-103.48,34.07,-103.48,0.1,50,1,1,41,0,0,0,FALSE,0
744,1997,5,8,5/8/1997,18:25:00,America/Chicago,1997-05-08T23:25:00Z,NM,35,0,0,0,NA,33.98,-103.58,34,-103.58,0.3,40,1,1,41,0,0,0,FALSE,0
382,1997,5,8,5/8/1997,19:00:00,America/Chicago,1997-05-09T00:00:00Z,NM,35,0,0,0,NA,33.28,-103.32,33.25,-103.32,2.5,60,1,1,25,0,0,0,FALSE,0
455,1998,10,27,10/27/1998,17:08:00,America/Chicago,1998-10-27T23:08:00Z,NM,35,0,0,0,NA,32.37,-103.33,32.37,-103.33,0.5,100,1,1,25,0,0,0,FALSE,0
656,1998,10,30,10/30/1998,18:03:00,America/Chicago,1998-10-31T00:03:00Z,NM,35,0,0,0,NA,34.52,-103.2,34.52,-103.2,0.1,50,1,1,9,0,0,0,FALSE,0
1104,1998,6,7,6/7/1998,18:13:00,America/Chicago,1998-06-07T23:13:00Z,NM,35,0,0,0,NA,34.4,-103.47,34.4,-103.47,0.1,50,1,1,9,0,0,0,FALSE,0
1105,1998,6,7,6/7/1998,18:18:00,America/Chicago,1998-06-07T23:18:00Z,NM,35,0,0,0,NA,34.42,-103.2,34.42,-103.2,0.1,50,1,1,9,0,0,0,FALSE,0
649,1998,8,3,8/3/1998,13:55:00,America/Chicago,1998-08-03T18:55:00Z,NM,35,0,0,0,NA,35.53,-105.13,35.53,-105.13,0.1,30,1,1,47,0,0,0,FALSE,0
650,1998,8,4,8/4/1998,19:29:00,America/Chicago,1998-08-05T00:29:00Z,NM,35,0,0,0,NA,35.1,-103.33,35.1,-103.33,0.1,30,1,1,37,0,0,0,FALSE,0
651,1998,9,29,9/29/1998,16:20:00,America/Chicago,1998-09-29T21:20:00Z,NM,35,0,0,0,NA,36.58,-106.52,36.58,-106.52,0.1,30,1,1,39,0,0,0,FALSE,0
320,1999,4,30,4/30/1999,14:28:00,America/Chicago,1999-04-30T19:28:00Z,NM,35,0,0,0,NA,32.45,-103.13,32.45,-103.13,0.2,120,1,1,25,0,0,0,FALSE,0
406,1999,5,25,5/25/1999,14:19:00,America/Chicago,1999-05-25T19:19:00Z,NM,35,0,0,0,NA,36.02,-107.05,36.02,-107.05,0.1,50,1,1,43,0,0,0,FALSE,0
405,1999,5,25,5/25/1999,15:26:00,America/Chicago,1999-05-25T20:26:00Z,NM,35,0,0,0,NA,33.28,-104.63,33.28,-104.63,0.1,50,1,1,5,0,0,0,FALSE,0
407,1999,5,25,5/25/1999,17:17:00,America/Chicago,1999-05-25T22:17:00Z,NM,35,0,0,0,NA,35.52,-103.23,35.52,-103.23,0.1,50,1,1,37,0,0,0,FALSE,0
379,1999,5,29,5/29/1999,17:42:00,America/Chicago,1999-05-29T22:42:00Z,NM,35,0,0,0,NA,32.57,-104.42,32.57,-104.42,0.4,70,1,1,15,0,0,0,FALSE,0
1037,1999,6,28,6/28/1999,20:15:00,America/Chicago,1999-06-29T01:15:00Z,NM,35,0,0,0,NA,35.08,-104.27,35.08,-104.27,0.1,50,1,1,19,0,0,0,FALSE,0
1038,1999,6,28,6/28/1999,20:42:00,America/Chicago,1999-06-29T01:42:00Z,NM,35,0,0,0,NA,34.82,-105.2,34.82,-105.2,0.1,0,1,1,19,0,0,0,FALSE,0
408,1999,6,2,6/2/1999,16:54:00,America/Chicago,1999-06-02T21:54:00Z,NM,35,0,0,0,NA,33.83,-103.88,33.83,-103.88,0.1,50,1,1,5,0,0,0,FALSE,0
638,2000,10,23,10/23/2000,12:36:00,America/Chicago,2000-10-23T17:36:00Z,NM,35,0,0,0,NA,36.92,-108.18,36.92,-108.18,0.1,20,1,1,45,0,0,0,FALSE,0
639,2000,10,23,10/23/2000,12:51:00,America/Chicago,2000-10-23T17:51:00Z,NM,35,0,0,0,NA,36.92,-108.18,36.92,-108.18,0.1,20,1,1,45,0,0,0,FALSE,0
972,2000,6,28,6/28/2000,11:20:00,America/Chicago,2000-06-28T16:20:00Z,NM,35,0,0,0,NA,34.82,-103.32,34.82,-103.32,0.1,20,1,1,9,0,0,0,FALSE,0
973,2000,6,28,6/28/2000,11:40:00,America/Chicago,2000-06-28T16:40:00Z,NM,35,0,0,0,NA,34.75,-103.32,34.75,-103.32,0.1,20,1,1,9,0,0,0,FALSE,0
378,2000,7,3,7/3/2000,17:30:00,America/Chicago,2000-07-03T22:30:00Z,NM,35,0,0,0,NA,33.93,-103.65,33.93,-103.65,0.1,30,1,1,41,0,0,0,FALSE,0
122,2001,5,30,5/30/2001,15:25:00,America/Chicago,2001-05-30T20:25:00Z,NM,35,0,0,0,NA,34.82,-103.73,34.82,-103.73,0.1,40,1,1,37,0,0,0,FALSE,0
265,2001,6,19,6/19/2001,15:35:00,America/Chicago,2001-06-19T20:35:00Z,NM,35,0,0,0,NA,32.32,-106.75,32.32,-106.75,0.3,20,1,1,13,0,0,0,FALSE,0
364,2001,8,11,8/11/2001,16:18:00,America/Chicago,2001-08-11T21:18:00Z,NM,35,0,0,0,NA,34.32,-104.23,34.32,-104.23,0.1,30,1,1,11,0,0,0,FALSE,0
363,2001,8,13,8/13/2001,16:44:00,America/Chicago,2001-08-13T21:44:00Z,NM,35,0,0,0,NA,36.67,-104.1,36.67,-104.1,0.1,30,1,1,59,0,0,0,FALSE,0
365,2001,8,30,8/30/2001,18:07:00,America/Chicago,2001-08-30T23:07:00Z,NM,35,0,0,0,NA,34.43,-104.55,34.43,-104.55,0.1,20,1,1,11,0,0,0,FALSE,0
165,2002,6,16,6/16/2002,21:00:00,America/Chicago,2002-06-17T02:00:00Z,NM,35,0,0,0,NA,34.43,-103.53,34.43,-103.53,0.1,50,1,1,9,0,0,0,FALSE,0
269,2002,8,2,8/2/2002,16:40:00,America/Chicago,2002-08-02T21:40:00Z,NM,35,0,0,0,NA,32.42,-106.45,32.42,-106.45,1,30,1,1,13,0,0,0,FALSE,0
305,2002,9,13,9/13/2002,14:36:00,America/Chicago,2002-09-13T19:36:00Z,NM,35,0,0,0,NA,33.98,-104.67,33.98,-104.67,0.1,20,1,1,5,0,0,0,FALSE,0
1370,2003,6,4,6/4/2003,13:29:00,America/Chicago,2003-06-04T18:29:00Z,NM,35,0,0,0,NA,36.65,-104.13,36.65,-104.13,0.5,100,1,1,7,0,0,0,FALSE,0
1229,2003,6,4,6/4/2003,18:10:00,America/Chicago,2003-06-04T23:10:00Z,NM,35,0,0,0,NA,34.58,-103.62,34.58,-103.62,0.1,30,1,1,9,0,0,0,FALSE,0
1230,2003,6,4,6/4/2003,18:25:00,America/Chicago,2003-06-04T23:25:00Z,NM,35,0,0,0,NA,34.48,-103.43,34.48,-103.43,0.1,30,1,1,9,0,0,0,FALSE,0
1226,2003,6,4,6/4/2003,18:45:00,America/Chicago,2003-06-04T23:45:00Z,NM,35,0,0,0,NA,34.53,-103.48,34.53,-103.48,0.1,30,1,1,9,0,0,0,FALSE,0
1227,2003,6,4,6/4/2003,19:59:00,America/Chicago,2003-06-05T00:59:00Z,NM,35,0,0,0,NA,34.47,-103.27,34.47,-103.27,0.1,30,1,1,9,0,0,0,FALSE,0
1228,2003,6,4,6/4/2003,20:20:00,America/Chicago,2003-06-05T01:20:00Z,NM,35,0,0,0,20000,34.18,-103.33,34.18,-103.33,0.1,30,1,1,41,0,0,0,FALSE,0
413,2003,6,5,6/5/2003,17:45:00,America/Chicago,2003-06-05T22:45:00Z,NM,35,0,0,0,NA,33.3,-105.58,33.3,-105.58,0.2,15,1,1,35,0,0,0,FALSE,0
620,2004,10,5,10/5/2004,15:44:00,America/Chicago,2004-10-05T20:44:00Z,NM,35,0,0,0,NA,33.38,-104.6,33.38,-104.6,0.1,20,1,1,5,0,0,0,FALSE,0
735,2004,4,8,4/8/2004,15:14:00,America/Chicago,2004-04-08T20:14:00Z,NM,35,0,0,0,NA,33.13,-104.82,33.13,-104.82,1,200,1,1,5,0,0,0,FALSE,0
736,2004,4,8,4/8/2004,15:41:00,America/Chicago,2004-04-08T20:41:00Z,NM,35,0,0,0,NA,33.18,-104.77,33.18,-104.77,1,150,1,1,5,0,0,0,FALSE,0
737,2004,4,8,4/8/2004,15:57:00,America/Chicago,2004-04-08T20:57:00Z,NM,35,0,0,0,NA,33.23,-104.68,33.23,-104.68,1,150,1,1,5,0,0,0,FALSE,0
738,2004,4,8,4/8/2004,16:20:00,America/Chicago,2004-04-08T21:20:00Z,NM,35,1,0,0,NA,33.27,-104.67,33.23,-104.52,1,200,1,1,5,0,0,0,FALSE,0
739,2004,4,8,4/8/2004,16:33:00,America/Chicago,2004-04-08T21:33:00Z,NM,35,0,0,0,NA,33.23,-104.52,33.23,-104.52,0.5,100,1,1,5,0,0,0,FALSE,0
740,2004,4,8,4/8/2004,16:42:00,America/Chicago,2004-04-08T21:42:00Z,NM,35,0,0,0,NA,33.25,-104.43,33.25,-104.43,0.1,50,1,1,5,0,0,0,FALSE,0
264,2004,6,16,6/16/2004,13:55:00,America/Chicago,2004-06-16T18:55:00Z,NM,35,0,0,0,NA,36.9,-104.32,36.9,-104.32,0.2,50,1,1,7,0,0,0,FALSE,0
263,2004,6,21,6/21/2004,18:10:00,America/Chicago,2004-06-21T23:10:00Z,NM,35,0,0,0,NA,36.02,-103.33,36.02,-103.33,0.1,100,1,1,59,0,0,0,FALSE,0
415,2004,8,14,8/14/2004,19:32:00,America/Chicago,2004-08-15T00:32:00Z,NM,35,0,0,0,NA,34.15,-103.27,35.15,-103.27,0.1,50,1,1,37,0,0,0,FALSE,0
416,2004,8,30,8/30/2004,16:35:00,America/Chicago,2004-08-30T21:35:00Z,NM,35,0,0,0,NA,34.67,-106.8,34.67,-106.8,0.1,50,1,1,61,0,0,0,FALSE,0
495,2005,10,15,10/15/2005,13:30:00,America/Chicago,2005-10-15T18:30:00Z,NM,35,0,0,0,NA,31.88,-108.8,31.88,-108.8,0.5,20,1,1,23,0,0,0,FALSE,0
67,2005,4,16,4/16/2005,15:18:00,America/Chicago,2005-04-16T20:18:00Z,NM,35,0,0,0,NA,35.05,-106.65,35.05,-106.65,0.1,30,1,1,1,0,0,0,FALSE,0
68,2005,4,17,4/17/2005,14:33:00,America/Chicago,2005-04-17T19:33:00Z,NM,35,0,0,0,NA,34.37,-107,34.37,-107,0.1,30,1,1,53,0,0,0,FALSE,0
86,2005,5,30,5/30/2005,18:53:00,America/Chicago,2005-05-30T23:53:00Z,NM,35,0,0,0,NA,35.47,-103.58,35.45,-103.58,1,200,1,1,21,0,0,0,FALSE,0
87,2005,5,30,5/30/2005,20:25:00,America/Chicago,2005-05-31T01:25:00Z,NM,35,0,0,0,NA,33.02,-104.22,33.02,-104.22,0.1,50,1,1,5,0,0,0,FALSE,0
765,2005,5,6,5/6/2005,19:18:00,America/Chicago,2005-05-07T00:18:00Z,NM,35,0,0,0,NA,32.32,-103.93,32.32,-103.93,0.2,200,1,1,15,0,0,0,FALSE,0
766,2005,5,6,5/6/2005,19:26:00,America/Chicago,2005-05-07T00:26:00Z,NM,35,0,0,0,NA,32.3,-103.9,32.3,-103.9,0.1,75,1,1,15,0,0,0,FALSE,0
958,2006,10,15,10/15/2006,14:47:00,America/Chicago,2006-10-15T19:47:00Z,NM,35,0,0,0,NA,32.52,-105.9,32.6,-105.97,6.54,50,1,1,35,0,0,0,FALSE,0
952,2006,10,9,10/9/2006,17:20:00,America/Chicago,2006-10-09T22:20:00Z,NM,35,1,0,0,NA,32.22,-107.61,32.23,-107.62,1,200,1,1,29,0,0,0,FALSE,0
577,2006,5,30,5/30/2006,17:00:00,America/Chicago,2006-05-30T22:00:00Z,NM,35,0,0,0,NA,32.22,-104.37,32.22,-104.37,0.1,10,1,1,15,0,0,0,FALSE,0
807,2006,8,14,8/14/2006,10:59:00,America/Chicago,2006-08-14T15:59:00Z,NM,35,0,0,0,NA,33.17,-104.52,33.17,-104.52,0.1,30,1,1,5,0,0,0,FALSE,0
864,2006,9,13,9/13/2006,15:10:00,America/Chicago,2006-09-13T20:10:00Z,NM,35,0,0,0,NA,32.27,-106.85,32.27,-106.85,0.2,30,1,1,13,0,0,0,FALSE,0
126,2007,3,23,3/23/2007,15:12:00,America/Chicago,2007-03-23T20:12:00Z,NM,35,1,12,0,3500000,35.34,-103.42,35.38,-103.41,2.67,200,1,1,37,0,0,0,FALSE,12
128,2007,3,23,3/23/2007,16:32:00,America/Chicago,2007-03-23T21:32:00Z,NM,35,0,0,0,NA,32.86,-103.54,32.87,-103.51,3,30,1,1,25,0,0,0,FALSE,0
129,2007,3,23,3/23/2007,17:07:00,America/Chicago,2007-03-23T22:07:00Z,NM,35,2,0,0,28000,33.13,-103.45,33.25,-103.43,8.36,880,1,1,25,0,0,0,FALSE,0
130,2007,3,23,3/23/2007,17:36:00,America/Chicago,2007-03-23T22:36:00Z,NM,35,0,0,0,NA,33.4,-103.33,33.41,-103.33,1,100,1,1,25,0,0,0,FALSE,0
131,2007,3,23,3/23/2007,17:45:00,America/Chicago,2007-03-23T22:45:00Z,NM,35,0,0,0,2000,33.49,-103.37,33.49,-103.37,1,75,1,1,25,0,0,0,FALSE,0
132,2007,3,23,3/23/2007,18:05:00,America/Chicago,2007-03-23T23:05:00Z,NM,35,0,0,0,20000,33.64,-103.35,33.63,-103.34,0.6,70,1,1,41,0,0,0,FALSE,0
134,2007,3,23,3/23/2007,19:24:00,America/Chicago,2007-03-24T00:24:00Z,NM,35,0,0,0,NA,34.14,-103.14,34.15,-103.15,0.57,70,1,1,41,0,0,0,FALSE,0
135,2007,3,23,3/23/2007,19:28:00,America/Chicago,2007-03-24T00:28:00Z,NM,35,0,0,0,NA,33.98,-103.23,33.98,-103.23,0.18,50,1,1,41,0,0,0,FALSE,0
136,2007,3,23,3/23/2007,19:30:00,America/Chicago,2007-03-24T00:30:00Z,NM,35,2,33,2,19000000,34.24,-103.17,34.42,-103.19,12.45,350,1,1,41,9,0,0,FALSE,35
138,2007,3,23,3/23/2007,20:00:00,America/Chicago,2007-03-24T01:00:00Z,NM,35,0,0,0,NA,32.57,-104.21,32.57,-104.21,0.1,20,1,1,15,0,0,0,FALSE,0
407,2007,4,29,4/29/2007,14:05:00,America/Chicago,2007-04-29T19:05:00Z,NM,35,0,0,0,NA,32.32,-107.22,32.32,-107.22,0.1,10,1,1,13,0,0,0,FALSE,0
423,2007,5,2,5/2/2007,12:48:00,America/Chicago,2007-05-02T17:48:00Z,NM,35,0,0,0,NA,32.2,-106.43,32.31,-106.37,8.38,150,1,1,13,35,0,0,FALSE,0
425,2007,5,2,5/2/2007,13:45:00,America/Chicago,2007-05-02T18:45:00Z,NM,35,0,0,0,NA,32.59,-106.25,32.59,-106.24,0.58,20,1,1,35,0,0,0,FALSE,0
779,2007,6,25,6/25/2007,14:47:00,America/Chicago,2007-06-25T19:47:00Z,NM,35,0,0,0,NA,32.92,-105.72,32.92,-105.72,0.19,20,1,1,35,0,0,0,FALSE,0
687,2007,6,3,6/3/2007,14:30:00,America/Chicago,2007-06-03T19:30:00Z,NM,35,0,0,0,NA,36.13,-105.11,36.13,-105.11,0.25,10,1,1,33,0,0,0,FALSE,0
692,2007,6,3,6/3/2007,17:18:00,America/Chicago,2007-06-03T22:18:00Z,NM,35,0,0,0,NA,33.97,-103.67,33.97,-103.67,0.25,10,1,1,41,0,0,0,FALSE,0
694,2007,6,3,6/3/2007,17:43:00,America/Chicago,2007-06-03T22:43:00Z,NM,35,0,0,0,NA,33.85,-103.42,33.85,-103.42,0.25,10,1,1,41,0,0,0,FALSE,0
697,2007,6,4,6/4/2007,17:00:00,America/Chicago,2007-06-04T22:00:00Z,NM,35,0,0,0,5000,33.68,-105.42,33.68,-105.42,0.25,10,1,1,27,0,0,0,FALSE,0
715,2007,6,9,6/9/2007,15:27:00,America/Chicago,2007-06-09T20:27:00Z,NM,35,0,0,0,NA,35.47,-106.32,35.49,-106.17,3.75,18,1,1,43,49,0,0,FALSE,0
717,2007,6,9,6/9/2007,16:10:00,America/Chicago,2007-06-09T21:10:00Z,NM,35,0,0,0,NA,35.46,-105.17,35.46,-105.17,0.1,8,1,1,49,0,0,0,FALSE,0
973,2007,9,26,9/26/2007,14:34:00,America/Chicago,2007-09-26T19:34:00Z,NM,35,0,0,0,NA,32.56,-104.56,32.54,-104.48,5.05,200,1,1,15,0,0,0,FALSE,0
947,2007,9,6,9/6/2007,13:45:00,America/Chicago,2007-09-06T18:45:00Z,NM,35,0,0,0,NA,32.65,-108.5,32.61,-108.46,3.05,40,1,1,17,0,0,0,FALSE,0
1626,2008,10,11,10/11/2008,18:33:00,America/Chicago,2008-10-11T23:33:00Z,NM,35,0,0,0,12000,35.15,-105.94,0,0,0.02,10,1,1,49,0,0,0,FALSE,0
948,2008,5,28,5/28/2008,16:45:00,America/Chicago,2008-05-28T21:45:00Z,NM,35,0,0,0,NA,33.39,-105.06,33.39,-105.06,0.17,15,1,1,27,0,0,0,FALSE,0
949,2008,5,28,5/28/2008,17:45:00,America/Chicago,2008-05-28T22:45:00Z,NM,35,0,0,0,NA,35.29,-105.18,35.29,-105.17,0.56,100,1,1,47,0,0,0,FALSE,0
950,2008,5,28,5/28/2008,20:27:00,America/Chicago,2008-05-29T01:27:00Z,NM,35,0,0,0,NA,35.3,-103.73,35.3,-103.73,0.18,25,1,1,47,0,0,0,FALSE,0
1257,2008,6,19,6/19/2008,15:13:00,America/Chicago,2008-06-19T20:13:00Z,NM,35,0,0,0,NA,36.37,-103.97,0,0,0.05,10,1,1,59,0,0,0,FALSE,0
1324,2008,7,9,7/9/2008,14:13:00,America/Chicago,2008-07-09T19:13:00Z,NM,35,0,0,0,NA,35.16,-103.65,35.17,-103.64,0.31,30,1,1,37,0,0,0,FALSE,0
1431,2008,8,17,8/17/2008,16:40:00,America/Chicago,2008-08-17T21:40:00Z,NM,35,0,0,0,NA,35.58,-105.84,35.58,-105.83,0.64,25,1,1,49,0,0,0,FALSE,0
1433,2008,8,17,8/17/2008,18:48:00,America/Chicago,2008-08-17T23:48:00Z,NM,35,0,0,0,NA,34.83,-104.57,34.83,-104.56,0.58,25,1,1,19,0,0,0,FALSE,0
1434,2008,8,17,8/17/2008,19:20:00,America/Chicago,2008-08-18T00:20:00Z,NM,35,0,0,0,NA,34.63,-104.46,34.62,-104.46,0.34,25,1,1,19,0,0,0,FALSE,0
1435,2008,8,17,8/17/2008,19:40:00,America/Chicago,2008-08-18T00:40:00Z,NM,35,0,0,0,NA,34.49,-104.42,34.47,-104.39,2.15,35,1,1,11,0,0,0,FALSE,0
1552,2008,9,11,9/11/2008,17:48:00,America/Chicago,2008-09-11T22:48:00Z,NM,35,0,0,0,NA,34.61,-105.21,0,0,0.1,10,1,1,19,0,0,0,FALSE,0
359,2009,4,28,4/28/2009,19:25:00,America/Chicago,2009-04-29T00:25:00Z,NM,35,0,0,0,NA,32.0472,-104.225,32.0595,-104.148,4.56,150,1,1,15,0,0,0,FALSE,0
884,2009,7,13,7/13/2009,17:20:00,America/Chicago,2009-07-13T22:20:00Z,NM,35,0,0,0,10000,36.6211,-105.97,36.6211,-105.97,0.1,10,1,1,55,0,0,0,FALSE,0
903,2009,7,18,7/18/2009,21:02:00,America/Chicago,2009-07-19T02:02:00Z,NM,35,0,0,0,NA,35.2031,-106.176,35.1898,-106.169,0.89,10,1,1,49,0,0,0,FALSE,0
1073,2009,8,18,8/18/2009,16:09:00,America/Chicago,2009-08-18T21:09:00Z,NM,35,0,0,0,NA,36.09,-104.2,36.09,-104.2,0.2,20,1,1,21,0,0,0,FALSE,0
1104,2010,10,21,10/21/2010,17:47:00,America/Chicago,2010-10-21T22:47:00Z,NM,35,0,0,0,NA,33.6199,-104.639,33.6471,-104.602,2.86,200,1,1,5,0,0,0,FALSE,0
1105,2010,10,21,10/21/2010,18:03:00,America/Chicago,2010-10-21T23:03:00Z,NM,35,0,0,0,NA,33.6624,-104.576,33.6687,-104.57,0.56,50,1,1,5,0,0,0,FALSE,0
339,2010,5,14,5/14/2010,10:50:00,America/Chicago,2010-05-14T15:50:00Z,NM,35,0,0,0,1500,33.3682,-105.549,33.3714,-105.547,0.4,120,1,1,27,0,0,0,FALSE,0
436,2010,5,23,5/23/2010,19:52:00,America/Chicago,2010-05-24T00:52:00Z,NM,35,2,0,0,270000,36.3571,-103.145,36.5767,-102.897,21.96,440,2,0,0,0,0,0,FALSE,0
439,2010,5,23,5/23/2010,19:55:00,America/Chicago,2010-05-24T00:55:00Z,NM,35,0,0,0,NA,36.3571,-103.145,36.3889,-103.122,2.53,100,1,1,59,0,0,0,FALSE,0
441,2010,5,23,5/23/2010,20:10:00,America/Chicago,2010-05-24T01:10:00Z,NM,35,1,0,0,10000,35.8859,-103.194,35.9648,-103.166,5.67,175,1,1,59,0,0,0,FALSE,0
442,2010,5,23,5/23/2010,20:12:00,America/Chicago,2010-05-24T01:12:00Z,NM,35,2,0,0,325000,36.1056,-103.166,36.2305,-103.133,8.82,440,1,1,59,0,0,0,FALSE,0
444,2010,5,23,5/23/2010,20:36:00,America/Chicago,2010-05-24T01:36:00Z,NM,35,1,0,0,125000,36.2749,-103.131,36.3337,-103.112,4.2,100,1,1,59,0,0,0,FALSE,0
445,2010,5,23,5/23/2010,20:59:00,America/Chicago,2010-05-24T01:59:00Z,NM,35,1,0,0,NA,36.0731,-103.133,36.1991,-103.073,9.33,175,1,1,59,0,0,0,FALSE,0
470,2010,5,25,5/25/2010,15:13:00,America/Chicago,2010-05-25T20:13:00Z,NM,35,0,0,0,NA,34.27,-103.2,34.27,-103.2,0.25,10,1,1,41,0,0,0,FALSE,0
478,2010,5,25,5/25/2010,15:55:00,America/Chicago,2010-05-25T20:55:00Z,NM,35,0,0,0,NA,34.48,-103.05,34.48,-103.05,0.1,10,1,1,9,0,0,0,FALSE,0
331566,2011,7,13,7/13/2011,15:46:00,America/Chicago,2011-07-13T20:46:00Z,NM,35,0,0,0,NA,31.8677,-106.76,31.8677,-106.752,0.42,10,1,1,13,0,0,0,FALSE,0
339709,2011,8,3,8/3/2011,15:36:00,America/Chicago,2011-08-03T20:36:00Z,NM,35,0,0,0,NA,34.9864,-106.482,34.9864,-106.482,0.1,10,1,1,1,0,0,0,FALSE,0
410374,2012,10,12,10/12/2012,17:08:00,America/Chicago,2012-10-12T22:08:00Z,NM,35,0,0,0,50000,35.63,-105.668,35.6716,-105.579,5.78,75,1,1,49,0,0,0,FALSE,0
371125,2012,5,13,5/13/2012,13:49:00,America/Chicago,2012-05-13T18:49:00Z,NM,35,1,0,0,1000,34.0922,-107.277,34.092,-107.257,1.17,75,1,1,53,0,0,0,FALSE,0
376837,2012,6,12,6/12/2012,21:07:00,America/Chicago,2012-06-13T02:07:00Z,NM,35,1,0,0,NA,34.2418,-103.531,34.2274,-103.523,1.1,75,1,1,41,0,0,0,FALSE,0
376838,2012,6,12,6/12/2012,22:07:00,America/Chicago,2012-06-13T03:07:00Z,NM,35,0,0,0,NA,33.9607,-103.336,33.9378,-103.327,1.66,50,1,1,41,0,0,0,FALSE,0
386045,2012,7,24,7/24/2012,15:57:00,America/Chicago,2012-07-24T20:57:00Z,NM,35,0,0,0,NA,35.619,-106.037,35.6205,-106.036,0.04,30,1,1,49,0,0,0,FALSE,0
390985,2012,7,5,7/5/2012,15:36:00,America/Chicago,2012-07-05T20:36:00Z,NM,35,0,0,0,NA,34.03,-106.87,34.0282,-106.87,0.13,20,1,1,53,0,0,0,FALSE,0
468658,2013,9,10,9/10/2013,23:45:00,America/Chicago,2013-09-11T04:45:00Z,NM,35,0,0,0,NA,36.8054,-108.669,36.8082,-108.668,0.21,10,1,1,45,0,0,0,FALSE,0
469691,2013,9,18,9/18/2013,13:44:00,America/Chicago,2013-09-18T18:44:00Z,NM,35,0,0,0,NA,36.6505,-108.211,36.6521,-108.209,0.15,20,1,1,45,0,0,0,FALSE,0
511323,2014,5,23,5/23/2014,19:05:00,America/Chicago,2014-05-24T00:05:00Z,NM,35,0,0,0,NA,32.2718,-103.467,32.2922,-103.41,3.65,200,1,1,25,0,0,0,FALSE,0
513817,2014,6,21,6/21/2014,13:28:00,America/Chicago,2014-06-21T18:28:00Z,NM,35,0,0,0,NA,35.0401,-106.07,35.0401,-106.07,0.1,30,1,1,57,0,0,0,FALSE,0
511709,2014,6,6,6/6/2014,16:25:00,America/Chicago,2014-06-06T21:25:00Z,NM,35,0,0,0,NA,36.51,-104.22,36.5055,-104.206,0.85,100,1,1,7,0,0,0,FALSE,0
511715,2014,6,6,6/6/2014,17:35:00,America/Chicago,2014-06-06T22:35:00Z,NM,35,0,0,0,NA,34.4876,-103.335,34.4832,-103.314,1.24,50,1,1,9,0,0,0,FALSE,0
511717,2014,6,7,6/7/2014,08:33:00,America/Chicago,2014-06-07T13:33:00Z,NM,35,0,0,0,NA,36.25,-103.28,36.25,-103.28,0.1,20,1,1,59,0,0,0,FALSE,0
511719,2014,6,7,6/7/2014,16:58:00,America/Chicago,2014-06-07T21:58:00Z,NM,35,0,0,0,NA,34.2557,-105.612,34.2557,-105.612,0.25,50,1,1,27,0,0,0,FALSE,0
511720,2014,6,7,6/7/2014,17:14:00,America/Chicago,2014-06-07T22:14:00Z,NM,35,0,0,0,NA,34.2501,-105.639,34.2501,-105.639,0.1,50,1,1,27,0,0,0,FALSE,0
511833,2014,6,7,6/7/2014,19:25:00,America/Chicago,2014-06-08T00:25:00Z,NM,35,0,0,0,NA,33.6912,-104.528,33.6655,-104.471,3.73,50,1,1,5,0,0,0,FALSE,0
511837,2014,6,8,6/8/2014,14:23:00,America/Chicago,2014-06-08T19:23:00Z,NM,35,1,0,0,100000,33.7,-105.381,33.6841,-105.357,1.75,160,1,1,27,0,0,0,FALSE,0
511949,2014,6,8,6/8/2014,15:45:00,America/Chicago,2014-06-08T20:45:00Z,NM,35,0,0,0,NA,35.91,-104.83,35.8879,-104.788,2.82,50,1,1,33,0,0,0,FALSE,0
511951,2014,6,8,6/8/2014,16:35:00,America/Chicago,2014-06-08T21:35:00Z,NM,35,0,0,0,NA,36.44,-104.59,36.4379,-104.565,1.39,50,1,1,7,0,0,0,FALSE,0
511952,2014,6,8,6/8/2014,16:40:00,America/Chicago,2014-06-08T21:40:00Z,NM,35,0,0,0,NA,36.5019,-104.538,36.4958,-104.521,1.08,50,1,1,7,0,0,0,FALSE,0
517719,2014,6,8,6/8/2014,19:05:00,America/Chicago,2014-06-09T00:05:00Z,NM,35,0,0,0,NA,32.35,-104.084,32.3526,-104.082,0.22,200,1,1,15,0,0,0,FALSE,0
538581,2014,9,29,9/29/2014,16:25:00,America/Chicago,2014-09-29T21:25:00Z,NM,35,1,0,0,100000,36.9028,-106.813,36.9167,-106.776,2.26,700,1,1,39,0,0,0,FALSE,0
605128,2015,10,7,10/7/2015,12:25:00,America/Chicago,2015-10-07T17:25:00Z,NM,35,0,0,0,NA,32.14,-108.42,32.153,-108.395,1.7,10,1,1,17,0,0,0,FALSE,0
568442,2015,5,29,5/29/2015,19:28:00,America/Chicago,2015-05-30T00:28:00Z,NM,35,0,0,0,NA,33.6867,-103.296,33.6513,-103.263,3.07,25,1,1,41,0,0,0,FALSE,0
565377,2015,5,5,5/5/2015,12:55:00,America/Chicago,2015-05-05T17:55:00Z,NM,35,0,0,0,20000,33.3708,-104.571,33.373,-104.571,0.15,15,1,1,5,0,0,0,FALSE,0
572270,2015,6,10,6/10/2015,09:29:00,America/Chicago,2015-06-10T14:29:00Z,NM,35,0,0,0,NA,36.5869,-108.073,36.5891,-108.072,0.18,20,1,1,45,0,0,0,FALSE,0
596242,2015,7,26,7/26/2015,14:40:00,America/Chicago,2015-07-26T19:40:00Z,NM,35,0,0,0,NA,33.3598,-105.768,33.3608,-105.765,0.21,20,1,1,35,0,0,0,FALSE,0
577733,2015,7,7,7/7/2015,17:15:00,America/Chicago,2015-07-07T22:15:00Z,NM,35,0,1,0,100000,35.0736,-106.178,35.0774,-106.171,0.25,25,1,1,49,0,0,0,FALSE,1
614214,2016,7,17,7/17/2016,16:00:00,America/Chicago,2016-07-17T21:00:00Z,NM,35,0,0,0,NA,34.8595,-106.255,34.8595,-106.255,0.01,5,1,1,1,0,0,0,FALSE,0
614274,2016,8,13,8/13/2016,13:25:00,America/Chicago,2016-08-13T18:25:00Z,NM,35,0,0,0,NA,35.96,-107.35,35.96,-107.35,0.01,50,1,1,31,0,0,0,FALSE,0
614275,2016,8,13,8/13/2016,14:02:00,America/Chicago,2016-08-13T19:02:00Z,NM,35,0,0,0,NA,36.7707,-103.9517,36.7707,-103.9517,0.01,50,1,1,59,0,0,0,FALSE,0
614366,2016,9,15,9/15/2016,00:07:00,America/Chicago,2016-09-15T05:07:00Z,NM,35,0,0,0,NA,34.325,-103.8229,34.2967,-103.7796,3.15,50,1,1,41,0,0,0,FALSE,0
614367,2016,9,15,9/15/2016,11:47:00,America/Chicago,2016-09-15T16:47:00Z,NM,35,0,0,0,NA,34.4262,-105.2874,34.4209,-105.2631,1.43,50,1,1,19,0,0,0,FALSE,0
614368,2016,9,15,9/15/2016,14:10:00,America/Chicago,2016-09-15T19:10:00Z,NM,35,0,0,0,NA,32.8964,-105.0691,32.88,-104.99,4.73,50,1,1,5,0,0,0,FALSE,0
614370,2016,9,15,9/15/2016,16:06:00,America/Chicago,2016-09-15T21:06:00Z,NM,35,0,0,0,NA,32.8,-104.7472,32.8,-104.8161,4,300,1,1,15,0,0,0,FALSE,0
614375,2016,9,17,9/17/2016,16:50:00,America/Chicago,2016-09-17T21:50:00Z,NM,35,0,0,0,NA,32.6473,-104.1183,32.6396,-104.1054,0.92,200,1,1,15,0,0,0,FALSE,0
614343,2016,9,1,9/1/2016,16:30:00,America/Chicago,2016-09-01T21:30:00Z,NM,35,NA,0,0,NA,32.3557,-108.7427,32.3591,-108.7375,0.38,20,1,1,23,0,0,0,FALSE,0
614983,2017,4,14,4/14/2017,17:33:00,America/Chicago,2017-04-14T22:33:00Z,NM,35,0,0,0,NA,34.1096,-104.734,34.1138,-104.7277,0.46,40,1,1,11,0,0,0,FALSE,0
615136,2017,5,10,5/10/2017,12:37:00,America/Chicago,2017-05-10T17:37:00Z,NM,35,0,0,0,NA,36.9205,-104.1799,36.9425,-104.1921,1.66,50,1,1,7,0,0,0,FALSE,0
615299,2017,5,21,5/21/2017,18:29:00,America/Chicago,2017-05-21T23:29:00Z,NM,35,0,0,0,NA,34.8623,-104.2504,34.844,-104.2179,2.23,50,1,1,19,0,0,0,FALSE,0
615125,2017,5,8,5/8/2017,18:17:00,America/Chicago,2017-05-08T23:17:00Z,NM,35,0,0,0,NA,36.03,-104.15,36.0327,-104.1487,0.2,40,1,1,21,0,0,0,FALSE,0
615126,2017,5,9,5/9/2017,12:15:00,America/Chicago,2017-05-09T17:15:00Z,NM,35,0,0,0,NA,34.9942,-105.6885,35.055,-105.7326,4.9,40,1,1,57,49,0,0,FALSE,0
615127,2017,5,9,5/9/2017,12:25:00,America/Chicago,2017-05-09T17:25:00Z,NM,35,0,0,0,NA,35.6425,-106.0433,35.6468,-106.0451,0.31,40,1,1,49,0,0,0,FALSE,0
615128,2017,5,9,5/9/2017,12:55:00,America/Chicago,2017-05-09T17:55:00Z,NM,35,0,0,0,NA,33.6953,-105.7771,33.6944,-105.7764,0.07,30,1,1,27,0,0,0,FALSE,0
615129,2017,5,9,5/9/2017,16:00:00,America/Chicago,2017-05-09T21:00:00Z,NM,35,0,0,0,NA,36.0459,-104.5239,36.0947,-104.5404,3.49,50,1,1,33,0,0,0,FALSE,0
615526,2017,7,3,7/3/2017,15:30:00,America/Chicago,2017-07-03T20:30:00Z,NM,35,0,0,0,NA,34.73,-103.21,34.7309,-103.1956,0.82,30,1,1,9,0,0,0,FALSE,0
615532,2017,7,6,7/6/2017,15:30:00,America/Chicago,2017-07-06T20:30:00Z,NM,35,0,0,0,NA,35.4284,-106.3902,35.4283,-106.3904,0.04,20,1,1,43,0,0,0,FALSE,0
615620,2017,8,9,8/9/2017,17:50:00,America/Chicago,2017-08-09T22:50:00Z,NM,35,0,0,0,NA,35.8595,-104.6608,35.857,-104.6557,0.33,50,1,1,33,0,0,0,FALSE,0
615769,2017,9,30,9/30/2017,14:55:00,America/Chicago,2017-09-30T19:55:00Z,NM,35,0,0,0,NA,34.9611,-107.1871,34.9628,-107.1438,2.45,30,1,1,6,0,0,0,FALSE,0
616247,2018,5,21,5/21/2018,15:35:00,America/Chicago,2018-05-21T20:35:00Z,NM,35,0,0,0,NA,35.69,-106.3,35.74,-106.27,3.84,20,1,1,43,0,0,0,FALSE,0
616249,2018,5,21,5/21/2018,19:50:00,America/Chicago,2018-05-22T00:50:00Z,NM,35,0,0,0,NA,34.38,-105.64,34.3802,-105.6351,0.28,20,1,1,57,0,0,0,FALSE,0
616251,2018,5,21,5/21/2018,20:07:00,America/Chicago,2018-05-22T01:07:00Z,NM,35,0,0,0,NA,34.11,-105.52,34.12,-105.48,2.39,50,1,1,27,0,0,0,FALSE,0
616253,2018,5,23,5/23/2018,14:10:00,America/Chicago,2018-05-23T19:10:00Z,NM,35,NA,0,0,NA,33.22,-105.27,33.24,-105.24,2.22,400,1,1,27,0,0,0,FALSE,0
616254,2018,5,23,5/23/2018,15:06:00,America/Chicago,2018-05-23T20:06:00Z,NM,35,0,0,0,NA,33.16,-105.24,33.16,-105.17,4.05,200,1,1,27,0,0,0,FALSE,0
616403,2018,6,22,6/22/2018,16:53:00,America/Chicago,2018-06-22T21:53:00Z,NM,35,0,0,0,NA,36.6573,-103.4099,36.6547,-103.3999,0.58,40,1,1,59,0,0,0,FALSE,0
616332,2018,6,3,6/3/2018,13:21:00,America/Chicago,2018-06-03T18:21:00Z,NM,35,0,0,0,NA,34.9326,-107.6303,34.9503,-107.5949,2.35,50,1,1,6,0,0,0,FALSE,0
616333,2018,6,3,6/3/2018,16:56:00,America/Chicago,2018-06-03T21:56:00Z,NM,35,0,0,0,NA,34.44,-106.03,34.4449,-105.9847,2.61,50,1,1,57,0,0,0,FALSE,0
616582,2018,8,9,8/9/2018,14:25:00,America/Chicago,2018-08-09T19:25:00Z,NM,35,0,0,0,300000,36.531,-105.2861,36.5373,-105.2459,2.27,80,1,1,7,0,0,0,FALSE,0
616645,2018,9,1,9/1/2018,14:15:00,America/Chicago,2018-09-01T19:15:00Z,NM,35,0,0,0,NA,36.91,-105.64,36.9135,-105.6361,0.33,20,1,1,55,0,0,0,FALSE,0
616667,2018,9,9,9/9/2018,14:15:00,America/Chicago,2018-09-09T19:15:00Z,NM,35,0,0,0,NA,36.38,-103.99,36.3788,-103.9867,0.2,50,1,1,59,0,0,0,FALSE,0
618410,2019,10,8,10/8/2019,17:08:00,America/Chicago,2019-10-08T22:08:00Z,NM,35,NA,0,0,NA,31.94,-107.86,31.9425,-107.8595,0.18,10,1,1,29,0,0,0,FALSE,0
618530,2019,12,27,12/27/2019,17:54:00,America/Chicago,2019-12-27T23:54:00Z,NM,35,1,0,0,300000,34.5798,-103.3425,34.6407,-103.3022,4.79,100,1,1,9,0,0,0,FALSE,0
617065,2019,2,17,2/17/2019,16:20:00,America/Chicago,2019-02-17T22:20:00Z,NM,35,0,0,0,NA,35.8564,-107.315,35.8582,-107.3113,0.24,30,1,1,31,0,0,0,FALSE,0
617132,2019,3,12,3/12/2019,17:55:00,America/Chicago,2019-03-12T22:55:00Z,NM,35,2,6,0,2000000,33.001,-104.4402,33.2104,-104.3603,15.19,350,1,1,5,0,0,0,FALSE,6
617133,2019,3,12,3/12/2019,18:08:00,America/Chicago,2019-03-12T23:08:00Z,NM,35,2,0,0,20000,32.1763,-104.0794,32.3359,-103.913,14.7,880,1,1,15,0,0,0,FALSE,0
617814,2019,5,26,5/26/2019,16:55:00,America/Chicago,2019-05-26T21:55:00Z,NM,35,0,0,0,NA,36.33,-103.59,36.47,-103.24,21.74,75,1,1,59,0,0,0,FALSE,0
617817,2019,5,26,5/26/2019,17:50:00,America/Chicago,2019-05-26T22:50:00Z,NM,35,0,0,0,NA,36.5012,-103.2136,36.5231,-103.1752,2.62,50,1,1,59,0,0,0,FALSE,0
617819,2019,5,26,5/26/2019,18:04:00,America/Chicago,2019-05-26T23:04:00Z,NM,35,0,0,0,NA,33.64,-103.71,33.6472,-103.6694,2.39,50,1,1,5,0,0,0,FALSE,0
617822,2019,5,26,5/26/2019,18:25:00,America/Chicago,2019-05-26T23:25:00Z,NM,35,0,0,0,NA,33.74,-103.43,33.7438,-103.417,0.79,50,1,1,41,0,0,0,FALSE,0
617825,2019,5,26,5/26/2019,19:20:00,America/Chicago,2019-05-27T00:20:00Z,NM,35,2,0,0,2000000,33.888,-103.3004,33.9962,-103.1982,9.5,200,1,1,41,0,0,0,FALSE,0
617826,2019,5,26,5/26/2019,19:57:00,America/Chicago,2019-05-27T00:57:00Z,NM,35,0,0,0,NA,33.9975,-103.0777,34.0075,-103.0437,2.07,50,1,1,41,0,0,0,FALSE,0
617961,2019,5,30,5/30/2019,13:42:00,America/Chicago,2019-05-30T18:42:00Z,NM,35,0,0,0,NA,35.6,-107.9,35.6051,-107.8959,0.42,30,1,1,31,0,0,0,FALSE,0
617557,2019,5,8,5/8/2019,17:45:00,America/Chicago,2019-05-08T22:45:00Z,NM,35,0,0,0,NA,33.616,-105.741,33.6163,-105.7407,0.03,20,1,1,27,0,0,0,FALSE,0
618069,2019,6,17,6/17/2019,15:02:00,America/Chicago,2019-06-17T20:02:00Z,NM,35,0,0,0,NA,34.6493,-105.4403,34.6512,-105.4171,1.33,30,1,1,57,0,0,0,FALSE,0
617964,2019,6,2,6/2/2019,14:27:00,America/Chicago,2019-06-02T19:27:00Z,NM,35,0,0,0,NA,34.4808,-105.559,34.4868,-105.4852,4.22,50,1,1,57,0,0,0,FALSE,0
617970,2019,6,3,6/3/2019,18:10:00,America/Chicago,2019-06-03T23:10:00Z,NM,35,0,0,0,NA,33.0868,-104.6348,33.0889,-104.6111,1.38,50,1,1,5,0,0,0,FALSE,0
617975,2019,6,4,6/4/2019,16:54:00,America/Chicago,2019-06-04T21:54:00Z,NM,35,1,1,0,250000,32.9431,-105.9492,32.945,-105.9479,0.31,60,1,1,35,0,0,0,FALSE,1
617976,2019,6,4,6/4/2019,17:45:00,America/Chicago,2019-06-04T22:45:00Z,NM,35,0,0,0,NA,32.5994,-104.8287,32.5999,-104.8281,0.05,20,1,1,15,0,0,0,FALSE,0
618157,2019,7,5,7/5/2019,16:05:00,America/Chicago,2019-07-05T21:05:00Z,NM,35,0,0,0,NA,36.4445,-103.5881,36.4487,-103.5499,2.14,50,1,1,59,0,0,0,FALSE,0
618690,2020,3,13,3/13/2020,15:15:00,America/Chicago,2020-03-13T20:15:00Z,NM,35,0,0,0,25000,32.8211,-105.9581,32.8304,-105.9566,0.58,50,1,1,35,0,0,0,FALSE,0
618694,2020,3,17,3/17/2020,17:21:00,America/Chicago,2020-03-17T22:21:00Z,NM,35,0,0,0,NA,34.5674,-103.0512,34.5712,-103.0445,0.46,100,1,1,9,0,0,0,FALSE,0
618714,2020,3,21,3/21/2020,14:30:00,America/Chicago,2020-03-21T19:30:00Z,NM,35,0,0,0,NA,36.6288,-108.2774,36.6336,-108.2711,0.49,40,1,1,45,0,0,0,FALSE,0
619294,2020,7,15,7/15/2020,18:03:00,America/Chicago,2020-07-15T23:03:00Z,NM,35,0,0,0,NA,34.5113,-106.7164,34.516,-106.7143,0.35,30,1,1,53,0,0,0,FALSE,0
619245,2020,7,4,7/4/2020,16:30:00,America/Chicago,2020-07-04T21:30:00Z,NM,35,0,0,0,NA,36.59,-103.85,36.5894,-103.8498,0.04,30,1,1,59,0,0,0,FALSE,0
619467,2020,8,15,8/15/2020,16:30:00,America/Chicago,2020-08-15T21:30:00Z,NM,35,0,0,0,NA,35.2075,-106.7432,35.2075,-106.7431,0.01,20,1,1,1,0,0,0,FALSE,0
619996,2021,5,17,5/17/2021,11:43:00,America/Chicago,2021-05-17T16:43:00Z,NM,35,0,0,0,NA,34.33,-106.48,34.3381,-106.4734,0.67,50,1,1,53,0,0,0,FALSE,0
620001,2021,5,17,5/17/2021,12:45:00,America/Chicago,2021-05-17T17:45:00Z,NM,35,0,0,0,NA,34.78,-106.7,34.7804,-106.7,0.03,50,1,1,61,0,0,0,FALSE,0
620002,2021,5,17,5/17/2021,13:08:00,America/Chicago,2021-05-17T18:08:00Z,NM,35,0,0,0,NA,35.52,-106.32,35.5391,-106.3401,1.74,50,1,1,43,0,0,0,FALSE,0
620007,2021,5,17,5/17/2021,16:23:00,America/Chicago,2021-05-17T21:23:00Z,NM,35,0,0,0,NA,34.52,-103.62,34.5245,-103.6202,0.31,50,1,1,9,0,0,0,FALSE,0
620008,2021,5,17,5/17/2021,16:33:00,America/Chicago,2021-05-17T21:33:00Z,NM,35,0,0,0,NA,35.55,-103.2,35.58,-103.23,2.67,60,1,1,37,0,0,0,FALSE,0
620097,2021,5,28,5/28/2021,14:01:00,America/Chicago,2021-05-28T19:01:00Z,NM,35,0,0,0,NA,36.4798,-104.571,36.4803,-104.5617,0.52,30,1,1,7,0,0,0,FALSE,0
620098,2021,5,28,5/28/2021,14:01:00,America/Chicago,2021-05-28T19:01:00Z,NM,35,0,0,0,NA,36.48,-104.58,36.48,-104.57,0.56,60,1,1,7,0,0,0,FALSE,0
620099,2021,5,28,5/28/2021,17:36:00,America/Chicago,2021-05-28T22:36:00Z,NM,35,0,0,0,NA,33.71,-105.11,33.7059,-105.1034,0.47,50,1,1,27,0,0,0,FALSE,0
620106,2021,5,30,5/30/2021,16:10:00,America/Chicago,2021-05-30T21:10:00Z,NM,35,0,0,0,NA,36.74,-103.11,36.741,-103.1022,0.44,50,1,1,59,0,0,0,FALSE,0
620110,2021,5,30,5/30/2021,16:44:00,America/Chicago,2021-05-30T21:44:00Z,NM,35,0,0,0,NA,35.16,-103.27,35.1635,-103.2629,0.47,50,1,1,37,0,0,0,FALSE,0
620121,2021,5,31,5/31/2021,13:00:00,America/Chicago,2021-05-31T18:00:00Z,NM,35,0,0,0,NA,33.6918,-106.5524,33.7051,-106.5536,0.92,50,1,1,53,0,0,0,FALSE,0
620122,2021,5,31,5/31/2021,14:08:00,America/Chicago,2021-05-31T19:08:00Z,NM,35,0,0,0,NA,34.2928,-106.6297,34.3038,-106.6223,0.87,50,1,1,53,0,0,0,FALSE,0
620162,2021,6,12,6/12/2021,17:30:00,America/Chicago,2021-06-12T22:30:00Z,NM,35,NA,0,0,NA,35.5347,-105.0557,35.4842,-105.0014,4.64,100,1,1,47,0,0,0,FALSE,0
620128,2021,6,2,6/2/2021,14:31:00,America/Chicago,2021-06-02T19:31:00Z,NM,35,0,0,0,NA,35.96,-105.21,35.94,-105.19,1.78,50,1,1,33,0,0,0,FALSE,0
620269,2021,7,13,7/13/2021,13:35:00,America/Chicago,2021-07-13T18:35:00Z,NM,35,0,0,0,NA,35.32,-106.06,35.319,-106.0572,0.17,50,1,1,49,0,0,0,FALSE,0
620301,2021,7,23,7/23/2021,14:30:00,America/Chicago,2021-07-23T19:30:00Z,NM,35,0,0,0,NA,35.3,-106.58,35.2996,-106.5802,0.03,30,1,1,43,0,0,0,FALSE,0
621694,2022,6,7,6/7/2022,17:30:00,America/Chicago,2022-06-07T22:30:00Z,NM,35,0,0,0,NA,35.83,-104.47,35.8285,-104.4672,0.19,10,1,1,33,0,0,0,FALSE,0
621906,2022,9,22,9/22/2022,13:03:00,America/Chicago,2022-09-22T18:03:00Z,NM,35,NA,0,0,NA,36.24,-108.18,36.2407,-108.1784,0.1,20,1,1,45,0,0,0,FALSE,0
