120,1952,5,6,5/6/1952,13:00:00,America/Chicago,1952-05-06T18:00:00Z,NY,36,2,0,0,50000,44.33,-74,44.38,-73.92,4.9,200,1,1,31,0,0,0,FALSE,0
420,1954,7,14,7/14/1954,16:30:00,America/Chicago,1954-07-14T21:30:00Z,NY,36,1,0,0,5000000,42.63,-77.08,0,0,2,500,1,1,123,0,0,0,FALSE,0
504,1954,9,19,9/19/1954,17:30:00,America/Chicago,1954-09-19T22:30:00Z,NY,36,2,0,0,50000,44.67,-74.72,44.68,-74.67,0.1,10,1,1,89,0,0,0,FALSE,0
532,1955,8,30,8/30/1955,15:20:00,America/Chicago,1955-08-30T20:20:00Z,NY,36,3,0,0,50000,42.33,-76.92,0,0,1,200,1,1,97,0,0,0,FALSE,0
319,1956,7,1,7/1/1956,20:45:00,America/Chicago,1956-07-02T01:45:00Z,NY,36,1,0,0,NA,42.6,-77.1,0,0,0.5,600,1,1,123,0,0,0,FALSE,0
246,1957,4,25,4/25/1957,17:15:00,America/Chicago,1957-04-25T23:15:00Z,NY,36,1,0,0,50000,42.9,-78.7,0,0,0.5,17,1,1,29,0,0,0,FALSE,0
515,1958,10,16,10/16/1958,15:30:00,America/Chicago,1958-10-16T20:30:00Z,NY,36,1,0,0,50000,44.4,-73.7,0,0,0.3,30,1,1,31,0,0,0,FALSE,0
458,1958,8,10,8/10/1958,16:44:00,America/Chicago,1958-08-10T21:44:00Z,NY,36,1,0,0,50000,43.5,-76.5,0,0,0.1,10,1,1,77,0,0,0,FALSE,0
496,1958,9,8,9/8/1958,16:00:00,America/Chicago,1958-09-08T21:00:00Z,NY,36,0,0,0,NA,41.1,-72.4,0,0,0.1,10,1,1,103,0,0,0,FALSE,0
369,1959,6,12,6/12/1959,18:15:00,America/Chicago,1959-06-12T23:15:00Z,NY,36,0,3,0,500000,42.1,-79.27,0,0,0.1,10,1,1,13,0,0,0,FALSE,3
450,1959,7,12,7/12/1959,12:40:00,America/Chicago,1959-07-12T17:40:00Z,NY,36,0,0,0,50000,43.08,-74.2,0,0,0.1,10,1,1,35,0,0,0,FALSE,0
416,1959,7,1,7/1/1959,21:30:00,America/Chicago,1959-07-02T02:30:00Z,NY,36,1,0,0,50000,43.83,-76,0,0,0.1,150,1,1,45,0,0,0,FALSE,0
299,1960,5,22,5/22/1960,13:35:00,America/Chicago,1960-05-22T18:35:00Z,NY,36,0,0,0,50000,42.7,-77.7,0,0,0.5,150,1,1,51,0,0,0,FALSE,0
428,1960,6,24,6/24/1960,17:30:00,America/Chicago,1960-06-24T22:30:00Z,NY,36,3,9,0,50000000,42.8,-73.88,42.92,-73.73,16,440,1,1,93,91,0,0,FALSE,9
447,1960,6,29,6/29/1960,16:30:00,America/Chicago,1960-06-29T21:30:00Z,NY,36,1,0,0,500000,43.47,-75.3,0,0,1,300,1,1,65,0,0,0,FALSE,0
553,1960,9,9,9/9/1960,14:00:00,America/Chicago,1960-09-09T19:00:00Z,NY,36,1,0,0,50,43.35,-76.28,0,0,2,250,1,1,75,0,0,0,FALSE,0
320,1961,5,15,5/15/1961,18:30:00,America/Chicago,1961-05-15T23:30:00Z,NY,36,3,0,0,500000,42.1,-78.6,42.1,-78.52,3,10,1,1,9,0,0,0,FALSE,0
303,1961,5,9,5/9/1961,18:10:00,America/Chicago,1961-05-09T23:10:00Z,NY,36,2,4,0,5000000,41.8,-74.78,41.83,-74.65,6.8,250,1,1,105,0,0,0,FALSE,4
486,1961,7,7,7/7/1961,14:45:00,America/Chicago,1961-07-07T19:45:00Z,NY,36,2,0,0,500000,43,-78.95,43,-78.78,7.8,100,1,1,29,0,0,0,FALSE,0
565,1961,8,16,8/16/1961,18:00:00,America/Chicago,1961-08-16T23:00:00Z,NY,36,0,0,0,50000,42.5,-75.3,0,0,0.1,10,1,1,77,0,0,0,FALSE,0
572,1961,8,25,8/25/1961,18:00:00,America/Chicago,1961-08-25T23:00:00Z,NY,36,0,0,0,50000,42.4,-76.57,0,0,0.1,10,1,1,109,0,0,0,FALSE,0
626,1962,9,10,9/10/1962,15:00:00,America/Chicago,1962-09-10T20:00:00Z,NY,36,0,0,0,500,42.33,-75.88,0,0,0.5,100,1,1,7,0,0,0,FALSE,0
289,1963,6,11,6/11/1963,12:30:00,America/Chicago,1963-06-11T17:30:00Z,NY,36,0,0,0,5000,43.17,-76.35,43.12,-76.25,5.2,100,1,1,67,0,0,0,FALSE,0
320,1963,7,2,7/2/1963,11:20:00,America/Chicago,1963-07-02T16:20:00Z,NY,36,1,0,0,5000,42.12,-79.42,42.13,-79.37,1.3,10,1,1,13,0,0,0,FALSE,0
410,1963,9,3,9/3/1963,16:40:00,America/Chicago,1963-09-03T21:40:00Z,NY,36,1,0,0,5000,43.15,-78.75,0,0,0.1,10,1,1,63,0,0,0,FALSE,0
421,1964,6,15,6/15/1964,15:30:00,America/Chicago,1964-06-15T20:30:00Z,NY,36,1,0,0,50000,42.3,-76.7,42.37,-76.58,6.9,100,1,1,97,109,0,0,FALSE,0
343,1965,5,16,5/16/1965,19:15:00,America/Chicago,1965-05-17T00:15:00Z,NY,36,2,3,0,500000,42.1,-79.5,42.1,-79.45,0.1,700,1,1,13,0,0,0,FALSE,3
650,1965,7,7,7/7/1965,16:30:00,America/Chicago,1965-07-07T21:30:00Z,NY,36,1,0,0,50000,42.65,-78.45,0,0,1,600,1,1,121,0,0,0,FALSE,0
740,1965,8,17,8/17/1965,15:15:00,America/Chicago,1965-08-17T20:15:00Z,NY,36,0,0,0,5000,42.42,-78.5,0,0,0.1,300,1,1,9,0,0,0,FALSE,0
720,1965,8,2,8/2/1965,16:30:00,America/Chicago,1965-08-02T21:30:00Z,NY,36,0,0,0,5000,43.45,-75.2,0,0,0.1,200,1,1,65,0,0,0,FALSE,0
791,1965,9,9,9/9/1965,15:45:00,America/Chicago,1965-09-09T20:45:00Z,NY,36,1,0,0,50000,42.27,-79.47,0,0,0.3,100,1,1,13,0,0,0,TRUE,0
266,1966,6,9,6/9/1966,16:00:00,America/Chicago,1966-06-09T21:00:00Z,NY,36,0,0,0,5000,42.63,-78.55,0,0,1,33,1,1,29,0,0,0,FALSE,0
637,1967,7,24,7/24/1967,14:00:00,America/Chicago,1967-07-24T19:00:00Z,NY,36,3,0,0,50000,42.42,-78.67,42.33,-78.47,11.4,250,1,1,9,0,0,0,FALSE,0
566,1967,7,1,7/1/1967,18:30:00,America/Chicago,1967-07-01T23:30:00Z,NY,36,0,0,0,NA,43,-75.67,0,0,0.1,10,1,1,65,0,0,0,TRUE,0
490,1968,8,6,8/6/1968,03:30:00,America/Chicago,1968-08-06T08:30:00Z,NY,36,2,4,0,500000,42.4,-79.08,42.23,-78.5,31.8,250,1,1,13,9,0,0,FALSE,4
507,1968,8,9,8/9/1968,18:30:00,America/Chicago,1968-08-09T23:30:00Z,NY,36,1,0,0,50000,41.38,-73.55,41.35,-73.52,0.1,10,2,0,0,0,0,0,FALSE,0
195,1969,5,17,5/17/1969,17:10:00,America/Chicago,1969-05-17T22:10:00Z,NY,36,2,1,0,500000,42.27,-79.27,0,0,2,250,1,1,13,0,0,0,FALSE,1
278,1969,6,20,6/20/1969,05:55:00,America/Chicago,1969-06-20T10:55:00Z,NY,36,3,0,0,5000000,42.02,-79.63,42.32,-78.05,84.1,10,1,1,13,9,3,0,FALSE,0
279,1969,6,20,6/20/1969,07:45:00,America/Chicago,1969-06-20T12:45:00Z,NY,36,1,0,0,50000,42.42,-76.53,0,0,2,10,1,1,109,0,0,0,FALSE,0
231,1969,6,2,6/2/1969,14:30:00,America/Chicago,1969-06-02T19:30:00Z,NY,36,3,0,0,500000,43,-76.7,43.2,-76.47,17.5,10,1,1,11,67,0,0,TRUE,0
400,1969,7,12,7/12/1969,10:00:00,America/Chicago,1969-07-12T15:00:00Z,NY,36,1,0,0,50000,43.62,-75.4,0,0,0.8,150,1,1,49,0,0,0,FALSE,0
449,1969,7,25,7/25/1969,15:00:00,America/Chicago,1969-07-25T20:00:00Z,NY,36,1,0,0,5000,41.42,-74.4,0,0,0.1,10,1,1,71,0,0,0,TRUE,0
451,1969,7,26,7/26/1969,11:05:00,America/Chicago,1969-07-26T16:05:00Z,NY,36,1,0,0,50000,43.1,-78.92,0,0,2,100,1,1,63,0,0,0,FALSE,0
352,1970,6,18,6/18/1970,15:00:00,America/Chicago,1970-06-18T20:00:00Z,NY,36,1,1,1,500000,43.2,-75.05,43.17,-75,2.3,10,1,1,43,0,0,0,TRUE,2
439,1970,7,15,7/15/1970,16:00:00,America/Chicago,1970-07-15T21:00:00Z,NY,36,1,0,0,50000,42.17,-79.4,0,0,0.5,10,1,1,13,0,0,0,TRUE,0
497,1970,8,19,8/19/1970,13:45:00,America/Chicago,1970-08-19T18:45:00Z,NY,36,3,3,0,500000,42.67,-78.88,42.67,-78.82,2.3,300,1,1,29,0,0,0,FALSE,3
578,1970,9,27,9/27/1970,10:10:00,America/Chicago,1970-09-27T15:10:00Z,NY,36,2,0,0,500000,40.7,-73.5,0,0,0.5,77,1,1,59,0,0,0,FALSE,0
675,1971,7,29,7/29/1971,15:50:00,America/Chicago,1971-07-29T20:50:00Z,NY,36,2,0,0,500000,41.42,-74.13,41.48,-74.03,6.2,83,1,1,71,0,0,0,FALSE,0
676,1971,7,29,7/29/1971,16:30:00,America/Chicago,1971-07-29T21:30:00Z,NY,36,2,0,0,500000,41.38,-73.75,41.45,-73.7,4.5,33,1,1,79,0,0,0,FALSE,0
699,1971,8,11,8/11/1971,10:30:00,America/Chicago,1971-08-11T15:30:00Z,NY,36,1,0,0,50000,40.95,-73.7,0,0,0.3,33,1,1,119,0,0,0,FALSE,0
715,1971,8,21,8/21/1971,12:50:00,America/Chicago,1971-08-21T17:50:00Z,NY,36,0,0,0,NA,43.1,-74.1,0,0,0.1,10,1,1,93,0,0,0,FALSE,0
718,1971,8,23,8/23/1971,00:00:00,America/Chicago,1971-08-23T05:00:00Z,NY,36,2,0,0,50000,42.92,-78.7,42.93,-78.65,0.1,167,1,1,29,0,0,0,FALSE,0
343,1972,5,30,5/30/1972,14:00:00,America/Chicago,1972-05-30T19:00:00Z,NY,36,0,0,0,50000,43.47,-76.43,0,0,0.3,50,1,1,75,0,0,0,FALSE,0
211,1972,5,2,5/2/1972,17:30:00,America/Chicago,1972-05-02T22:30:00Z,NY,36,2,0,0,500000,42.73,-78.52,42.78,-78.28,12,350,1,1,29,121,0,0,FALSE,0
358,1972,6,9,6/9/1972,16:15:00,America/Chicago,1972-06-09T21:15:00Z,NY,36,2,2,0,500000,41.75,-74.77,0,0,0.3,40,1,1,105,0,0,0,FALSE,2
552,1972,7,25,7/25/1972,10:40:00,America/Chicago,1972-07-25T15:40:00Z,NY,36,0,0,0,5000,43.52,-73.27,0,0,0.1,20,1,1,115,0,0,0,FALSE,0
590,1972,8,7,8/7/1972,09:00:00,America/Chicago,1972-08-07T14:00:00Z,NY,36,1,2,1,50000,42.18,-77.23,0,0,0.1,10,1,1,101,0,0,0,FALSE,3
591,1972,8,7,8/7/1972,12:00:00,America/Chicago,1972-08-07T17:00:00Z,NY,36,1,0,0,50000,44.47,-75.23,44.52,-75.15,4.9,30,1,1,89,0,0,0,FALSE,0
747,1973,6,30,6/30/1973,16:15:00,America/Chicago,1973-06-30T21:15:00Z,NY,36,1,2,0,50000,42.55,-74.05,0,0,1.3,10,1,1,1,0,0,0,FALSE,2
866,1973,8,28,8/28/1973,07:15:00,America/Chicago,1973-08-28T12:15:00Z,NY,36,2,0,0,NA,43.8,-74.38,43.77,-74.38,2.3,150,1,1,41,0,0,0,FALSE,0
867,1973,8,28,8/28/1973,10:00:00,America/Chicago,1973-08-28T15:00:00Z,NY,36,2,1,0,50000,42.9,-73.55,42.92,-73.48,2.3,83,1,1,83,0,0,0,FALSE,1
868,1973,8,28,8/28/1973,11:34:00,America/Chicago,1973-08-28T16:34:00Z,NY,36,4,36,4,50000000,42.42,-73.42,42.27,-73.38,9.8,313,2,0,0,0,0,0,FALSE,40
907,1973,9,18,9/18/1973,07:24:00,America/Chicago,1973-09-18T12:24:00Z,NY,36,1,0,0,NA,40.9,-72.75,0,0,0.1,10,1,1,103,0,0,0,FALSE,0
908,1973,9,18,9/18/1973,07:40:00,America/Chicago,1973-09-18T12:40:00Z,NY,36,2,0,0,NA,40.65,-73.5,40.67,-73.45,1.9,167,1,1,59,0,0,0,FALSE,0
221,1974,4,3,4/3/1974,21:00:00,America/Chicago,1974-04-04T02:00:00Z,NY,36,1,0,0,NA,42.05,-79.17,0,0,0.2,50,1,1,13,0,0,0,FALSE,0
617,1974,6,16,6/16/1974,11:10:00,America/Chicago,1974-06-16T16:10:00Z,NY,36,3,0,0,5000000,42.25,-73.83,42.92,-73.88,49.1,67,1,1,39,1,91,0,FALSE,0
618,1974,6,16,6/16/1974,15:45:00,America/Chicago,1974-06-16T20:45:00Z,NY,36,2,0,0,NA,41.5,-74.5,0,0,2,67,1,1,71,0,0,0,FALSE,0
746,1974,7,29,7/29/1974,17:30:00,America/Chicago,1974-07-29T22:30:00Z,NY,36,1,0,0,NA,43.3,-73.98,0,0,0.1,83,1,1,91,0,0,0,FALSE,0
842,1974,8,27,8/27/1974,16:00:00,America/Chicago,1974-08-27T21:00:00Z,NY,36,1,0,0,50000,42.83,-73.5,0,0,0.1,10,1,1,83,0,0,0,FALSE,0
855,1974,9,1,9/1/1974,23:50:00,America/Chicago,1974-09-02T04:50:00Z,NY,36,1,0,0,500000,40.92,-73.85,0,0,2,50,1,1,119,0,0,0,FALSE,0
97,1975,2,24,2/24/1975,14:30:00,America/Chicago,1975-02-24T19:30:00Z,NY,36,1,2,0,500000,42.17,-78.5,0,0,0.5,100,1,1,9,0,0,0,FALSE,2
504,1975,6,5,6/5/1975,04:45:00,America/Chicago,1975-06-05T09:45:00Z,NY,36,0,0,0,50,42.4,-78.52,0,0,0.5,17,1,1,9,0,0,0,FALSE,0
839,1975,9,20,9/20/1975,17:30:00,America/Chicago,1975-09-20T22:30:00Z,NY,36,1,3,0,50000,41.97,-74.07,42.08,-73.82,14.2,167,1,1,111,21,0,0,FALSE,3
170,1976,3,21,3/21/1976,13:40:00,America/Chicago,1976-03-21T19:40:00Z,NY,36,2,0,0,NA,41.75,-74.33,0,0,0.1,30,1,1,111,0,0,0,FALSE,0
171,1976,3,21,3/21/1976,13:40:00,America/Chicago,1976-03-21T19:40:00Z,NY,36,1,0,0,50000,41.77,-74.3,0,0,0.1,30,1,1,111,0,0,0,FALSE,0
544,1976,6,11,6/11/1976,18:45:00,America/Chicago,1976-06-11T23:45:00Z,NY,36,2,0,0,500000,43.32,-73.72,43.3,-73.68,0.1,100,1,1,115,0,0,0,FALSE,0
610,1976,6,16,6/16/1976,18:10:00,America/Chicago,1976-06-16T23:10:00Z,NY,36,2,0,0,500000,42.68,-75.02,42.68,-74.97,0.1,57,1,1,77,0,0,0,FALSE,0
662,1976,6,30,6/30/1976,14:20:00,America/Chicago,1976-06-30T19:20:00Z,NY,36,1,0,0,500,42.55,-79.17,0,0,0.1,10,1,1,13,0,0,0,FALSE,0
663,1976,6,30,6/30/1976,14:48:00,America/Chicago,1976-06-30T19:48:00Z,NY,36,1,0,0,500,42.97,-78.7,0,0,0.3,30,1,1,29,0,0,0,FALSE,0
664,1976,6,30,6/30/1976,16:15:00,America/Chicago,1976-06-30T21:15:00Z,NY,36,1,0,0,50000,41.82,-74.13,0,0,1.1,100,1,1,111,0,0,0,FALSE,0
500,1976,6,1,6/1/1976,17:30:00,America/Chicago,1976-06-01T22:30:00Z,NY,36,0,0,0,5000,40.75,-73.5,0,0,0.1,10,1,1,59,0,0,0,FALSE,0
97,1977,4,2,4/2/1977,17:00:00,America/Chicago,1977-04-02T23:00:00Z,NY,36,1,0,0,50000,42.2,-74.22,0,0,1.8,33,1,1,39,0,0,0,FALSE,0
462,1977,6,18,6/18/1977,15:00:00,America/Chicago,1977-06-18T20:00:00Z,NY,36,1,0,0,5000,42.48,-76.3,0,0,0.8,10,1,1,109,0,0,0,TRUE,0
761,1977,9,18,9/18/1977,14:00:00,America/Chicago,1977-09-18T19:00:00Z,NY,36,2,1,0,500000,42.83,-75.7,0,0,2,60,1,1,53,0,0,0,FALSE,1
762,1977,9,18,9/18/1977,15:15:00,America/Chicago,1977-09-18T20:15:00Z,NY,36,1,0,0,5000000,42.45,-78.92,42.43,-78.68,11.7,100,1,1,9,0,0,0,FALSE,0
778,1977,9,26,9/26/1977,15:15:00,America/Chicago,1977-09-26T20:15:00Z,NY,36,1,0,0,50000,41.25,-73.95,0,0,2,20,1,1,119,0,0,0,TRUE,0
210,1978,5,9,5/9/1978,16:30:00,America/Chicago,1978-05-09T21:30:00Z,NY,36,1,0,0,500000,43.33,-73.75,0,0,1.2,167,1,1,113,0,0,0,FALSE,0
211,1978,5,9,5/9/1978,17:00:00,America/Chicago,1978-05-09T22:00:00Z,NY,36,0,0,0,NA,42.9,-73.68,0,0,0.1,10,1,1,91,0,0,0,TRUE,0
212,1978,5,9,5/9/1978,17:30:00,America/Chicago,1978-05-09T22:30:00Z,NY,36,0,0,0,NA,44.05,-73.45,0,0,0.1,10,1,1,31,0,0,0,TRUE,0
497,1978,6,27,6/27/1978,14:05:00,America/Chicago,1978-06-27T19:05:00Z,NY,36,1,0,0,5000000,42.68,-76.95,42.68,-76.88,1.9,440,1,1,123,0,0,0,FALSE,0
502,1978,6,27,6/27/1978,17:05:00,America/Chicago,1978-06-27T22:05:00Z,NY,36,1,0,0,500000,43.13,-74.5,43.17,-74.42,3.6,333,1,1,35,0,0,0,FALSE,0
579,1978,7,10,7/10/1978,14:45:00,America/Chicago,1978-07-10T19:45:00Z,NY,36,1,0,0,50000,42.17,-73.75,0,0,0.7,53,1,1,21,0,0,0,FALSE,0
670,1978,8,12,8/12/1978,04:56:00,America/Chicago,1978-08-12T09:56:00Z,NY,36,1,0,0,5000,40.77,-73.47,0,0,0.1,10,1,1,59,0,0,0,TRUE,0
667,1978,8,7,8/7/1978,21:00:00,America/Chicago,1978-08-08T02:00:00Z,NY,36,1,0,0,50000,41.7,-73.93,0,0,1,17,1,1,27,0,0,0,TRUE,0
98,1979,4,6,4/6/1979,00:15:00,America/Chicago,1979-04-06T06:15:00Z,NY,36,0,0,0,50000,43.22,-77.95,43.23,-77.67,14,10,1,1,55,0,0,0,FALSE,0
540,1979,7,21,7/21/1979,20:00:00,America/Chicago,1979-07-22T01:00:00Z,NY,36,0,1,0,500000,43.5,-74.37,0,0,2,267,1,1,41,0,0,0,FALSE,1
639,1979,8,10,8/10/1979,14:45:00,America/Chicago,1979-08-10T19:45:00Z,NY,36,1,0,0,NA,40.93,-72.33,0,0,1,10,1,1,103,0,0,0,FALSE,0
612,1980,6,29,6/29/1980,20:30:00,America/Chicago,1980-06-30T01:30:00Z,NY,36,1,0,0,50000,42.27,-78.67,42.2,-78.48,10.1,40,1,1,9,0,0,0,FALSE,0
520,1980,6,9,6/9/1980,11:20:00,America/Chicago,1980-06-09T16:20:00Z,NY,36,1,0,0,5000000,43.23,-77.18,43.17,-77,9.9,200,1,1,117,0,0,0,FALSE,0
657,1980,7,11,7/11/1980,15:00:00,America/Chicago,1980-07-11T20:00:00Z,NY,36,0,0,0,5000,42.57,-73.97,0,0,0.2,133,1,1,1,0,0,0,FALSE,0
691,1980,7,21,7/21/1980,03:04:00,America/Chicago,1980-07-21T08:04:00Z,NY,36,1,0,0,500000,43.25,-75.3,0,0,0.2,70,1,1,65,0,0,0,FALSE,0
668,1981,8,5,8/5/1981,11:15:00,America/Chicago,1981-08-05T16:15:00Z,NY,36,1,0,0,500000,40.95,-72.57,40.97,-72.5,2.3,13,1,1,103,0,0,0,FALSE,0
727,1981,9,8,9/8/1981,12:00:00,America/Chicago,1981-09-08T17:00:00Z,NY,36,1,0,0,5000,43,-77.65,0,0,2,100,1,1,55,0,0,0,FALSE,0
728,1981,9,8,9/8/1981,13:00:00,America/Chicago,1981-09-08T18:00:00Z,NY,36,1,0,0,5000,43.32,-76.42,0,0,0.1,10,1,1,75,0,0,0,FALSE,0
846,1982,7,28,7/28/1982,05:20:00,America/Chicago,1982-07-28T10:20:00Z,NY,36,1,0,0,500000,42.12,-79.3,42.1,-79.23,3,250,1,1,13,0,0,0,FALSE,0
847,1982,7,28,7/28/1982,15:15:00,America/Chicago,1982-07-28T20:15:00Z,NY,36,0,1,0,500,42.48,-79.23,0,0,0.2,50,1,1,13,0,0,0,FALSE,1
879,1982,8,25,8/25/1982,14:00:00,America/Chicago,1982-08-25T19:00:00Z,NY,36,0,0,0,50,41.02,-72.5,0,0,0.5,13,1,1,103,0,0,0,FALSE,0
235,1983,5,2,5/2/1983,15:05:00,America/Chicago,1983-05-02T20:05:00Z,NY,36,3,0,2,5000000,42.15,-79.62,42.32,-79.08,28,450,1,1,13,0,0,0,FALSE,2
239,1983,5,2,5/2/1983,18:15:00,America/Chicago,1983-05-02T23:15:00Z,NY,36,3,6,0,5000000,42.03,-76.68,42.05,-76.38,15,300,1,1,15,107,0,0,FALSE,6
240,1983,5,2,5/2/1983,18:15:00,America/Chicago,1983-05-02T23:15:00Z,NY,36,3,1,0,5000000,42,-76.53,0,0,2,880,1,1,107,0,0,0,FALSE,1
241,1983,5,2,5/2/1983,19:15:00,America/Chicago,1983-05-03T00:15:00Z,NY,36,3,0,1,5000000,43.17,-76.62,43.2,-76.17,20,200,1,1,11,67,0,0,FALSE,1
242,1983,5,2,5/2/1983,19:29:00,America/Chicago,1983-05-03T00:29:00Z,NY,36,3,0,0,500000,43.23,-76.3,43.25,-76.25,3,150,1,1,75,0,0,0,FALSE,0
243,1983,5,2,5/2/1983,20:30:00,America/Chicago,1983-05-03T01:30:00Z,NY,36,3,0,0,50000000,43.48,-75.37,43.48,-75.3,3,450,1,1,65,0,0,0,FALSE,0
695,1983,7,21,7/21/1983,15:20:00,America/Chicago,1983-07-21T20:20:00Z,NY,36,0,0,0,50000,41.92,-74.57,0,0,0.5,300,1,1,111,0,0,0,FALSE,0
787,1983,8,28,8/28/1983,16:30:00,America/Chicago,1983-08-28T21:30:00Z,NY,36,1,1,0,5000000,43.73,-76.2,43.73,-76.08,6,300,1,1,45,0,0,0,FALSE,1
392,1984,5,12,5/12/1984,13:25:00,America/Chicago,1984-05-12T18:25:00Z,NY,36,0,13,0,50000,42.7,-74.03,0,0,0.1,10,1,1,1,0,0,0,FALSE,13
393,1984,5,12,5/12/1984,15:05:00,America/Chicago,1984-05-12T20:05:00Z,NY,36,0,0,0,50000,41.58,-73.82,0,0,0.1,10,1,1,27,0,0,0,FALSE,0
394,1984,5,12,5/12/1984,15:05:00,America/Chicago,1984-05-12T20:05:00Z,NY,36,0,0,0,50000,41.82,-74.32,0,0,0.1,10,1,1,111,0,0,0,FALSE,0
728,1984,7,11,7/11/1984,12:00:00,America/Chicago,1984-07-11T17:00:00Z,NY,36,0,0,0,500000,43.05,-75.38,0,0,1.5,10,1,1,65,0,0,0,FALSE,0
729,1984,7,11,7/11/1984,12:10:00,America/Chicago,1984-07-11T17:10:00Z,NY,36,0,0,0,500000,43,-75.43,0,0,0.1,10,1,1,65,0,0,0,FALSE,0
730,1984,7,11,7/11/1984,13:15:00,America/Chicago,1984-07-11T18:15:00Z,NY,36,0,0,0,5000,43.47,-75.1,43.57,-74.8,15,100,1,1,43,0,0,0,FALSE,0
646,1985,10,5,10/5/1985,09:00:00,America/Chicago,1985-10-05T14:00:00Z,NY,36,1,0,0,500000,41.95,-73.98,0,0,0.2,73,1,1,111,0,0,0,FALSE,0
647,1985,10,5,10/5/1985,09:55:00,America/Chicago,1985-10-05T14:55:00Z,NY,36,1,6,0,NA,40.72,-73.83,0,0,1.5,50,1,1,81,0,0,0,FALSE,6
77,1985,4,18,4/18/1985,17:39:00,America/Chicago,1985-04-18T23:39:00Z,NY,36,0,0,0,5000,43.37,-73.72,0,0,2.5,10,1,1,113,0,0,0,FALSE,0
342,1985,5,31,5/31/1985,16:25:00,America/Chicago,1985-05-31T21:25:00Z,NY,36,3,10,0,5000000,42.03,-79.23,42.13,-79.15,13,177,1,1,13,0,0,0,FALSE,10
361,1985,5,31,5/31/1985,20:30:00,America/Chicago,1985-06-01T01:30:00Z,NY,36,1,0,0,500000,44.8,-75.03,44.82,-74.95,5,50,1,1,89,0,0,0,FALSE,0
484,1985,7,26,7/26/1985,11:55:00,America/Chicago,1985-07-26T16:55:00Z,NY,36,1,0,0,5000,42.7,-75.23,42.7,-75.12,5,40,1,1,77,0,0,0,FALSE,0
597,1985,8,30,8/30/1985,10:30:00,America/Chicago,1985-08-30T15:30:00Z,NY,36,1,0,0,NA,40.9,-72.4,0,0,1,10,1,1,103,0,0,0,FALSE,0
718,1986,10,1,10/1/1986,00:00:00,America/Chicago,1986-10-01T05:00:00Z,NY,36,2,0,0,500000,42.28,-74.57,0,0,0.1,10,1,1,25,0,0,0,FALSE,0
433,1986,6,16,6/16/1986,09:15:00,America/Chicago,1986-06-16T14:15:00Z,NY,36,1,2,0,500000,41.75,-74.6,0,0,1,100,1,1,105,0,0,0,FALSE,2
438,1986,6,16,6/16/1986,20:00:00,America/Chicago,1986-06-17T01:00:00Z,NY,36,0,0,0,500000,42.63,-75.03,0,0,0.5,100,1,1,77,0,0,0,FALSE,0
535,1986,7,13,7/13/1986,15:25:00,America/Chicago,1986-07-13T20:25:00Z,NY,36,1,5,0,500000,43.32,-76.42,43.18,-76.28,11,10,1,1,75,67,0,0,FALSE,5
558,1986,7,26,7/26/1986,07:50:00,America/Chicago,1986-07-26T12:50:00Z,NY,36,1,0,0,500000,44.57,-74.25,0,0,1,150,1,1,33,0,0,0,FALSE,0
559,1986,7,26,7/26/1986,10:30:00,America/Chicago,1986-07-26T15:30:00Z,NY,36,2,2,0,5000000,41.6,-74.47,0,0,0.5,100,1,1,111,0,0,0,FALSE,2
626,1986,8,15,8/15/1986,16:30:00,America/Chicago,1986-08-15T21:30:00Z,NY,36,2,3,1,500000,44.28,-75.57,0,0,0.2,10,1,1,89,0,0,0,FALSE,4
635,1986,8,23,8/23/1986,21:20:00,America/Chicago,1986-08-24T02:20:00Z,NY,36,1,1,0,50000,43.15,-74.5,0,0,0.2,10,1,1,35,0,0,0,FALSE,1
715,1986,9,29,9/29/1986,19:05:00,America/Chicago,1986-09-30T00:05:00Z,NY,36,1,0,0,50000,43.35,-78.4,0,0,0.5,23,1,1,73,0,0,0,FALSE,0
288,1987,6,22,6/22/1987,15:00:00,America/Chicago,1987-06-22T20:00:00Z,NY,36,0,0,0,50000,42.58,-75.13,0,0,0.3,30,1,1,77,0,0,0,FALSE,0
236,1987,6,4,6/4/1987,14:38:00,America/Chicago,1987-06-04T19:38:00Z,NY,36,0,0,0,50000,43.78,-75.48,0,0,0.4,50,1,1,49,0,0,0,FALSE,0
484,1987,7,24,7/24/1987,14:35:00,America/Chicago,1987-07-24T19:35:00Z,NY,36,0,0,0,500000,44.67,-75.5,0,0,0.4,10,1,1,89,0,0,0,FALSE,0
488,1987,7,25,7/25/1987,16:00:00,America/Chicago,1987-07-25T21:00:00Z,NY,36,0,0,0,50000,42.55,-74.82,0,0,0.2,10,1,1,77,0,0,0,FALSE,0
489,1987,7,25,7/25/1987,18:02:00,America/Chicago,1987-07-25T23:02:00Z,NY,36,0,0,0,500000,41.85,-73.57,0,0,0.2,17,1,1,27,0,0,0,FALSE,0
502,1987,7,30,7/30/1987,14:30:00,America/Chicago,1987-07-30T19:30:00Z,NY,36,2,1,0,5000000,42.92,-78.77,0,0,1.5,30,1,1,29,0,0,0,FALSE,1
352,1988,7,14,7/14/1988,18:15:00,America/Chicago,1988-07-14T23:15:00Z,NY,36,3,1,0,5000000,41.33,-74.53,41.33,-74.47,7.2,80,1,1,71,0,0,0,FALSE,1
383,1988,7,21,7/21/1988,16:00:00,America/Chicago,1988-07-21T21:00:00Z,NY,36,1,0,0,50000,41.87,-73.72,0,0,0.8,200,1,1,27,0,0,0,FALSE,0
457,1988,8,27,8/27/1988,19:10:00,America/Chicago,1988-08-28T00:10:00Z,NY,36,1,0,0,5000000,42.02,-76.37,42.07,-76.15,11.6,880,1,1,107,0,0,0,FALSE,0
460,1988,8,28,8/28/1988,13:30:00,America/Chicago,1988-08-28T18:30:00Z,NY,36,1,1,1,500000,42.5,-76.87,42.52,-76.62,13,880,1,1,97,109,0,0,FALSE,2
425,1988,8,9,8/9/1988,20:30:00,America/Chicago,1988-08-10T01:30:00Z,NY,36,0,0,0,5000,44.68,-74.98,0,0,0.5,17,1,1,89,0,0,0,FALSE,0
780,1989,10,14,10/14/1989,16:15:00,America/Chicago,1989-10-14T21:15:00Z,NY,36,2,3,2,50000,42.5,-75.77,0,0,2,300,1,1,17,0,0,0,FALSE,5
826,1989,11,16,11/16/1989,09:15:00,America/Chicago,1989-11-16T15:15:00Z,NY,36,0,0,0,500000,42.75,-75.72,0,0,1.7,100,1,1,53,0,0,0,FALSE,0
833,1989,11,16,11/16/1989,10:15:00,America/Chicago,1989-11-16T16:15:00Z,NY,36,0,0,0,NA,41.28,-73.93,0,0,0.5,13,1,1,119,0,0,0,FALSE,0
836,1989,11,16,11/16/1989,10:40:00,America/Chicago,1989-11-16T16:40:00Z,NY,36,1,0,0,50000000,41.48,-74.93,0,0,1.5,200,1,1,105,0,0,0,FALSE,0
839,1989,11,16,11/16/1989,11:05:00,America/Chicago,1989-11-16T17:05:00Z,NY,36,1,18,9,50000000,41.32,-74.2,41.52,-74.15,9.1,100,1,1,71,0,0,0,FALSE,27
842,1989,11,16,11/16/1989,11:30:00,America/Chicago,1989-11-16T17:30:00Z,NY,36,0,0,0,NA,43.97,-74.48,0,0,1.7,100,1,1,41,0,0,0,FALSE,0
843,1989,11,16,11/16/1989,12:20:00,America/Chicago,1989-11-16T18:20:00Z,NY,36,1,1,0,500000,43.15,-73.9,0,0,0.3,20,1,1,91,0,0,0,FALSE,1
844,1989,11,16,11/16/1989,12:50:00,America/Chicago,1989-11-16T18:50:00Z,NY,36,0,0,0,50000,43.2,-73.67,0,0,0.1,23,1,1,91,0,0,0,FALSE,0
845,1989,11,16,11/16/1989,13:30:00,America/Chicago,1989-11-16T19:30:00Z,NY,36,0,0,0,50000,42.95,-73.43,0,0,0.1,17,1,1,83,0,0,0,FALSE,0
595,1989,6,24,6/24/1989,12:39:00,America/Chicago,1989-06-24T17:39:00Z,NY,36,1,0,0,5000,43.3,-75.53,0,0,1.5,73,1,1,65,0,0,0,FALSE,0
649,1989,7,10,7/10/1989,03:20:00,America/Chicago,1989-07-10T08:20:00Z,NY,36,1,1,0,50000,44.7,-75.5,0,0,1.7,30,1,1,89,0,0,0,FALSE,1
650,1989,7,10,7/10/1989,11:27:00,America/Chicago,1989-07-10T16:27:00Z,NY,36,4,20,0,50000000,42.83,-74.53,42.38,-74.03,42,1320,1,1,57,95,1,39,FALSE,20
661,1989,7,10,7/10/1989,15:58:00,America/Chicago,1989-07-10T20:58:00Z,NY,36,2,5,0,50000000,41.42,-73.68,0,0,0.5,100,1,1,79,0,0,0,FALSE,5
663,1989,7,10,7/10/1989,17:15:00,America/Chicago,1989-07-10T22:15:00Z,NY,36,2,1,0,NA,40.82,-72.78,0,0,0.2,40,1,1,103,0,0,0,FALSE,1
689,1989,7,19,7/19/1989,14:30:00,America/Chicago,1989-07-19T19:30:00Z,NY,36,0,0,0,5000,42.17,-79.38,0,0,0.1,10,1,1,13,0,0,0,FALSE,0
1059,1990,10,13,10/13/1990,11:35:00,America/Chicago,1990-10-13T16:35:00Z,NY,36,1,0,0,500000,41.77,-75.03,41.8,-74.98,3,107,1,1,105,0,0,0,FALSE,0
1072,1990,10,18,10/18/1990,17:38:00,America/Chicago,1990-10-18T22:38:00Z,NY,36,0,1,0,NA,41.12,-74.15,0,0,1,200,1,1,87,0,0,0,FALSE,1
257,1990,4,28,4/28/1990,12:30:00,America/Chicago,1990-04-28T17:30:00Z,NY,36,0,1,0,50000,42.2,-73.97,0,0,0.2,10,1,1,39,0,0,0,FALSE,1
371,1990,5,17,5/17/1990,13:12:00,America/Chicago,1990-05-17T18:12:00Z,NY,36,0,1,0,500000,42.83,-74.9,0,0,0.5,13,1,1,43,0,0,0,FALSE,1
786,1990,6,21,6/21/1990,14:45:00,America/Chicago,1990-06-21T19:45:00Z,NY,36,1,0,0,500000,42.18,-74.78,0,0,0.7,220,1,1,25,0,0,0,FALSE,0
827,1990,6,29,6/29/1990,16:57:00,America/Chicago,1990-06-29T21:57:00Z,NY,36,0,0,0,500000,41.52,-74.15,0,0,0.4,30,1,1,71,0,0,0,FALSE,0
831,1990,6,29,6/29/1990,17:48:00,America/Chicago,1990-06-29T22:48:00Z,NY,36,0,0,0,50000,41.37,-73.75,0,0,0.5,50,1,1,79,0,0,0,FALSE,0
670,1990,6,9,6/9/1990,20:33:00,America/Chicago,1990-06-10T01:33:00Z,NY,36,0,0,0,500000,42.18,-75.12,0,0,0.3,50,1,1,25,0,0,0,FALSE,0
925,1990,7,23,7/23/1990,08:15:00,America/Chicago,1990-07-23T13:15:00Z,NY,36,2,0,0,50000,43.13,-75.58,43.25,-75.27,17,77,1,1,65,0,0,0,FALSE,0
959,1990,8,10,8/10/1990,13:45:00,America/Chicago,1990-08-10T18:45:00Z,NY,36,0,3,0,NA,40.57,-74.1,0,0,2,17,1,1,85,0,0,0,FALSE,3
995,1990,8,28,8/28/1990,16:20:00,America/Chicago,1990-08-28T21:20:00Z,NY,36,2,0,0,500000,42.5,-76.87,0,0,2.5,100,1,1,97,0,0,0,FALSE,0
993,1990,8,28,8/28/1990,16:50:00,America/Chicago,1990-08-28T21:50:00Z,NY,36,0,0,0,500000,42.15,-79.22,42.15,-79.1,4,100,1,1,13,0,0,0,FALSE,0
994,1990,8,28,8/28/1990,17:15:00,America/Chicago,1990-08-28T22:15:00Z,NY,36,0,2,0,50000,42.02,-78.83,0,0,0.5,60,1,1,9,0,0,0,FALSE,2
996,1990,8,28,8/28/1990,18:01:00,America/Chicago,1990-08-28T23:01:00Z,NY,36,0,0,0,50000,43.07,-76.27,43.05,-76.13,6,37,1,1,67,0,0,0,FALSE,0
997,1990,8,28,8/28/1990,18:20:00,America/Chicago,1990-08-28T23:20:00Z,NY,36,1,3,0,5000000,43,-75.17,0,0,2,57,1,1,43,0,0,0,FALSE,3
998,1990,8,28,8/28/1990,19:30:00,America/Chicago,1990-08-29T00:30:00Z,NY,36,0,0,0,500000,42.75,-74.1,0,0,0.3,10,1,1,1,0,0,0,FALSE,0
400,1991,4,30,4/30/1991,14:20:00,America/Chicago,1991-04-30T19:20:00Z,NY,36,1,0,0,500000,43,-76.53,0,0,0.1,23,1,1,11,0,0,0,FALSE,0
217,1991,4,9,4/9/1991,13:45:00,America/Chicago,1991-04-09T18:45:00Z,NY,36,0,0,0,50000,42.47,-79.17,0,0,0.5,10,1,1,13,0,0,0,FALSE,0
219,1991,4,9,4/9/1991,14:15:00,America/Chicago,1991-04-09T19:15:00Z,NY,36,1,0,0,50000,42.5,-78.65,0,0,0.5,10,1,1,29,0,0,0,FALSE,0
221,1991,4,9,4/9/1991,15:30:00,America/Chicago,1991-04-09T20:30:00Z,NY,36,1,0,0,500000,42.63,-77.62,0,0,0.5,30,1,1,51,0,0,0,FALSE,0
402,1991,5,1,5/1/1991,11:40:00,America/Chicago,1991-05-01T16:40:00Z,NY,36,0,0,0,500000,42.65,-78.88,0,0,0.5,10,1,1,29,0,0,0,FALSE,0
403,1991,5,1,5/1/1991,12:15:00,America/Chicago,1991-05-01T17:15:00Z,NY,36,1,0,0,50000,42.65,-78.4,0,0,0.2,50,1,1,121,0,0,0,FALSE,0
406,1991,5,1,5/1/1991,16:45:00,America/Chicago,1991-05-01T21:45:00Z,NY,36,1,0,0,5000,43.1,-74.27,0,0,0.5,100,1,1,35,0,0,0,FALSE,0
840,1991,6,12,6/12/1991,13:10:00,America/Chicago,1991-06-12T18:10:00Z,NY,36,0,0,1,50000,41.15,-73.83,0,0,0.7,50,1,1,119,0,0,0,FALSE,1
1050,1991,8,19,8/19/1991,10:30:00,America/Chicago,1991-08-19T15:30:00Z,NY,36,1,0,0,NA,40.95,-72.47,0,0,0.2,40,1,1,103,0,0,0,FALSE,0
1051,1991,8,19,8/19/1991,11:00:00,America/Chicago,1991-08-19T16:00:00Z,NY,36,1,0,0,NA,40.95,-72.83,0,0,0.2,100,1,1,103,0,0,0,FALSE,0
153,1992,5,2,5/2/1992,13:10:00,America/Chicago,1992-05-02T18:10:00Z,NY,36,0,0,0,50000,42.68,-75.5,0,0,0.2,50,1,1,17,0,0,0,FALSE,0
154,1992,5,2,5/2/1992,13:10:00,America/Chicago,1992-05-02T18:10:00Z,NY,36,1,0,0,500000,42.68,-75.5,0,0,1,100,1,1,17,0,0,0,FALSE,0
155,1992,5,2,5/2/1992,14:05:00,America/Chicago,1992-05-02T19:05:00Z,NY,36,1,0,0,500000,42.67,-74.45,42.6,-74.35,6,73,1,1,95,0,0,0,FALSE,0
156,1992,5,2,5/2/1992,14:25:00,America/Chicago,1992-05-02T19:25:00Z,NY,36,1,0,0,500000,42.7,-73.38,0,0,2,100,1,1,83,0,0,0,FALSE,0
157,1992,5,2,5/2/1992,14:25:00,America/Chicago,1992-05-02T19:25:00Z,NY,36,1,0,0,50000,42.7,-73.38,0,0,0.5,20,1,1,83,0,0,0,FALSE,0
617,1992,6,24,6/24/1992,14:30:00,America/Chicago,1992-06-24T19:30:00Z,NY,36,1,0,0,500000,42.93,-74.18,0,0,2.5,50,1,1,57,0,0,0,FALSE,0
785,1992,7,12,7/12/1992,18:35:00,America/Chicago,1992-07-12T23:35:00Z,NY,36,2,0,0,5000000,42.43,-79.33,42.48,-79.27,4,23,1,1,13,0,0,0,FALSE,0
786,1992,7,12,7/12/1992,19:10:00,America/Chicago,1992-07-13T00:10:00Z,NY,36,1,0,0,500,42.97,-78.52,0,0,0.5,20,1,1,29,0,0,0,FALSE,0
805,1992,7,14,7/14/1992,14:15:00,America/Chicago,1992-07-14T19:15:00Z,NY,36,1,0,0,50000,42.15,-75.73,0,0,0.1,13,1,1,7,0,0,0,FALSE,0
832,1992,7,17,7/17/1992,15:00:00,America/Chicago,1992-07-17T20:00:00Z,NY,36,1,0,0,50000,42.33,-78.45,0,0,0.5,20,1,1,9,0,0,0,FALSE,0
896,1992,7,31,7/31/1992,14:15:00,America/Chicago,1992-07-31T19:15:00Z,NY,36,1,0,0,50000,42.73,-75.93,0,0,0.5,60,1,1,23,0,0,0,FALSE,0
901,1992,7,31,7/31/1992,17:10:00,America/Chicago,1992-07-31T22:10:00Z,NY,36,1,0,0,5000000,41.73,-73.92,41.9,-73.58,22.7,73,1,1,27,0,0,0,FALSE,0
717,1992,7,5,7/5/1992,12:00:00,America/Chicago,1992-07-05T17:00:00Z,NY,36,0,0,0,50000,42.98,-74.55,0,0,0.8,13,1,1,35,0,0,0,FALSE,0
719,1992,7,5,7/5/1992,12:15:00,America/Chicago,1992-07-05T17:15:00Z,NY,36,0,0,0,50000,43.02,-74.38,0,0,0.8,50,1,1,35,0,0,0,FALSE,0
720,1992,7,5,7/5/1992,12:40:00,America/Chicago,1992-07-05T17:40:00Z,NY,36,0,0,0,50000,42.93,-73.97,0,0,1,23,1,1,91,0,0,0,FALSE,0
721,1992,7,5,7/5/1992,13:12:00,America/Chicago,1992-07-05T18:12:00Z,NY,36,0,0,0,50000,42.93,-73.65,0,0,1.5,20,1,1,91,0,0,0,FALSE,0
722,1992,7,5,7/5/1992,14:00:00,America/Chicago,1992-07-05T19:00:00Z,NY,36,0,0,0,500000,41.53,-73.92,0,0,0.1,20,1,1,27,0,0,0,FALSE,0
723,1992,7,5,7/5/1992,14:00:00,America/Chicago,1992-07-05T19:00:00Z,NY,36,1,0,0,5000000,42.8,-74.97,0,0,1.2,50,1,1,77,0,0,0,FALSE,0
725,1992,7,5,7/5/1992,16:00:00,America/Chicago,1992-07-05T21:00:00Z,NY,36,0,0,0,50000,42.52,-76.18,0,0,1.5,33,1,1,23,0,0,0,FALSE,0
911,1992,8,4,8/4/1992,11:00:00,America/Chicago,1992-08-04T16:00:00Z,NY,36,1,0,0,50000,43.37,-73.4,0,0,1,100,1,1,115,0,0,0,FALSE,0
912,1992,8,4,8/4/1992,11:05:00,America/Chicago,1992-08-04T16:05:00Z,NY,36,0,0,0,50000,43.07,-74.82,0,0,0.2,10,1,1,43,0,0,0,FALSE,0
1027,1992,9,3,9/3/1992,13:25:00,America/Chicago,1992-09-03T18:25:00Z,NY,36,0,0,0,50000,42.93,-75.27,0,0,0.5,50,1,1,65,0,0,0,FALSE,0
1028,1992,9,3,9/3/1992,13:55:00,America/Chicago,1992-09-03T18:55:00Z,NY,36,1,6,0,5000000,42.12,-76.05,42.12,-76.02,6,270,1,1,7,0,0,0,FALSE,6
1029,1992,9,3,9/3/1992,15:10:00,America/Chicago,1992-09-03T20:10:00Z,NY,36,0,0,0,NA,41.02,-73.78,40.98,-73.68,12,70,1,1,119,0,0,0,FALSE,0
1030,1992,9,3,9/3/1992,16:00:00,America/Chicago,1992-09-03T21:00:00Z,NY,36,0,0,0,500000,42.03,-76.13,0,0,0.5,33,1,1,107,0,0,0,FALSE,0
325,1993,5,15,5/15/1993,16:25:00,America/Chicago,1993-05-15T21:25:00Z,NY,36,0,0,0,50000,43.32,-75.27,0,0,1,100,1,1,65,0,0,0,FALSE,0
326,1993,5,15,5/15/1993,17:30:00,America/Chicago,1993-05-15T22:30:00Z,NY,36,1,2,0,500000,42.72,-75.78,0,0,2.5,127,1,1,17,0,0,0,FALSE,2
525,1993,6,15,6/15/1993,12:05:00,America/Chicago,1993-06-15T17:05:00Z,NY,36,0,0,0,5000,43.25,-76.73,0,0,0.5,100,1,1,117,0,0,0,FALSE,0
526,1993,6,15,6/15/1993,13:15:00,America/Chicago,1993-06-15T18:15:00Z,NY,36,0,0,0,50000,43.25,-76,0,0,1,50,1,1,75,0,0,0,FALSE,0
556,1993,6,21,6/21/1993,09:20:00,America/Chicago,1993-06-21T14:20:00Z,NY,36,0,0,0,50000,44.67,-74.98,0,0,0.4,20,1,1,89,0,0,0,FALSE,0
624,1993,6,28,6/28/1993,17:00:00,America/Chicago,1993-06-28T22:00:00Z,NY,36,1,2,0,500000,42.52,-77.17,0,0,2.5,587,1,1,101,0,0,0,FALSE,2
790,1993,7,11,7/11/1993,21:35:00,America/Chicago,1993-07-12T02:35:00Z,NY,36,1,0,0,500000,42.4,-79.23,0,0,0.5,10,1,1,13,0,0,0,FALSE,0
912,1993,7,29,7/29/1993,15:45:00,America/Chicago,1993-07-29T20:45:00Z,NY,36,0,0,0,50,43.15,-75.98,0,0,0.3,23,1,1,53,0,0,0,FALSE,0
911,1993,7,29,7/29/1993,16:45:00,America/Chicago,1993-07-29T21:45:00Z,NY,36,0,0,0,5000,43.08,-76,0,0,0.7,23,1,1,67,0,0,0,FALSE,0
748,1993,7,8,7/8/1993,11:25:00,America/Chicago,1993-07-08T16:25:00Z,NY,36,0,0,0,50000,43.42,-73.27,0,0,0.5,50,1,1,115,0,0,0,FALSE,0
1001,1993,8,20,8/20/1993,14:40:00,America/Chicago,1993-08-20T19:40:00Z,NY,36,0,0,0,500000,43.72,-76.07,0,0,0.2,13,1,1,45,0,0,0,FALSE,0
1000,1993,8,20,8/20/1993,15:40:00,America/Chicago,1993-08-20T20:40:00Z,NY,36,0,0,0,500000,43.65,-76.1,0,0,0.2,13,1,1,75,0,0,0,FALSE,0
1010,1993,8,24,8/24/1993,13:40:00,America/Chicago,1993-08-24T18:40:00Z,NY,36,1,0,0,500000,43.07,-76.17,0,0,0.3,20,1,1,67,0,0,0,FALSE,0
1026,1993,8,31,8/31/1993,01:15:00,America/Chicago,1993-08-31T06:15:00Z,NY,36,1,0,0,500000,42.98,-78.58,0,0,0.8,50,1,1,29,0,0,0,FALSE,0
917,1993,8,2,8/2/1993,08:20:00,America/Chicago,1993-08-02T13:20:00Z,NY,36,0,0,0,50000,43.47,-76.23,0,0,1.5,20,1,1,75,0,0,0,FALSE,0
1040,1993,9,10,9/10/1993,13:40:00,America/Chicago,1993-09-10T18:40:00Z,NY,36,1,0,0,50000,42.08,-73.95,0,0,0.2,50,1,1,111,0,0,0,FALSE,0
1081,1993,9,23,9/23/1993,12:30:00,America/Chicago,1993-09-23T17:30:00Z,NY,36,0,0,0,50000,43.03,-78.9,0,0,2,23,1,1,29,0,0,0,FALSE,0
1031,1993,9,3,9/3/1993,11:15:00,America/Chicago,1993-09-03T16:15:00Z,NY,36,1,0,2,500000,43,-78.18,43.05,-78.12,4.2,63,1,1,37,0,0,0,FALSE,2
1032,1993,9,3,9/3/1993,12:20:00,America/Chicago,1993-09-03T17:20:00Z,NY,36,2,0,0,500000,42.3,-78.02,42.33,-77.97,3.5,50,1,1,3,0,0,0,FALSE,0
1033,1993,9,3,9/3/1993,14:15:00,America/Chicago,1993-09-03T19:15:00Z,NY,36,0,0,0,500000,42.52,-77.28,0,0,1.5,10,1,1,101,0,0,0,FALSE,0
1034,1993,9,3,9/3/1993,14:40:00,America/Chicago,1993-09-03T19:40:00Z,NY,36,1,0,0,NA,43.93,-74.77,44.05,-74.7,6,440,1,1,41,0,0,0,FALSE,0
254,1994,4,27,4/27/1994,12:30:00,America/Chicago,1994-04-27T17:30:00Z,NY,36,1,0,0,50000,42.95,-73.4,0,0,1.5,23,1,1,83,0,0,0,FALSE,0
405,1994,5,26,5/26/1994,11:45:00,America/Chicago,1994-05-26T16:45:00Z,NY,36,1,0,0,50000,43.3,-75.52,0,0,0.3,10,1,1,65,0,0,0,FALSE,0
404,1994,5,26,5/26/1994,12:15:00,America/Chicago,1994-05-26T17:15:00Z,NY,36,0,0,0,50000,43.28,-76.15,0,0,0.1,10,1,1,75,0,0,0,FALSE,0
548,1994,6,13,6/13/1994,15:25:00,America/Chicago,1994-06-13T20:25:00Z,NY,36,1,0,0,500000,42.48,-78.33,0,0,1,17,1,1,9,0,0,0,FALSE,0
549,1994,6,13,6/13/1994,15:35:00,America/Chicago,1994-06-13T20:35:00Z,NY,36,2,1,0,NA,42.22,-79.1,42.22,-79.05,3,33,1,1,13,9,0,0,FALSE,1
584,1994,6,24,6/24/1994,14:25:00,America/Chicago,1994-06-24T19:25:00Z,NY,36,0,0,0,50000,42.63,-79.03,0,0,0.1,10,1,1,29,0,0,0,FALSE,0
927,1994,8,20,8/20/1994,23:30:00,America/Chicago,1994-08-21T04:30:00Z,NY,36,1,0,0,500000,42.87,-76.98,0,0,2,100,1,1,69,0,0,0,FALSE,0
929,1994,8,21,8/21/1994,07:15:00,America/Chicago,1994-08-21T12:15:00Z,NY,36,0,0,0,500000,42.48,-76.3,0,0,1,100,1,1,109,0,0,0,FALSE,0
930,1994,8,21,8/21/1994,11:15:00,America/Chicago,1994-08-21T16:15:00Z,NY,36,1,1,0,500000,43.17,-73.58,0,0,1.2,50,1,1,115,0,0,0,FALSE,1
932,1994,8,25,8/25/1994,13:05:00,America/Chicago,1994-08-25T18:05:00Z,NY,36,0,0,0,50000,43.17,-78.7,0,0,2,30,1,1,63,0,0,0,FALSE,0
949,1994,8,28,8/28/1994,11:10:00,America/Chicago,1994-08-28T16:10:00Z,NY,36,0,0,0,50000,43.17,-78.7,0,0,0.6,10,1,1,63,0,0,0,FALSE,0
950,1994,8,28,8/28/1994,11:30:00,America/Chicago,1994-08-28T16:30:00Z,NY,36,1,2,0,500000,42.43,-79.33,0,0,2,10,1,1,13,0,0,0,FALSE,2
951,1994,8,28,8/28/1994,11:30:00,America/Chicago,1994-08-28T16:30:00Z,NY,36,0,0,0,50000,43.02,-78.8,0,0,0.3,10,1,1,29,0,0,0,FALSE,0
1137,1995,10,28,10/28/1995,02:45:00,America/Chicago,1995-10-28T07:45:00Z,NY,36,1,0,0,500000,40.58,-74.15,0,0,1.6,70,1,1,85,0,0,0,FALSE,0
594,1995,5,29,5/29/1995,15:10:00,America/Chicago,1995-05-29T20:10:00Z,NY,36,0,0,0,5000,41.5,-74.15,0,0,0.5,50,1,1,71,0,0,0,FALSE,0
595,1995,5,29,5/29/1995,16:40:00,America/Chicago,1995-05-29T21:40:00Z,NY,36,2,5,0,50000000,42.2,-73.78,42.2,-73.52,15,300,1,1,21,0,0,0,FALSE,5
941,1995,7,23,7/23/1995,16:30:00,America/Chicago,1995-07-23T21:30:00Z,NY,36,1,0,0,NA,40.72,-73.45,0,0,0.2,130,1,1,59,0,0,0,FALSE,0
942,1995,7,23,7/23/1995,16:46:00,America/Chicago,1995-07-23T21:46:00Z,NY,36,0,0,0,500000,40.73,-73.32,0,0,0.1,33,1,1,103,0,0,0,FALSE,0
1042,1995,8,31,8/31/1995,12:20:00,America/Chicago,1995-08-31T17:20:00Z,NY,36,0,1,0,50000,43.42,-76.13,0,0,0.1,10,1,1,75,0,0,0,FALSE,1
634,1996,11,8,11/8/1996,11:35:00,America/Chicago,1996-11-08T17:35:00Z,NY,36,0,0,0,70000,42.43,-75.6,42.53,-75.52,1.2,200,1,1,17,0,0,0,FALSE,0
974,1996,4,30,4/30/1996,15:30:00,America/Chicago,1996-04-30T20:30:00Z,NY,36,0,0,0,NA,41.45,-74.42,41.45,-74.42,0.2,33,1,1,71,0,0,0,FALSE,0
412,1996,6,22,6/22/1996,10:10:00,America/Chicago,1996-06-22T15:10:00Z,NY,36,1,0,0,120000,42.73,-77.4,42.7,-77.27,3,50,1,1,69,123,0,0,FALSE,0
653,1996,7,15,7/15/1996,11:20:00,America/Chicago,1996-07-15T16:20:00Z,NY,36,1,0,0,30000,42.98,-77.4,42.98,-77.4,0.5,15,1,1,69,0,0,0,FALSE,0
654,1996,7,15,7/15/1996,13:00:00,America/Chicago,1996-07-15T18:00:00Z,NY,36,0,3,0,40000,43.48,-76.73,43.48,-76.73,0.5,10,1,1,75,0,0,0,FALSE,3
655,1996,7,30,7/30/1996,17:20:00,America/Chicago,1996-07-30T22:20:00Z,NY,36,0,0,0,20000,42.47,-77.78,42.47,-77.78,0.5,10,1,1,3,0,0,0,FALSE,0
744,1996,8,26,8/26/1996,15:00:00,America/Chicago,1996-08-26T20:00:00Z,NY,36,0,0,0,NA,43.13,-75.58,43.13,-75.58,0.2,50,1,1,65,0,0,0,FALSE,0
1158,1996,9,28,9/28/1996,18:20:00,America/Chicago,1996-09-28T23:20:00Z,NY,36,1,1,0,500000,41.65,-74.7,41.65,-74.7,1.7,100,1,1,105,0,0,0,FALSE,1
431,1997,6,26,6/26/1997,15:25:00,America/Chicago,1997-06-26T20:25:00Z,NY,36,0,0,0,NA,40.68,-73,40.68,-73,0.1,20,1,1,103,0,0,0,FALSE,0
901,1997,7,3,7/3/1997,15:23:00,America/Chicago,1997-07-03T20:23:00Z,NY,36,1,0,0,60000,42.12,-73.6,42.15,-73.48,5.3,100,1,1,21,0,0,0,FALSE,0
902,1997,7,3,7/3/1997,17:17:00,America/Chicago,1997-07-03T22:17:00Z,NY,36,1,0,0,150000,42.4,-73.43,42.4,-73.42,1.2,200,1,1,21,0,0,0,FALSE,0
903,1997,7,3,7/3/1997,17:20:00,America/Chicago,1997-07-03T22:20:00Z,NY,36,2,0,0,600000,42.4,-73.42,42.38,-73.55,1.5,100,2,0,0,0,0,0,FALSE,0
424,1997,7,8,7/8/1997,14:18:00,America/Chicago,1997-07-08T19:18:00Z,NY,36,0,0,0,40000,42.08,-77.93,42.08,-77.93,0.2,13,1,1,3,0,0,0,FALSE,0
529,1997,9,25,9/25/1997,16:00:00,America/Chicago,1997-09-25T21:00:00Z,NY,36,0,0,0,10000,42.65,-79.03,42.65,-79.03,0.2,10,1,1,29,0,0,0,FALSE,0
260,1998,5,31,5/31/1998,14:22:00,America/Chicago,1998-05-31T19:22:00Z,NY,36,3,68,0,70630000,42.92,-73.77,42.93,-73.18,30.5,970,2,0,0,0,0,0,FALSE,68
1007,1998,5,31,5/31/1998,14:37:00,America/Chicago,1998-05-31T19:37:00Z,NY,36,1,0,0,30000,42.73,-73.87,42.75,-73.77,3.5,80,1,1,1,0,0,0,FALSE,0
1044,1998,5,31,5/31/1998,14:45:00,America/Chicago,1998-05-31T19:45:00Z,NY,36,0,0,0,150000,42.47,-74.85,42.5,-74.83,3,80,1,1,25,0,0,0,FALSE,0
173,1998,5,31,5/31/1998,15:05:00,America/Chicago,1998-05-31T20:05:00Z,NY,36,1,2,0,70000,42.38,-79.43,42.38,-79.43,2,30,1,1,13,0,0,0,FALSE,2
1041,1998,5,31,5/31/1998,15:30:00,America/Chicago,1998-05-31T20:30:00Z,NY,36,3,12,0,2550000,42.07,-76.15,42.08,-75,62,200,1,1,107,7,25,0,FALSE,12
1042,1998,5,31,5/31/1998,15:50:00,America/Chicago,1998-05-31T20:50:00Z,NY,36,2,0,0,500000,42.62,-75.6,42.62,-75.6,1,1500,1,1,17,0,0,0,FALSE,0
1043,1998,5,31,5/31/1998,16:00:00,America/Chicago,1998-05-31T21:00:00Z,NY,36,0,0,0,140000,42.62,-75.53,42.62,-75.53,0.5,80,1,1,17,0,0,0,FALSE,0
1045,1998,5,31,5/31/1998,16:25:00,America/Chicago,1998-05-31T21:25:00Z,NY,36,0,0,0,70000,42.53,-74.97,42.53,-74.88,0.7,30,1,1,77,0,0,0,FALSE,0
1046,1998,5,31,5/31/1998,16:30:00,America/Chicago,1998-05-31T21:30:00Z,NY,36,3,3,0,800000,42.53,-75.1,42.58,-74.93,5,800,1,1,77,0,0,0,FALSE,3
1008,1998,5,31,5/31/1998,17:22:00,America/Chicago,1998-05-31T22:22:00Z,NY,36,2,0,0,180000,42.58,-73.65,42.6,-73.52,8,200,1,1,83,0,0,0,FALSE,0
444,1998,6,26,6/26/1998,19:02:00,America/Chicago,1998-06-27T00:02:00Z,NY,36,1,0,0,250000,42.17,-75.08,42.17,-75.08,3.5,100,1,1,25,0,0,0,FALSE,0
362,1998,6,26,6/26/1998,19:22:00,America/Chicago,1998-06-27T00:22:00Z,NY,36,1,0,0,150000,42.67,-74.72,42.63,-74.62,5.7,200,1,1,111,0,0,0,FALSE,0
1221,1998,6,30,6/30/1998,06:15:00,America/Chicago,1998-06-30T11:15:00Z,NY,36,1,0,0,NA,40.83,-73.12,40.83,-73.12,0.3,300,1,1,103,0,0,0,FALSE,0
1222,1998,6,30,6/30/1998,06:20:00,America/Chicago,1998-06-30T11:20:00Z,NY,36,0,0,0,NA,40.85,-73.03,40.85,-73.03,0.1,100,1,1,103,0,0,0,FALSE,0
1223,1998,6,30,6/30/1998,18:40:00,America/Chicago,1998-06-30T23:40:00Z,NY,36,1,0,0,NA,40.95,-73.02,40.95,-73.02,0.3,80,1,1,103,0,0,0,FALSE,0
446,1998,6,2,6/2/1998,16:45:00,America/Chicago,1998-06-02T21:45:00Z,NY,36,2,0,0,1000000,42.75,-78.25,42.63,-78.05,15,250,1,1,121,0,0,0,FALSE,0
1139,1998,6,2,6/2/1998,17:50:00,America/Chicago,1998-06-02T22:50:00Z,NY,36,1,0,0,150000,42.53,-75.88,42.53,-75.88,0.1,60,1,1,23,0,0,0,FALSE,0
1138,1998,6,2,6/2/1998,17:53:00,America/Chicago,1998-06-02T22:53:00Z,NY,36,1,0,0,250000,42.58,-75.85,42.58,-75.85,0.3,100,1,1,17,0,0,0,FALSE,0
1297,1998,9,7,9/7/1998,12:55:00,America/Chicago,1998-09-07T17:55:00Z,NY,36,2,6,0,1000000,40.65,-73.68,40.65,-73.68,0.2,200,1,1,59,0,0,0,FALSE,6
642,1999,8,8,8/8/1999,06:28:00,America/Chicago,1999-08-08T11:28:00Z,NY,36,2,1,0,1000000,41,-72.52,41,-72.47,4,300,1,1,103,0,0,0,FALSE,1
868,2000,5,18,5/18/2000,15:25:00,America/Chicago,2000-05-18T20:25:00Z,NY,36,2,0,0,50000,41.82,-73.97,41.82,-73.97,0.2,50,1,1,111,0,0,0,FALSE,0
867,2000,5,18,5/18/2000,15:30:00,America/Chicago,2000-05-18T20:30:00Z,NY,36,0,0,0,70000,41.73,-73.92,41.73,-73.92,0.1,20,1,1,27,0,0,0,FALSE,0
337,2000,6,2,6/2/2000,16:30:00,America/Chicago,2000-06-02T21:30:00Z,NY,36,0,0,0,250000,41.63,-74.6,41.63,-74.6,1,200,1,1,105,0,0,0,FALSE,0
377,2000,6,2,6/2/2000,17:05:00,America/Chicago,2000-06-02T22:05:00Z,NY,36,1,2,0,NA,41.28,-73.93,41.28,-73.93,0.3,30,1,1,119,0,0,0,FALSE,2
501,2000,9,15,9/15/2000,04:20:00,America/Chicago,2000-09-15T09:20:00Z,NY,36,1,0,0,NA,41.07,-72.42,41.07,-72.42,0.1,20,1,1,103,0,0,0,FALSE,0
1027,2001,6,30,6/30/2001,23:30:00,America/Chicago,2001-07-01T04:30:00Z,NY,36,0,0,0,NA,40.88,-72.5,40.88,-72.5,0.1,50,1,1,103,0,0,0,FALSE,0
1028,2001,6,30,6/30/2001,23:35:00,America/Chicago,2001-07-01T04:35:00Z,NY,36,0,0,0,NA,40.88,-72.47,40.88,-72.47,0.1,40,1,1,103,0,0,0,FALSE,0
369,2001,9,24,9/24/2001,12:45:00,America/Chicago,2001-09-24T17:45:00Z,NY,36,0,0,0,1000,42.83,-75.98,42.83,-75.98,0.5,75,1,1,67,0,0,0,FALSE,0
536,2002,4,28,4/28/2002,12:50:00,America/Chicago,2002-04-28T17:50:00Z,NY,36,0,0,0,40000,42.55,-78.63,42.55,-78.63,0.7,25,1,1,29,0,0,0,FALSE,0
537,2002,4,28,4/28/2002,13:50:00,America/Chicago,2002-04-28T18:50:00Z,NY,36,2,0,0,500000,42.33,-78.12,42.3,-78.02,6.5,300,1,1,3,0,0,0,FALSE,0
678,2002,5,31,5/31/2002,11:55:00,America/Chicago,2002-05-31T16:55:00Z,NY,36,1,0,0,200000,43.02,-74.38,43.02,-74.38,0.1,25,1,1,35,0,0,0,FALSE,0
124,2002,5,31,5/31/2002,13:45:00,America/Chicago,2002-05-31T18:45:00Z,NY,36,1,7,0,600000,42.13,-76.27,42.13,-76.15,6,1000,1,1,107,0,0,0,FALSE,7
125,2002,5,31,5/31/2002,13:55:00,America/Chicago,2002-05-31T18:55:00Z,NY,36,0,0,0,10000,42.15,-76.08,42.15,-76.08,0.3,75,1,1,7,0,0,0,FALSE,0
126,2002,5,31,5/31/2002,14:10:00,America/Chicago,2002-05-31T19:10:00Z,NY,36,0,0,0,10000,41.98,-75.5,42,-75.48,0.7,100,1,1,7,0,0,0,FALSE,0
129,2002,5,31,5/31/2002,14:46:00,America/Chicago,2002-05-31T19:46:00Z,NY,36,0,0,0,10000,42.67,-74.97,42.67,-74.92,3,150,1,1,77,0,0,0,FALSE,0
127,2002,5,31,5/31/2002,15:00:00,America/Chicago,2002-05-31T20:00:00Z,NY,36,1,1,0,20000,41.87,-75.2,41.87,-75.18,1.5,300,2,0,0,0,0,0,FALSE,1
679,2002,5,31,5/31/2002,17:03:00,America/Chicago,2002-05-31T22:03:00Z,NY,36,1,0,0,40000,41.55,-73.67,41.55,-73.67,0.5,100,1,1,27,0,0,0,FALSE,0
756,2002,6,16,6/16/2002,10:50:00,America/Chicago,2002-06-16T15:50:00Z,NY,36,0,0,0,70000,42.93,-74.18,42.93,-74.18,3.2,75,1,1,57,0,0,0,FALSE,0
755,2002,6,16,6/16/2002,13:00:00,America/Chicago,2002-06-16T18:00:00Z,NY,36,1,0,0,20000,41.57,-73.6,41.57,-73.6,1,125,1,1,27,0,0,0,FALSE,0
171,2002,6,5,6/5/2002,17:55:00,America/Chicago,2002-06-05T22:55:00Z,NY,36,0,0,0,50000,42.27,-75.48,42.27,-75.5,1.1,300,1,1,17,0,0,0,FALSE,0
210,2002,7,28,7/28/2002,16:40:00,America/Chicago,2002-07-28T21:40:00Z,NY,36,1,0,0,2000000,42.97,-76.43,42.97,-76.43,0.1,50,1,1,67,0,0,0,FALSE,0
259,2002,8,22,8/22/2002,13:45:00,America/Chicago,2002-08-22T18:45:00Z,NY,36,1,0,0,40000,42.17,-77.98,42.17,-77.98,4,150,1,1,3,0,0,0,FALSE,0
667,2003,10,27,10/27/2003,15:20:00,America/Chicago,2003-10-27T21:20:00Z,NY,36,0,0,0,NA,40.6,-74.2,40.6,-74.2,0.1,17,1,1,85,0,0,0,FALSE,0
272,2003,5,11,5/11/2003,13:30:00,America/Chicago,2003-05-11T18:30:00Z,NY,36,1,0,0,150000,43.22,-77.28,43.22,-77.28,2.3,50,1,1,117,0,0,0,FALSE,0
122,2003,5,1,5/1/2003,15:20:00,America/Chicago,2003-05-01T20:20:00Z,NY,36,0,0,0,30000,42.95,-74.3,42.95,-74.3,0.1,10,1,1,57,0,0,0,FALSE,0
578,2003,7,21,7/21/2003,17:20:00,America/Chicago,2003-07-21T22:20:00Z,NY,36,1,0,0,100000,41.85,-74.68,41.92,-74.57,3,200,1,1,105,0,0,0,FALSE,0
1354,2003,7,21,7/21/2003,18:14:00,America/Chicago,2003-07-21T23:14:00Z,NY,36,1,0,0,30000,42.18,-74.02,42.18,-74.02,0.5,50,1,1,39,0,0,0,FALSE,0
1352,2003,7,21,7/21/2003,18:23:00,America/Chicago,2003-07-21T23:23:00Z,NY,36,2,7,0,1000000,42.2,-73.97,42.22,-73.87,1.5,150,1,1,39,0,0,0,FALSE,7
1357,2003,7,21,7/21/2003,18:24:00,America/Chicago,2003-07-21T23:24:00Z,NY,36,1,0,0,10000,42.27,-73.82,42.27,-73.82,0.5,50,1,1,39,0,0,0,FALSE,0
1358,2003,7,21,7/21/2003,18:30:00,America/Chicago,2003-07-21T23:30:00Z,NY,36,1,0,0,100000,42.35,-73.8,42.35,-73.8,0.5,150,1,1,39,0,0,0,FALSE,0
810,2003,7,21,7/21/2003,18:32:00,America/Chicago,2003-07-21T23:32:00Z,NY,36,1,0,0,150000,42.43,-73.67,42.43,-73.67,1.8,90,1,1,21,0,0,0,FALSE,0
1355,2003,7,21,7/21/2003,18:35:00,America/Chicago,2003-07-21T23:35:00Z,NY,36,0,0,0,10000,42.35,-73.78,42.35,-73.78,0.4,125,1,1,21,0,0,0,FALSE,0
1359,2003,7,21,7/21/2003,18:38:00,America/Chicago,2003-07-21T23:38:00Z,NY,36,0,0,0,10000,42.38,-73.78,42.38,-73.78,0.5,60,1,1,21,0,0,0,FALSE,0
1356,2003,7,21,7/21/2003,18:40:00,America/Chicago,2003-07-21T23:40:00Z,NY,36,0,0,0,10000,42.38,-73.78,42.38,-73.78,0.5,60,1,1,21,0,0,0,FALSE,0
1360,2003,7,21,7/21/2003,18:40:00,America/Chicago,2003-07-21T23:40:00Z,NY,36,0,0,0,20000,42.4,-73.7,42.4,-73.7,4,50,1,1,21,0,0,0,FALSE,0
1035,2003,7,21,7/21/2003,18:43:00,America/Chicago,2003-07-21T23:43:00Z,NY,36,2,1,0,200000,42.4,-73.7,42.4,-73.7,1.3,50,1,1,21,0,0,0,FALSE,1
1353,2003,7,21,7/21/2003,18:45:00,America/Chicago,2003-07-21T23:45:00Z,NY,36,1,0,0,50000,42.52,-73.62,42.9,-73.58,4.8,90,1,1,83,0,0,0,FALSE,0
621,2003,8,29,8/29/2003,14:30:00,America/Chicago,2003-08-29T19:30:00Z,NY,36,1,0,0,100000,42.67,-75.63,42.67,-75.6,1,50,1,1,17,0,0,0,FALSE,0
622,2003,8,5,8/5/2003,12:57:00,America/Chicago,2003-08-05T17:57:00Z,NY,36,0,0,0,4000,44.07,-75.77,44.07,-75.77,0.1,5,1,1,45,0,0,0,FALSE,0
655,2003,9,28,9/28/2003,00:00:00,America/Chicago,2003-09-28T05:00:00Z,NY,36,1,0,0,10000,41.53,-73.92,41.53,-73.92,1.2,75,1,1,27,0,0,0,FALSE,0
621,2004,10,2,10/2/2004,15:35:00,America/Chicago,2004-10-02T20:35:00Z,NY,36,0,0,0,10000,43.58,-75.33,43.58,-75.33,0.1,5,1,1,49,0,0,0,FALSE,0
68,2004,4,18,4/18/2004,11:43:00,America/Chicago,2004-04-18T16:43:00Z,NY,36,0,0,0,100000,42.77,-76.48,42.77,-76.48,1,75,1,1,11,0,0,0,FALSE,0
1123,2004,5,24,5/24/2004,15:30:00,America/Chicago,2004-05-24T20:30:00Z,NY,36,1,0,0,100000,42.1,-75.48,42.1,-75.4,6,100,1,1,7,25,0,0,FALSE,0
265,2004,6,1,6/1/2004,16:05:00,America/Chicago,2004-06-01T21:05:00Z,NY,36,0,0,0,10000,44.93,-74.28,44.93,-74.28,0.1,10,1,1,33,0,0,0,FALSE,0
1330,2004,6,9,6/9/2004,14:15:00,America/Chicago,2004-06-09T19:15:00Z,NY,36,0,0,0,30000,44.45,-75.75,44.43,-75.72,2,350,1,1,89,0,0,0,FALSE,0
1331,2004,6,9,6/9/2004,14:40:00,America/Chicago,2004-06-09T19:40:00Z,NY,36,0,0,0,30000,44.32,-75.43,44.32,-75.43,0.2,100,1,1,89,0,0,0,FALSE,0
341,2004,7,8,7/8/2004,13:15:00,America/Chicago,2004-07-08T18:15:00Z,NY,36,0,0,0,30000,44.95,-73.57,44.95,-73.57,0.1,50,1,1,19,0,0,0,FALSE,0
394,2004,8,3,8/3/2004,16:13:00,America/Chicago,2004-08-03T21:13:00Z,NY,36,0,0,0,30000,43,-74.55,43,-74.55,0.1,10,1,1,35,0,0,0,FALSE,0
351,2005,8,12,8/12/2005,12:24:00,America/Chicago,2005-08-12T17:24:00Z,NY,36,0,0,0,10000,42.17,-77.95,42.17,-77.95,0.5,10,1,1,3,0,0,0,FALSE,0
344,2005,8,12,8/12/2005,12:45:00,America/Chicago,2005-08-12T17:45:00Z,NY,36,1,0,0,50000,42.27,-77.6,42.27,-77.6,1,200,1,1,101,0,0,0,FALSE,0
339,2005,8,12,8/12/2005,19:45:00,America/Chicago,2005-08-13T00:45:00Z,NY,36,1,0,0,140000,40.87,-73.63,40.87,-73.63,0.2,50,1,1,59,0,0,0,FALSE,0
350,2005,8,1,8/1/2005,14:53:00,America/Chicago,2005-08-01T19:53:00Z,NY,36,1,0,0,30000,43.73,-75.68,43.73,-75.68,1.5,50,1,1,49,0,0,0,FALSE,0
1057,2006,11,16,11/16/2006,13:50:00,America/Chicago,2006-11-16T19:50:00Z,NY,36,1,0,0,10000,42.18,-76.67,42.18,-76.67,0.5,100,1,1,15,0,0,0,FALSE,0
704,2006,6,25,6/25/2006,17:15:00,America/Chicago,2006-06-25T22:15:00Z,NY,36,1,0,0,NA,41.67,-73.77,41.67,-73.77,0.5,150,1,1,27,0,0,0,FALSE,0
709,2006,6,30,6/30/2006,12:55:00,America/Chicago,2006-06-30T17:55:00Z,NY,36,1,2,0,250000,42.92,-78.77,42.92,-78.77,3,75,1,1,29,0,0,0,FALSE,2
737,2006,7,12,7/12/2006,13:30:00,America/Chicago,2006-07-12T18:30:00Z,NY,36,2,6,0,12100000,41.07,-73.87,41.1,-73.68,10.1,300,2,0,0,0,0,0,FALSE,6
775,2006,7,29,7/29/2006,13:30:00,America/Chicago,2006-07-29T18:30:00Z,NY,36,0,0,0,2000,43.1,-75.25,43.1,-75.25,0.1,50,1,1,65,0,0,0,FALSE,0
776,2006,7,29,7/29/2006,14:00:00,America/Chicago,2006-07-29T19:00:00Z,NY,36,0,0,0,10000,42.98,-76.32,42.98,-76.32,3,75,1,1,67,0,0,0,FALSE,0
837,2006,8,25,8/25/2006,10:00:00,America/Chicago,2006-08-25T15:00:00Z,NY,36,0,0,0,NA,40.7,-73.45,40.68,-73.4,0.3,150,1,1,59,103,0,0,FALSE,0
761,2007,6,21,6/21/2007,13:46:00,America/Chicago,2007-06-21T18:46:00Z,NY,36,1,0,0,10000,42.67,-76.68,42.67,-76.68,1.5,100,1,1,99,0,0,0,FALSE,0
841,2007,7,18,7/18/2007,07:25:00,America/Chicago,2007-07-18T12:25:00Z,NY,36,1,0,0,NA,40.75,-73.2,40.75,-73.2,0.67,150,1,1,103,0,0,0,FALSE,0
869,2007,8,8,8/8/2007,04:22:00,America/Chicago,2007-08-08T09:22:00Z,NY,36,2,9,0,NA,40.63,-74.11,40.64,-73.97,5.87,100,1,1,85,47,0,0,FALSE,9
766,2008,5,17,5/17/2008,16:50:00,America/Chicago,2008-05-17T21:50:00Z,NY,36,0,0,0,5000,43.35,-75.78,43.35,-75.77,0.58,250,1,1,65,0,0,0,FALSE,0
1245,2008,6,16,6/16/2008,16:15:00,America/Chicago,2008-06-16T21:15:00Z,NY,36,0,0,0,40000,41.54,-74.1,41.54,-74.07,1.45,100,1,1,71,0,0,0,FALSE,0
556,2009,5,16,5/16/2009,14:24:00,America/Chicago,2009-05-16T19:24:00Z,NY,36,2,1,0,55000,42.73,-75.93,42.77,-75.67,5.66,150,1,1,23,53,0,0,FALSE,1
557,2009,5,16,5/16/2009,15:00:00,America/Chicago,2009-05-16T20:00:00Z,NY,36,0,0,0,10000,42.07,-76.3,42.07,-76.3,0.25,30,1,1,107,0,0,0,FALSE,0
925,2009,7,25,7/25/2009,14:53:00,America/Chicago,2009-07-25T19:53:00Z,NY,36,1,0,0,2000000,42.9361,-78.4224,42.9832,-78.3723,4.12,100,1,1,37,0,0,0,FALSE,0
926,2009,7,25,7/25/2009,15:55:00,America/Chicago,2009-07-25T20:55:00Z,NY,36,0,0,0,75000,43.2785,-77.7917,43.2945,-77.7718,1.49,30,1,1,55,0,0,0,FALSE,0
928,2009,7,26,7/26/2009,16:50:00,America/Chicago,2009-07-26T21:50:00Z,NY,36,1,0,0,300000,42.0173,-79.0297,42.0428,-78.781,12.88,100,1,1,9,0,0,0,FALSE,0
929,2009,7,26,7/26/2009,17:15:00,America/Chicago,2009-07-26T22:15:00Z,NY,36,0,0,0,20000,42.0578,-78.6885,42.0567,-78.6463,2.17,100,1,1,9,0,0,0,FALSE,0
1038,2009,8,29,8/29/2009,11:05:00,America/Chicago,2009-08-29T16:05:00Z,NY,36,0,0,0,500000,42.8147,-77.4222,42.877,-77.2303,10.63,35,1,1,69,0,0,0,FALSE,0
1095,2009,8,2,8/2/2009,11:35:00,America/Chicago,2009-08-02T16:35:00Z,NY,36,0,0,0,1000,42.0364,-75.7688,42.0376,-75.7683,0.08,50,1,1,7,0,0,0,FALSE,0
1084,2009,8,9,8/9/2009,12:05:00,America/Chicago,2009-08-09T17:05:00Z,NY,36,1,0,0,200000,42.3288,-78.2846,42.2282,-78.2137,7.84,25,1,1,3,0,0,0,FALSE,0
1202,2010,11,17,11/17/2010,04:18:00,America/Chicago,2010-11-17T10:18:00Z,NY,36,1,0,0,4000,42.2661,-73.6643,42.29,-73.6472,1.87,300,1,1,21,0,0,0,FALSE,0
820,2010,6,27,6/27/2010,21:05:00,America/Chicago,2010-06-28T02:05:00Z,NY,36,1,0,0,75000,42.0044,-77.8375,42.0214,-77.6972,7.44,250,1,1,3,101,0,0,FALSE,0
822,2010,6,28,6/28/2010,13:38:00,America/Chicago,2010-06-28T18:38:00Z,NY,36,0,0,0,NA,43.0389,-75.0004,43.0325,-74.9833,0.97,50,1,1,43,0,0,0,FALSE,0
823,2010,6,28,6/28/2010,18:25:00,America/Chicago,2010-06-28T23:25:00Z,NY,36,0,0,0,50000,43.3483,-76.2328,43.3473,-76.1974,1.78,150,1,1,75,0,0,0,FALSE,0
950,2010,7,24,7/24/2010,14:40:00,America/Chicago,2010-07-24T19:40:00Z,NY,36,2,0,0,5000000,42.2938,-79.586,42.2433,-79.4538,7.61,150,1,1,13,0,0,0,FALSE,0
951,2010,7,24,7/24/2010,15:25:00,America/Chicago,2010-07-24T20:25:00Z,NY,36,2,0,0,7000000,42.1606,-79.0162,42.1169,-78.8796,7.62,800,1,1,9,0,0,0,FALSE,0
952,2010,7,24,7/24/2010,15:25:00,America/Chicago,2010-07-24T20:25:00Z,NY,36,1,0,0,1000000,42.2138,-78.6608,42.2171,-78.6383,1.17,50,1,1,9,0,0,0,FALSE,0
953,2010,7,24,7/24/2010,15:49:00,America/Chicago,2010-07-24T20:49:00Z,NY,36,1,0,0,2000000,42.1093,-78.6414,42.0928,-78.4912,7.78,100,1,1,9,0,0,0,FALSE,0
955,2010,7,25,7/25/2010,12:55:00,America/Chicago,2010-07-25T17:55:00Z,NY,36,1,7,0,150000,40.91,-73.91,40.9,-73.9,0.87,100,1,1,5,0,0,0,FALSE,7
983,2010,8,3,8/3/2010,14:22:00,America/Chicago,2010-08-03T19:22:00Z,NY,36,1,0,0,NA,42.93,-74.33,42.9295,-74.3259,0.21,50,1,1,57,0,0,0,FALSE,0
984,2010,8,3,8/3/2010,14:29:00,America/Chicago,2010-08-03T19:29:00Z,NY,36,1,0,0,NA,42.9247,-74.3055,42.922,-74.304,0.2,75,1,1,57,0,0,0,FALSE,0
1067,2010,9,16,9/16/2010,15:33:00,America/Chicago,2010-09-16T20:33:00Z,NY,36,0,0,0,NA,40.67,-73.99,40.69,-73.96,2.09,75,1,1,47,0,0,0,FALSE,0
1068,2010,9,16,9/16/2010,15:42:00,America/Chicago,2010-09-16T20:42:00Z,NY,36,1,1,1,NA,40.74,-73.84,40.8,-73.76,4,100,1,1,81,0,0,0,FALSE,2
355015,2011,11,14,11/14/2011,15:54:00,America/Chicago,2011-11-14T21:54:00Z,NY,36,2,0,0,400000,42.4464,-79.42,42.4429,-79.3391,4.13,125,1,1,13,0,0,0,FALSE,0
355016,2011,11,14,11/14/2011,16:05:00,America/Chicago,2011-11-14T22:05:00Z,NY,36,2,0,0,350000,42.3024,-79.5929,42.3095,-79.5366,2.92,120,1,1,13,0,0,0,FALSE,0
299459,2011,4,26,4/26/2011,14:20:00,America/Chicago,2011-04-26T19:20:00Z,NY,36,1,0,0,5000,43.2,-75.57,43.21,-75.58,0.86,65,1,1,65,0,0,0,FALSE,0
299493,2011,4,26,4/26/2011,19:35:00,America/Chicago,2011-04-27T00:35:00Z,NY,36,1,0,0,100000,42.432,-75.364,42.4777,-75.292,4.84,150,1,1,77,0,0,0,FALSE,0
303154,2011,4,27,4/27/2011,18:04:00,America/Chicago,2011-04-27T23:04:00Z,NY,36,1,0,0,150000,42.21,-77.2,42.26,-77.14,4.62,150,1,1,101,0,0,0,FALSE,0
302432,2011,4,27,4/27/2011,23:23:00,America/Chicago,2011-04-28T04:23:00Z,NY,36,2,0,0,575000,42.18,-76.7,42.19,-76.69,0.86,300,1,1,15,0,0,0,FALSE,0
302441,2011,4,27,4/27/2011,23:41:00,America/Chicago,2011-04-28T04:41:00Z,NY,36,1,0,0,125000,42.37,-76.52,42.39,-76.49,2.06,150,1,1,109,0,0,0,FALSE,0
303164,2011,4,28,4/28/2011,01:20:00,America/Chicago,2011-04-28T06:20:00Z,NY,36,2,0,0,625000,42.551,-75.773,42.623,-75.666,7.37,400,1,1,17,0,0,0,FALSE,0
303160,2011,4,28,4/28/2011,01:58:00,America/Chicago,2011-04-28T06:58:00Z,NY,36,1,0,0,75000,42.4355,-75.7333,42.4696,-75.6854,3.39,150,1,1,17,0,0,0,FALSE,0
303149,2011,4,28,4/28/2011,02:58:00,America/Chicago,2011-04-28T07:58:00Z,NY,36,1,0,0,50000,42.7072,-75.398,42.7383,-75.3443,3.47,100,1,1,17,0,0,0,FALSE,0
298268,2011,4,28,4/28/2011,03:04:00,America/Chicago,2011-04-28T08:04:00Z,NY,36,1,0,0,NA,43.0218,-75.1822,43.0517,-75.1425,2.88,250,1,1,43,0,0,0,FALSE,0
335968,2011,7,26,7/26/2011,10:55:00,America/Chicago,2011-07-26T15:55:00Z,NY,36,0,0,0,15000,43.05,-75.43,43.05,-75.41,1.01,125,1,1,65,0,0,0,FALSE,0
335969,2011,7,26,7/26/2011,11:03:00,America/Chicago,2011-07-26T16:03:00Z,NY,36,0,0,0,5000,43.03,-75.34,43.03,-75.33,0.51,100,1,1,65,0,0,0,FALSE,0
336272,2011,7,29,7/29/2011,14:00:00,America/Chicago,2011-07-29T19:00:00Z,NY,36,0,0,0,5000,42.41,-75.44,42.4104,-75.4347,0.27,175,1,1,17,0,0,0,FALSE,0
337730,2011,7,29,7/29/2011,14:57:00,America/Chicago,2011-07-29T19:57:00Z,NY,36,1,0,0,50000,41.4045,-74.2924,41.3695,-74.2154,4.67,100,1,1,71,0,0,0,FALSE,0
336273,2011,7,29,7/29/2011,15:20:00,America/Chicago,2011-07-29T20:20:00Z,NY,36,0,0,0,NA,42.74,-75.19,42.74,-75.18,0.51,120,1,1,77,0,0,0,FALSE,0
343871,2011,8,21,8/21/2011,13:15:00,America/Chicago,2011-08-21T18:15:00Z,NY,36,2,0,0,250000,43.0664,-76.7855,43.121,-76.6489,7.88,200,1,1,117,11,0,0,FALSE,0
349929,2011,8,28,8/28/2011,02:00:00,America/Chicago,2011-08-28T07:00:00Z,NY,36,0,0,0,NA,40.73,-73.76,40.74,-73.77,1,220,1,1,81,0,0,0,FALSE,0
349931,2011,8,28,8/28/2011,02:50:00,America/Chicago,2011-08-28T07:50:00Z,NY,36,0,0,0,NA,40.7,-73.32,40.75,-73.35,4,220,1,1,103,0,0,0,FALSE,0
346863,2011,9,22,9/22/2011,16:15:00,America/Chicago,2011-09-22T21:15:00Z,NY,36,0,0,0,NA,42.9128,-74.3034,42.9195,-74.2921,0.73,50,1,1,57,0,0,0,FALSE,0
346666,2011,9,4,9/4/2011,15:20:00,America/Chicago,2011-09-04T20:20:00Z,NY,36,1,0,0,NA,42.8982,-74.1678,42.9484,-74.0484,6.97,880,1,1,57,93,0,0,FALSE,0
400156,2012,7,23,7/23/2012,22:02:00,America/Chicago,2012-07-24T03:02:00Z,NY,36,1,0,0,50000,43.19,-75.48,43.17,-75.45,2.05,120,1,1,65,0,0,0,FALSE,0
400669,2012,7,26,7/26/2012,13:38:00,America/Chicago,2012-07-26T18:38:00Z,NY,36,1,0,0,2000,42.06,-77.129,42.063,-77.126,0.26,100,1,1,101,0,0,0,FALSE,0
400672,2012,7,26,7/26/2012,13:44:00,America/Chicago,2012-07-26T18:44:00Z,NY,36,1,0,0,200000,42.12,-77.02,42.12,-76.97,2.56,800,1,1,101,0,0,0,FALSE,0
400671,2012,7,26,7/26/2012,14:00:00,America/Chicago,2012-07-26T19:00:00Z,NY,36,1,0,0,10000000,42.095,-76.921,42.083,-76.75,8.81,600,1,1,15,0,0,0,FALSE,0
400682,2012,7,26,7/26/2012,14:01:00,America/Chicago,2012-07-26T19:01:00Z,NY,36,1,0,0,95000,42.106,-76.6947,42.0651,-76.4461,13.8,300,1,1,15,107,0,0,FALSE,0
400686,2012,7,26,7/26/2012,14:52:00,America/Chicago,2012-07-26T19:52:00Z,NY,36,0,0,0,1000,42.03,-75.76,42.03,-75.76,0.1,66,1,1,7,0,0,0,FALSE,0
409690,2012,8,10,8/10/2012,12:06:00,America/Chicago,2012-08-10T17:06:00Z,NY,36,0,0,0,100000,40.72,-73.16,40.7955,-73.1225,5.57,150,1,1,103,0,0,0,FALSE,0
414295,2012,9,8,9/8/2012,08:58:00,America/Chicago,2012-09-08T13:58:00Z,NY,36,1,0,0,270000,40.5468,-73.9329,40.6337,-73.894,4.74,50,1,1,81,47,0,0,FALSE,0
436335,2013,4,19,4/19/2013,17:53:00,America/Chicago,2013-04-19T22:53:00Z,NY,36,0,0,0,100000,42.2472,-75.452,42.2675,-75.3948,3.2,200,1,1,17,25,0,0,FALSE,0
445879,2013,5,29,5/29/2013,16:47:00,America/Chicago,2013-05-29T21:47:00Z,NY,36,2,1,0,NA,42.8457,-74.2034,42.8012,-73.9587,12.8,1760,1,1,57,93,0,0,FALSE,1
445885,2013,5,29,5/29/2013,16:57:00,America/Chicago,2013-05-29T21:57:00Z,NY,36,1,0,0,NA,42.5262,-74.579,42.509,-74.5587,1.57,200,1,1,95,0,0,0,FALSE,0
445884,2013,5,29,5/29/2013,17:10:00,America/Chicago,2013-05-29T22:10:00Z,NY,36,1,0,0,NA,42.7865,-73.8085,42.7967,-73.8037,0.75,200,1,1,91,0,0,0,FALSE,0
471107,2013,7,19,7/19/2013,17:31:00,America/Chicago,2013-07-19T22:31:00Z,NY,36,0,0,0,35000,43.3243,-77.7165,43.3208,-77.7136,0.28,10,1,1,55,0,0,0,FALSE,0
457425,2013,7,27,7/27/2013,16:10:00,America/Chicago,2013-07-27T21:10:00Z,NY,36,1,0,0,100000,42.05,-77.55,42.05,-77.55,14,500,1,1,101,0,0,0,FALSE,0
513755,2014,5,22,5/22/2014,13:33:00,America/Chicago,2014-05-22T18:33:00Z,NY,36,3,0,0,NA,42.82,-74.19,42.7264,-74.1489,6.79,440,1,1,93,1,0,0,FALSE,0
513343,2014,6,17,6/17/2014,20:03:00,America/Chicago,2014-06-18T01:03:00Z,NY,36,1,0,0,NA,43.13,-75.58,43.13,-75.58,11,250,1,1,65,0,0,0,FALSE,0
520920,2014,7,13,7/13/2014,14:34:00,America/Chicago,2014-07-13T19:34:00Z,NY,36,1,0,0,50000,42.43,-76.93,42.43,-76.93,3.5,125,1,1,97,0,0,0,FALSE,0
520922,2014,7,13,7/13/2014,18:30:00,America/Chicago,2014-07-13T23:30:00Z,NY,36,1,0,0,10000,41.85,-74.77,41.85,-74.77,0.75,270,1,1,105,0,0,0,FALSE,0
520551,2014,7,8,7/8/2014,16:33:00,America/Chicago,2014-07-08T21:33:00Z,NY,36,1,0,0,30000,43.2,-75.6,43.2,-75.6,1,600,1,1,65,0,0,0,FALSE,0
538088,2014,7,8,7/8/2014,16:48:00,America/Chicago,2014-07-08T21:48:00Z,NY,36,1,0,0,250000,43.778,-75.5766,43.8942,-75.3891,12.32,300,1,1,49,0,0,0,FALSE,0
520552,2014,7,8,7/8/2014,17:02:00,America/Chicago,2014-07-08T22:02:00Z,NY,36,2,0,4,600000,42.99,-75.64,42.99,-75.64,2.5,235,1,1,53,0,0,0,FALSE,4
520553,2014,7,8,7/8/2014,17:25:00,America/Chicago,2014-07-08T22:25:00Z,NY,36,1,0,0,110000,43.12,-75.22,43.12,-75.22,1.3,65,1,1,65,0,0,0,FALSE,0
531897,2014,7,8,7/8/2014,18:40:00,America/Chicago,2014-07-08T23:40:00Z,NY,36,0,0,0,NA,43.6905,-73.9874,43.7048,-73.9783,1.09,100,1,1,113,0,0,0,FALSE,0
532610,2014,9,2,9/2/2014,17:10:00,America/Chicago,2014-09-02T22:10:00Z,NY,36,1,0,0,100000,42.1044,-76.7103,42.13,-76.6,6,150,1,1,15,0,0,0,FALSE,0
532611,2014,9,2,9/2/2014,18:32:00,America/Chicago,2014-09-02T23:32:00Z,NY,36,1,0,0,10000,42.1375,-75.36,42.1381,-75.3509,0.1,50,1,1,17,0,0,0,FALSE,0
590967,2015,6,10,6/10/2015,19:50:00,America/Chicago,2015-06-11T00:50:00Z,NY,36,0,0,0,35000,42.9592,-77.2846,42.9569,-77.2792,0.32,50,1,1,69,0,0,0,FALSE,0
573968,2015,6,9,6/9/2015,12:41:00,America/Chicago,2015-06-09T17:41:00Z,NY,36,0,0,0,NA,42.833,-73.964,42.834,-73.961,0.17,25,1,1,93,0,0,0,FALSE,0
614267,2016,8,10,8/10/2016,14:18:00,America/Chicago,2016-08-10T19:18:00Z,NY,36,0,0,0,10000,40.9977,-72.5163,40.9933,-72.5119,0.38,40,1,1,103,0,0,0,FALSE,0
614286,2016,8,16,8/16/2016,16:34:00,America/Chicago,2016-08-16T21:34:00Z,NY,36,0,0,0,8000,43.5649,-75.4457,43.5649,-75.45,0.22,10,1,1,49,0,0,0,FALSE,0
615844,2017,10,31,10/31/2017,07:15:00,America/Chicago,2017-10-31T12:15:00Z,NY,36,0,0,0,3500,42.8768,-78.8939,42.8783,-78.8863,0.4,10,1,1,29,0,0,0,FALSE,0
615373,2017,5,31,5/31/2017,16:58:00,America/Chicago,2017-05-31T21:58:00Z,NY,36,1,0,0,NA,41.6425,-73.8736,41.6418,-73.852,1.11,440,1,1,27,0,0,0,FALSE,0
615516,2017,6,30,6/30/2017,13:49:00,America/Chicago,2017-06-30T18:49:00Z,NY,36,1,0,0,NA,43.025,-74.164,43.027,-74.16,0.25,50,1,1,35,0,0,0,FALSE,0
615517,2017,6,30,6/30/2017,14:45:00,America/Chicago,2017-06-30T19:45:00Z,NY,36,0,0,0,20000,43.0994,-75.6188,43.0972,-75.5898,1.47,125,1,1,65,0,0,0,FALSE,0
615518,2017,6,30,6/30/2017,15:28:00,America/Chicago,2017-06-30T20:28:00Z,NY,36,1,0,0,NA,43.026,-75.21,43.025,-75.2,0.6,150,1,1,43,0,0,0,FALSE,0
615581,2017,7,20,7/20/2017,10:30:00,America/Chicago,2017-07-20T15:30:00Z,NY,36,2,0,0,3500,42.7416,-78.8575,42.709,-78.7457,6.11,700,1,1,29,0,0,0,FALSE,0
615582,2017,7,20,7/20/2017,10:55:00,America/Chicago,2017-07-20T15:55:00Z,NY,36,0,0,0,100000,42.6676,-78.5606,42.6537,-78.5423,1.34,450,1,1,29,0,0,0,FALSE,0
615583,2017,7,20,7/20/2017,11:29:00,America/Chicago,2017-07-20T16:29:00Z,NY,36,0,0,0,25000,42.4331,-78.2166,42.4249,-78.1991,1.06,150,1,1,3,0,0,0,FALSE,0
615584,2017,7,20,7/20/2017,11:45:00,America/Chicago,2017-07-20T16:45:00Z,NY,36,1,0,0,250000,42.3503,-78.016,42.3186,-77.9453,4.22,740,1,1,3,0,0,0,FALSE,0
615663,2017,8,22,8/22/2017,14:55:00,America/Chicago,2017-08-22T19:55:00Z,NY,36,1,0,0,10000,42.8041,-75.7403,42.8049,-75.7376,0.15,30,1,1,53,0,0,0,FALSE,0
615664,2017,8,22,8/22/2017,15:25:00,America/Chicago,2017-08-22T20:25:00Z,NY,36,0,0,0,50000,42.8571,-75.4318,42.8605,-75.4246,0.43,150,1,1,53,0,0,0,FALSE,0
615608,2017,8,4,8/4/2017,12:50:00,America/Chicago,2017-08-04T17:50:00Z,NY,36,NA,0,0,NA,43.17,-74.11,43.171,-74.109,0.05,20,1,1,91,0,0,0,FALSE,0
616840,2018,10,20,10/20/2018,11:47:00,America/Chicago,2018-10-20T16:47:00Z,NY,36,0,0,0,15000,42.8061,-78.76,42.8061,-78.757,0.16,75,1,1,29,0,0,0,FALSE,0
616849,2018,10,29,10/29/2018,05:35:00,America/Chicago,2018-10-29T10:35:00Z,NY,36,1,0,0,50000,41.2548,-71.9983,41.2792,-71.9793,1.96,100,1,1,103,0,0,0,FALSE,0
616757,2018,10,2,10/2/2018,14:14:00,America/Chicago,2018-10-02T19:14:00Z,NY,36,1,0,0,25000,41.2389,-74.0499,41.2267,-74.0125,2.12,100,1,1,87,0,0,0,FALSE,0
616758,2018,10,2,10/2/2018,14:44:00,America/Chicago,2018-10-02T19:44:00Z,NY,36,1,0,0,50000,41.2023,-73.8108,41.177,-73.7357,4.28,300,1,1,119,0,0,0,FALSE,0
616773,2018,10,2,10/2/2018,21:20:00,America/Chicago,2018-10-03T02:20:00Z,NY,36,0,0,0,100000,40.8221,-73.1446,40.8217,-73.1405,0.22,200,1,1,103,0,0,0,FALSE,0
616220,2018,5,15,5/15/2018,12:29:00,America/Chicago,2018-05-15T17:29:00Z,NY,36,1,0,0,NA,42.0814,-74.0019,42.0715,-73.9211,4.26,175,1,1,111,27,0,0,FALSE,0
616225,2018,5,15,5/15/2018,14:16:00,America/Chicago,2018-05-15T19:16:00Z,NY,36,0,0,1,50000,41.5359,-74.0123,41.5361,-73.9999,0.64,50,1,1,71,0,0,0,FALSE,1
616226,2018,5,15,5/15/2018,14:29:00,America/Chicago,2018-05-15T19:29:00Z,NY,36,2,0,0,250000,41.4996,-73.6847,41.485,-73.6727,1.18,100,1,1,79,0,0,0,FALSE,0
616227,2018,5,15,5/15/2018,14:32:00,America/Chicago,2018-05-15T19:32:00Z,NY,36,1,0,0,100000,41.4929,-73.5854,41.4585,-73.5528,2.92,75,1,1,79,0,0,0,FALSE,0
616193,2018,5,3,5/3/2018,18:19:00,America/Chicago,2018-05-03T23:19:00Z,NY,36,1,0,0,20000,42.7139,-77.1529,42.7107,-77.1315,1.11,100,1,1,123,0,0,0,FALSE,0
616568,2018,8,2,8/2/2018,20:20:00,America/Chicago,2018-08-03T01:20:00Z,NY,36,0,0,0,10000,40.7845,-73.8443,40.789,-73.8313,0.75,100,1,1,81,0,0,0,FALSE,0
616569,2018,8,3,8/3/2018,10:24:00,America/Chicago,2018-08-03T15:24:00Z,NY,36,0,0,0,NA,42.216,-74.503,42.229,-74.471,1.9,67,1,1,39,0,0,0,FALSE,0
617263,2019,4,14,4/14/2019,23:32:00,America/Chicago,2019-04-15T04:32:00Z,NY,36,1,0,0,15000,42.2031,-75.7473,42.207,-75.7056,2.15,175,1,1,7,0,0,0,FALSE,0
618300,2019,8,21,8/21/2019,12:24:00,America/Chicago,2019-08-21T17:24:00Z,NY,36,0,0,0,NA,43.02,-74.38,43.02,-74.37,0.51,150,1,1,35,0,0,0,FALSE,0
618301,2019,8,21,8/21/2019,13:35:00,America/Chicago,2019-08-21T18:35:00Z,NY,36,1,0,0,NA,43.082,-73.742,43.087,-73.739,0.38,75,1,1,91,0,0,0,FALSE,0
618320,2019,9,2,9/2/2019,14:33:00,America/Chicago,2019-09-02T19:33:00Z,NY,36,0,0,0,75000,40.8417,-72.8313,40.8646,-72.8235,1.63,50,1,1,103,0,0,0,FALSE,0
619554,2020,10,7,10/7/2020,13:14:00,America/Chicago,2020-10-07T18:14:00Z,NY,36,0,0,0,15000,42.9012,-74.6256,42.9005,-74.6237,0.11,20,1,1,57,0,0,0,FALSE,0
619036,2020,5,15,5/15/2020,15:59:00,America/Chicago,2020-05-15T20:59:00Z,NY,36,1,0,0,NA,43.182,-73.755,43.189,-73.721,1.78,50,1,1,91,0,0,0,FALSE,0
619142,2020,5,29,5/29/2020,15:52:00,America/Chicago,2020-05-29T20:52:00Z,NY,36,1,0,0,NA,43.242,-73.784,43.312,-73.643,8.58,433,1,1,113,0,0,0,FALSE,0
619296,2020,7,16,7/16/2020,14:15:00,America/Chicago,2020-07-16T19:15:00Z,NY,36,0,0,0,5000,42.57,-79.05,42.5846,-79.0219,1.75,50,1,1,29,0,0,0,FALSE,0
619297,2020,7,16,7/16/2020,14:50:00,America/Chicago,2020-07-16T19:50:00Z,NY,36,1,0,0,150000,42.3259,-79.4684,42.3365,-79.4432,1.5,35,1,1,13,0,0,0,FALSE,0
619333,2020,7,29,7/29/2020,16:53:00,America/Chicago,2020-07-29T21:53:00Z,NY,36,0,0,0,10000,43,-77.82,43.0019,-77.744,4.2,100,1,1,55,0,0,0,FALSE,0
619424,2020,8,10,8/10/2020,15:05:00,America/Chicago,2020-08-10T20:05:00Z,NY,36,1,0,0,75000,43.28,-73.414,43.26,-73.425,1.5,100,1,1,115,0,0,0,FALSE,0
619483,2020,8,27,8/27/2020,12:11:00,America/Chicago,2020-08-27T17:11:00Z,NY,36,1,0,0,NA,42.2162,-74.5152,42.2162,-74.5152,0.25,25,1,1,39,0,0,0,FALSE,0
619487,2020,8,27,8/27/2020,16:15:00,America/Chicago,2020-08-27T21:15:00Z,NY,36,1,0,0,25000,41.505,-74.2602,41.5131,-74.2142,2.6,600,1,1,71,0,0,0,FALSE,0
619511,2020,8,29,8/29/2020,15:26:00,America/Chicago,2020-08-29T20:26:00Z,NY,36,1,1,0,35000,42.939,-73.7,42.938,-73.695,0.26,50,1,1,91,0,0,0,FALSE,1
619512,2020,8,29,8/29/2020,15:42:00,America/Chicago,2020-08-29T20:42:00Z,NY,36,1,0,0,45000,42.916,-73.595,42.8982,-73.5596,2.17,100,1,1,83,0,0,0,FALSE,0
619513,2020,8,29,8/29/2020,16:56:00,America/Chicago,2020-08-29T21:56:00Z,NY,36,0,0,0,NA,43.2677,-73.8351,43.2699,-73.8263,0.47,100,1,1,113,0,0,0,FALSE,0
620694,2021,11,12,11/12/2021,10:12:00,America/Chicago,2021-11-12T16:12:00Z,NY,36,1,0,0,17000,41.766,-73.664,41.789,-73.628,2.44,200,1,1,27,0,0,0,FALSE,0
620695,2021,11,13,11/13/2021,13:37:00,America/Chicago,2021-11-13T19:37:00Z,NY,36,0,0,0,300000,40.6249,-73.7198,40.7342,-73.5147,13.14,50,1,1,59,0,0,0,FALSE,0
620696,2021,11,13,11/13/2021,14:20:00,America/Chicago,2021-11-13T20:20:00Z,NY,36,0,0,0,500000,40.7178,-73.1972,40.7231,-73.1901,0.52,50,1,1,103,0,0,0,FALSE,0
620698,2021,11,13,11/13/2021,14:40:00,America/Chicago,2021-11-13T20:40:00Z,NY,36,0,0,0,100000,40.7868,-72.9423,40.7989,-72.9238,1.28,35,1,1,103,0,0,0,FALSE,0
620699,2021,11,13,11/13/2021,14:42:00,America/Chicago,2021-11-13T20:42:00Z,NY,36,1,0,0,900000,40.7982,-72.8712,40.8537,-72.8101,5.3,50,1,1,103,0,0,0,FALSE,0
620701,2021,11,13,11/13/2021,14:53:00,America/Chicago,2021-11-13T20:53:00Z,NY,36,0,0,0,300000,40.8086,-72.6949,40.8323,-72.6333,3.5,35,1,1,103,0,0,0,FALSE,0
620702,2021,11,13,11/13/2021,15:08:00,America/Chicago,2021-11-13T21:08:00Z,NY,36,0,0,0,300000,40.8513,-72.5341,40.9255,-72.407,8.2,35,1,1,103,0,0,0,FALSE,0
619827,2021,4,21,4/21/2021,12:49:00,America/Chicago,2021-04-21T17:49:00Z,NY,36,1,0,0,45000,41.8413,-73.5582,41.8499,-73.5536,0.64,100,1,1,27,0,0,0,FALSE,0
620198,2021,6,21,6/21/2021,15:38:00,America/Chicago,2021-06-21T20:38:00Z,NY,36,1,0,0,49000,42.46,-76.34,42.47,-76.29,2.8,85,1,1,109,0,0,0,FALSE,0
620132,2021,6,3,6/3/2021,13:26:00,America/Chicago,2021-06-03T18:26:00Z,NY,36,1,0,0,55000,43.354,-75.5349,43.3569,-75.5115,1.2,75,1,1,65,0,0,0,FALSE,0
620254,2021,7,8,7/8/2021,17:30:00,America/Chicago,2021-07-08T22:30:00Z,NY,36,1,0,0,107500,43.3,-75.39,43.33,-75.37,2.16,100,1,1,65,0,0,0,FALSE,0
620528,2021,9,12,9/12/2021,22:57:00,America/Chicago,2021-09-13T03:57:00Z,NY,36,1,0,0,10000,42.67,-77.64,42.66,-77.61,0.8,75,1,1,51,0,0,0,FALSE,0
621408,2022,4,25,4/25/2022,16:42:00,America/Chicago,2022-04-25T21:42:00Z,NY,36,0,0,0,25000,42.8975,-78.2628,42.8991,-78.2485,0.75,75,1,1,37,0,0,0,FALSE,0
621828,2022,7,13,7/13/2022,18:49:00,America/Chicago,2022-07-13T23:49:00Z,NY,36,1,0,0,28000,41.9318,-74.0532,41.9268,-74.0456,0.52,300,1,1,111,0,0,0,FALSE,0
621830,2022,7,18,7/18/2022,15:35:00,America/Chicago,2022-07-18T20:35:00Z,NY,36,NA,0,0,NA,41.9,-73.96,41.9,-73.96,0.01,10,1,1,27,0,0,0,FALSE,0
621859,2022,7,28,7/28/2022,08:40:00,America/Chicago,2022-07-28T13:40:00Z,NY,36,2,0,0,750000,42.62,-78.33,42.65,-78.14,10,500,1,1,121,0,0,0,FALSE,0
621905,2022,9,19,9/19/2022,17:33:00,America/Chicago,2022-09-19T22:33:00Z,NY,36,1,0,0,55000,42.575,-77.614,42.561,-77.583,1.85,150,1,1,101,0,0,0,FALSE,0
621907,2022,9,25,9/25/2022,16:38:00,America/Chicago,2022-09-25T21:38:00Z,NY,36,1,0,0,85000,42.1518,-75.1843,42.1548,-75.1398,2.29,150,1,1,25,0,0,0,FALSE,0
621908,2022,9,25,9/25/2022,21:17:00,America/Chicago,2022-09-26T02:17:00Z,NY,36,0,0,0,100000,40.9837,-72.5624,40.9968,-72.5266,2.1,75,1,1,103,0,0,0,FALSE,0
