95,1950,5,10,5/10/1950,13:00:00,America/Chicago,1950-05-10T18:00:00Z,WY,56,2,0,0,50,41.18,-110.42,0,0,2,33,1,1,41,0,0,0,FALSE,0
138,1950,6,14,6/14/1950,16:00:00,America/Chicago,1950-06-14T21:00:00Z,WY,56,1,0,0,50,44.13,-104.18,0,0,0.2,10,1,1,45,0,0,0,FALSE,0
130,1950,6,7,6/7/1950,15:30:00,America/Chicago,1950-06-07T20:30:00Z,WY,56,1,0,0,50,43.08,-104.5,0,0,0.2,10,1,1,27,0,0,0,FALSE,0
122,1952,5,8,5/8/1952,12:30:00,America/Chicago,1952-05-08T17:30:00Z,WY,56,1,0,0,50,42.93,-104.33,0,0,2,100,1,1,27,0,0,0,FALSE,0
195,1953,5,28,5/28/1953,20:00:00,America/Chicago,1953-05-29T01:00:00Z,WY,56,2,0,0,5000,43.85,-104.32,44.38,-104.1,38.2,433,1,1,45,0,0,0,FALSE,0
198,1953,5,29,5/29/1953,14:00:00,America/Chicago,1953-05-29T19:00:00Z,WY,56,1,0,0,NA,44.75,-106.17,0,0,0.2,10,1,1,33,0,0,0,FALSE,0
283,1953,6,11,6/11/1953,16:00:00,America/Chicago,1953-06-11T21:00:00Z,WY,56,1,0,0,5000,42.75,-104.83,42.75,-104.68,7.2,67,1,1,27,0,0,0,FALSE,0
284,1953,6,12,6/12/1953,18:00:00,America/Chicago,1953-06-12T23:00:00Z,WY,56,2,0,0,5000,43.87,-105.27,0,0,2,33,1,1,5,0,0,0,FALSE,0
342,1953,7,16,7/16/1953,16:00:00,America/Chicago,1953-07-16T21:00:00Z,WY,56,1,0,0,NA,41.33,-106.25,41.33,-106.2,0.1,27,1,1,1,0,0,0,FALSE,0
348,1953,7,24,7/24/1953,16:00:00,America/Chicago,1953-07-24T21:00:00Z,WY,56,1,0,0,NA,42.18,-104.42,0,0,0.2,10,1,1,15,0,0,0,FALSE,0
367,1953,8,10,8/10/1953,18:15:00,America/Chicago,1953-08-10T23:15:00Z,WY,56,1,0,0,NA,41.35,-104.38,0,0,0.1,10,1,1,21,0,0,0,FALSE,0
251,1954,5,22,5/22/1954,23:30:00,America/Chicago,1954-05-23T04:30:00Z,WY,56,1,0,0,5000,42.45,-104.35,0,0,0.2,10,1,1,15,0,0,0,FALSE,0
430,1954,7,21,7/21/1954,16:25:00,America/Chicago,1954-07-21T21:25:00Z,WY,56,1,0,0,50000,42.1,-104.18,0,0,0.1,10,1,1,15,0,0,0,FALSE,0
432,1955,6,26,6/26/1955,21:00:00,America/Chicago,1955-06-27T02:00:00Z,WY,56,3,0,0,50,41.97,-104.32,0,0,2,27,1,1,15,0,0,0,FALSE,0
433,1955,6,26,6/26/1955,21:00:00,America/Chicago,1955-06-27T02:00:00Z,WY,56,2,0,0,NA,42.37,-104.73,42.37,-104.67,2.3,20,1,1,15,0,0,0,FALSE,0
435,1955,6,27,6/27/1955,14:00:00,America/Chicago,1955-06-27T19:00:00Z,WY,56,3,3,0,5000,41.88,-105.02,0,0,2,100,1,1,31,0,0,0,FALSE,3
494,1955,7,25,7/25/1955,15:30:00,America/Chicago,1955-07-25T20:30:00Z,WY,56,0,0,0,50,42.75,-105.25,0,0,2,800,1,1,9,0,0,0,TRUE,0
283,1956,6,21,6/21/1956,12:15:00,America/Chicago,1956-06-21T17:15:00Z,WY,56,1,0,0,50000,44.02,-105.78,0,0,1,13,1,1,5,0,0,0,FALSE,0
330,1956,7,4,7/4/1956,15:00:00,America/Chicago,1956-07-04T20:00:00Z,WY,56,1,0,0,NA,41.53,-104.08,41.55,-103.92,7.4,10,2,0,0,0,0,0,FALSE,0
439,1957,5,24,5/24/1957,15:00:00,America/Chicago,1957-05-24T20:00:00Z,WY,56,1,0,0,50,41.93,-104.3,0,0,2.5,13,1,1,15,0,0,0,FALSE,0
614,1957,6,26,6/26/1957,14:30:00,America/Chicago,1957-06-26T19:30:00Z,WY,56,1,0,0,50,41.57,-104.12,0,0,0.1,10,1,1,21,0,0,0,FALSE,0
700,1957,7,20,7/20/1957,17:00:00,America/Chicago,1957-07-20T22:00:00Z,WY,56,0,0,0,50,42.37,-104.57,0,0,0.1,17,1,1,15,0,0,0,FALSE,0
253,1958,6,12,6/12/1958,21:00:00,America/Chicago,1958-06-13T02:00:00Z,WY,56,2,0,0,50000,43.88,-104.33,0,0,1,200,1,1,45,0,0,0,FALSE,0
196,1958,6,3,6/3/1958,16:00:00,America/Chicago,1958-06-03T21:00:00Z,WY,56,2,0,0,50000,44.53,-107.78,0,0,0.2,17,1,1,3,0,0,0,FALSE,0
197,1958,6,3,6/3/1958,18:35:00,America/Chicago,1958-06-03T23:35:00Z,WY,56,1,0,0,50,44.3,-105.37,0,0,1,10,1,1,5,0,0,0,FALSE,0
198,1958,6,3,6/3/1958,18:35:00,America/Chicago,1958-06-03T23:35:00Z,WY,56,1,0,0,50,44.3,-105.37,0,0,1,10,1,1,5,0,0,0,FALSE,0
214,1958,6,8,6/8/1958,16:00:00,America/Chicago,1958-06-08T21:00:00Z,WY,56,1,0,0,50000,41.75,-104.22,0,0,0.5,10,1,1,15,0,0,0,FALSE,0
353,1958,7,10,7/10/1958,13:30:00,America/Chicago,1958-07-10T18:30:00Z,WY,56,0,0,0,50,44.27,-105.05,0,0,0.1,10,1,1,11,0,0,0,TRUE,0
354,1958,7,10,7/10/1958,14:30:00,America/Chicago,1958-07-10T19:30:00Z,WY,56,0,0,0,50,41.1,-105.2,0,0,0.1,10,1,1,11,0,0,0,TRUE,0
355,1958,7,10,7/10/1958,14:30:00,America/Chicago,1958-07-10T19:30:00Z,WY,56,1,0,0,50,43.83,-104.78,43.83,-104.73,0.1,17,1,1,45,0,0,0,FALSE,0
392,1958,7,18,7/18/1958,12:00:00,America/Chicago,1958-07-18T17:00:00Z,WY,56,1,0,0,50,41.17,-105.2,0,0,0.1,10,1,1,21,0,0,0,FALSE,0
394,1958,7,18,7/18/1958,14:05:00,America/Chicago,1958-07-18T19:05:00Z,WY,56,1,0,0,NA,41.08,-105.22,0,0,0.1,10,1,1,21,0,0,0,FALSE,0
404,1958,7,20,7/20/1958,11:00:00,America/Chicago,1958-07-20T16:00:00Z,WY,56,1,0,0,50,42.42,-107.25,42.38,-107.2,1.9,33,1,1,7,0,0,0,FALSE,0
436,1958,7,29,7/29/1958,15:45:00,America/Chicago,1958-07-29T20:45:00Z,WY,56,1,0,0,50,41.15,-104.35,0,0,0.2,10,1,1,21,0,0,0,FALSE,0
437,1958,7,30,7/30/1958,16:26:00,America/Chicago,1958-07-30T21:26:00Z,WY,56,1,0,0,50,41.83,-104.42,0,0,0.3,13,1,1,15,0,0,0,FALSE,0
298,1959,5,27,5/27/1959,12:25:00,America/Chicago,1959-05-27T17:25:00Z,WY,56,2,0,0,50000,44.23,-105.6,44.38,-105.53,10.6,33,1,1,5,0,0,0,FALSE,0
393,1959,6,25,6/25/1959,17:00:00,America/Chicago,1959-06-25T22:00:00Z,WY,56,2,0,0,50000,44.27,-104.52,0,0,1,133,1,1,11,0,0,0,FALSE,0
397,1959,6,26,6/26/1959,16:00:00,America/Chicago,1959-06-26T21:00:00Z,WY,56,2,1,1,5000,44.5,-107.55,44.63,-107.5,9.2,333,1,1,3,0,0,0,FALSE,2
107,1960,4,23,4/23/1960,11:30:00,America/Chicago,1960-04-23T17:30:00Z,WY,56,3,1,0,50000,41.03,-105.22,41,-104.88,17.2,33,1,1,21,0,0,0,FALSE,1
309,1960,5,24,5/24/1960,15:30:00,America/Chicago,1960-05-24T20:30:00Z,WY,56,1,1,0,50000,43.25,-104.4,0,0,0.1,17,1,1,27,0,0,0,FALSE,1
437,1960,6,26,6/26/1960,21:00:00,America/Chicago,1960-06-27T02:00:00Z,WY,56,1,0,0,5000,42.78,-104.62,0,0,0.5,17,1,1,27,0,0,0,FALSE,0
355,1960,6,9,6/9/1960,16:00:00,America/Chicago,1960-06-09T21:00:00Z,WY,56,0,0,0,NA,41.58,-109.68,0,0,0.1,17,1,1,37,0,0,0,FALSE,0
356,1960,6,9,6/9/1960,16:00:00,America/Chicago,1960-06-09T21:00:00Z,WY,56,0,0,0,NA,41.57,-106.95,0,0,1,33,1,1,7,0,0,0,FALSE,0
465,1960,7,3,7/3/1960,15:15:00,America/Chicago,1960-07-03T20:15:00Z,WY,56,1,1,0,NA,41.37,-106.25,0,0,1.5,400,1,1,1,0,0,0,FALSE,1
532,1960,8,21,8/21/1960,15:00:00,America/Chicago,1960-08-21T20:00:00Z,WY,56,2,0,0,500,42.05,-104.18,0,0,0.1,33,1,1,15,0,0,0,FALSE,0
331,1961,5,18,5/18/1961,23:00:00,America/Chicago,1961-05-19T04:00:00Z,WY,56,2,0,0,50000,44.4,-104.58,44.4,-104.57,0.1,17,1,1,11,0,0,0,FALSE,0
334,1961,5,20,5/20/1961,18:00:00,America/Chicago,1961-05-20T23:00:00Z,WY,56,1,0,0,50000,44.73,-106.13,0,0,0.1,10,1,1,33,0,0,0,FALSE,0
384,1961,6,3,6/3/1961,20:00:00,America/Chicago,1961-06-04T01:00:00Z,WY,56,0,0,0,NA,41.18,-104.1,0,0,0.5,10,1,1,21,0,0,0,FALSE,0
504,1961,7,17,7/17/1961,17:30:00,America/Chicago,1961-07-17T22:30:00Z,WY,56,1,0,0,500,44.3,-104.38,0,0,1,10,1,1,11,0,0,0,FALSE,0
224,1962,5,24,5/24/1962,20:00:00,America/Chicago,1962-05-25T01:00:00Z,WY,56,0,0,0,5000,41.33,-110.3,0,0,0.1,10,1,1,41,0,0,0,FALSE,0
269,1962,5,28,5/28/1962,11:30:00,America/Chicago,1962-05-28T16:30:00Z,WY,56,0,0,0,NA,43.45,-106.33,0,0,0.1,10,1,1,25,0,0,0,FALSE,0
271,1962,5,28,5/28/1962,14:27:00,America/Chicago,1962-05-28T19:27:00Z,WY,56,0,0,0,NA,44.13,-105.72,0,0,0.1,10,1,1,5,0,0,0,FALSE,0
397,1962,6,11,6/11/1962,16:30:00,America/Chicago,1962-06-11T21:30:00Z,WY,56,2,4,0,50000,43.23,-106.35,43.67,-105.5,52,100,1,1,25,9,5,0,FALSE,4
399,1962,6,11,6/11/1962,17:00:00,America/Chicago,1962-06-11T22:00:00Z,WY,56,1,0,0,5000,44.05,-104.95,0,0,0.1,17,1,1,45,0,0,0,TRUE,0
398,1962,6,11,6/11/1962,17:00:00,America/Chicago,1962-06-11T22:00:00Z,WY,56,1,0,0,500,43.72,-105.5,0,0,0.1,10,1,1,5,0,0,0,FALSE,0
404,1962,6,12,6/12/1962,16:00:00,America/Chicago,1962-06-12T21:00:00Z,WY,56,1,0,0,50,42.62,-107.02,0,0,1,17,1,1,25,0,0,0,FALSE,0
405,1962,6,12,6/12/1962,16:00:00,America/Chicago,1962-06-12T21:00:00Z,WY,56,2,0,0,5000,44.48,-108.4,0,0,0.5,33,1,1,3,0,0,0,FALSE,0
408,1962,6,12,6/12/1962,18:00:00,America/Chicago,1962-06-12T23:00:00Z,WY,56,0,0,0,5000,42.08,-104.25,0,0,0.1,10,1,1,15,0,0,0,FALSE,0
419,1962,6,14,6/14/1962,17:45:00,America/Chicago,1962-06-14T22:45:00Z,WY,56,0,0,0,NA,42.75,-104.8,0,0,0.1,10,1,1,27,0,0,0,FALSE,0
421,1962,6,14,6/14/1962,19:00:00,America/Chicago,1962-06-15T00:00:00Z,WY,56,1,0,0,50000,42.05,-104.73,0,0,0.5,17,1,1,31,0,0,0,FALSE,0
425,1962,6,14,6/14/1962,20:00:00,America/Chicago,1962-06-15T01:00:00Z,WY,56,1,0,0,5000,41.18,-104.17,41.3,-104.07,9.2,50,1,1,21,0,0,0,FALSE,0
431,1962,6,15,6/15/1962,16:00:00,America/Chicago,1962-06-15T21:00:00Z,WY,56,1,0,0,50000,43.22,-106.87,0,0,2,17,1,1,25,0,0,0,FALSE,0
439,1962,6,16,6/16/1962,16:50:00,America/Chicago,1962-06-16T21:50:00Z,WY,56,3,0,0,5000,42.92,-108.73,0,0,0.5,67,1,1,13,0,0,0,FALSE,0
528,1962,7,17,7/17/1962,22:00:00,America/Chicago,1962-07-18T03:00:00Z,WY,56,1,0,0,50000,42.73,-104.82,0,0,0.5,10,1,1,27,0,0,0,FALSE,0
558,1962,7,27,7/27/1962,15:05:00,America/Chicago,1962-07-27T20:05:00Z,WY,56,1,0,0,NA,42.85,-106.33,0,0,0.5,10,1,1,25,0,0,0,FALSE,0
510,1962,7,9,7/9/1962,16:00:00,America/Chicago,1962-07-09T21:00:00Z,WY,56,2,0,0,5000,44.37,-108.23,0,0,0.5,17,1,1,3,0,0,0,FALSE,0
295,1963,6,14,6/14/1963,19:00:00,America/Chicago,1963-06-15T00:00:00Z,WY,56,2,0,0,50000,41.8,-104.3,0,0,0.5,33,1,1,15,0,0,0,FALSE,0
341,1963,7,14,7/14/1963,19:30:00,America/Chicago,1963-07-15T00:30:00Z,WY,56,1,0,0,5000,43.55,-104.7,43.57,-104.53,7.9,67,1,1,45,0,0,0,FALSE,0
155,1964,4,23,4/23/1964,13:30:00,America/Chicago,1964-04-23T19:30:00Z,WY,56,1,0,0,50000,43.2,-108.7,0,0,0.5,17,1,1,13,0,0,0,FALSE,0
335,1964,5,29,5/29/1964,14:00:00,America/Chicago,1964-05-29T19:00:00Z,WY,56,1,0,0,NA,42,-107.2,0,0,0.5,33,1,1,7,0,0,0,FALSE,0
214,1964,5,2,5/2/1964,12:20:00,America/Chicago,1964-05-02T17:20:00Z,WY,56,0,0,0,NA,41.65,-104.08,0,0,0.1,10,1,1,15,0,0,0,TRUE,0
447,1964,6,21,6/21/1964,17:30:00,America/Chicago,1964-06-21T22:30:00Z,WY,56,1,0,0,50000,42.25,-104.7,0,0,0.1,10,1,1,31,0,0,0,FALSE,0
476,1964,6,26,6/26/1964,16:00:00,America/Chicago,1964-06-26T21:00:00Z,WY,56,2,0,0,50000,44.75,-108.75,0,0,1,50,1,1,29,0,0,0,FALSE,0
348,1964,6,5,6/5/1964,15:10:00,America/Chicago,1964-06-05T20:10:00Z,WY,56,1,0,0,50000,44.17,-107.2,0,0,2,100,1,1,3,0,0,0,TRUE,0
485,1964,7,2,7/2/1964,16:00:00,America/Chicago,1964-07-02T21:00:00Z,WY,56,2,0,0,50000,43.8,-104.6,0,0,0.1,10,1,1,45,0,0,0,FALSE,0
381,1965,5,23,5/23/1965,14:15:00,America/Chicago,1965-05-23T19:15:00Z,WY,56,1,0,0,50000,42.08,-104.2,0,0,0.3,33,1,1,15,0,0,0,FALSE,0
561,1965,6,14,6/14/1965,17:00:00,America/Chicago,1965-06-14T22:00:00Z,WY,56,1,1,0,50000,42.67,-105.2,0,0,0.2,67,1,1,9,0,0,0,FALSE,1
567,1965,6,15,6/15/1965,17:00:00,America/Chicago,1965-06-15T22:00:00Z,WY,56,0,0,0,NA,41.1,-105.33,0,0,0.5,200,1,1,1,0,0,0,TRUE,0
670,1965,7,12,7/12/1965,18:40:00,America/Chicago,1965-07-12T23:40:00Z,WY,56,3,0,0,500000,44.25,-104.25,44.22,-103.82,20.8,1400,2,0,0,0,0,0,FALSE,0
675,1965,7,13,7/13/1965,19:40:00,America/Chicago,1965-07-14T00:40:00Z,WY,56,1,0,0,500,41.3,-104.3,0,0,0.1,10,1,1,21,0,0,0,TRUE,0
691,1965,7,18,7/18/1965,15:06:00,America/Chicago,1965-07-18T20:06:00Z,WY,56,0,0,0,NA,41.1,-104.1,0,0,0.1,10,1,1,21,0,0,0,TRUE,0
690,1965,7,18,7/18/1965,15:06:00,America/Chicago,1965-07-18T20:06:00Z,WY,56,0,0,0,NA,41.1,-104.1,0,0,0.1,10,1,1,21,0,0,0,TRUE,0
289,1966,6,15,6/15/1966,17:15:00,America/Chicago,1966-06-15T22:15:00Z,WY,56,1,0,0,50000,41.35,-106.55,41.32,-106.4,7.7,200,1,1,7,0,0,0,FALSE,0
414,1966,7,22,7/22/1966,18:00:00,America/Chicago,1966-07-22T23:00:00Z,WY,56,2,6,0,50000,44.3,-105.5,44.23,-105.52,3.6,67,1,1,5,0,0,0,FALSE,6
435,1966,7,28,7/28/1966,16:20:00,America/Chicago,1966-07-28T21:20:00Z,WY,56,0,0,0,50,44.1,-105.5,0,0,0.1,10,1,1,5,0,0,0,TRUE,0
472,1966,8,11,8/11/1966,17:45:00,America/Chicago,1966-08-11T22:45:00Z,WY,56,1,0,0,500,43.55,-104.9,0,0,0.1,10,1,1,45,0,0,0,TRUE,0
103,1967,4,12,4/12/1967,18:00:00,America/Chicago,1967-04-13T00:00:00Z,WY,56,2,0,0,50000,41.97,-104.4,42.12,-104.25,12.6,50,1,1,15,0,0,0,FALSE,0
150,1967,4,19,4/19/1967,16:30:00,America/Chicago,1967-04-19T22:30:00Z,WY,56,1,0,0,500,43.9,-105.5,0,0,0.1,10,1,1,5,0,0,0,FALSE,0
487,1967,6,14,6/14/1967,17:00:00,America/Chicago,1967-06-14T22:00:00Z,WY,56,1,1,0,50000,42.95,-108.4,0,0,0.5,17,1,1,13,0,0,0,FALSE,1
521,1967,6,18,6/18/1967,12:30:00,America/Chicago,1967-06-18T17:30:00Z,WY,56,1,0,0,NA,44.4,-104.25,0,0,0.1,17,1,1,11,0,0,0,FALSE,0
371,1967,6,6,6/6/1967,14:30:00,America/Chicago,1967-06-06T19:30:00Z,WY,56,2,2,0,500,43.1,-108.35,43.2,-108.25,8.2,33,1,1,13,0,0,0,FALSE,2
402,1967,6,9,6/9/1967,10:25:00,America/Chicago,1967-06-09T15:25:00Z,WY,56,0,0,0,NA,44.35,-105.2,0,0,0.1,10,1,1,15,0,0,0,TRUE,0
620,1967,7,15,7/15/1967,16:00:00,America/Chicago,1967-07-15T21:00:00Z,WY,56,1,0,0,50000,41.2,-106.7,41.22,-106.65,1.3,800,1,1,7,0,0,0,TRUE,0
639,1967,7,24,7/24/1967,16:00:00,America/Chicago,1967-07-24T21:00:00Z,WY,56,2,0,0,5000,44.37,-108.17,0,0,0.1,50,1,1,3,0,0,0,FALSE,0
330,1968,6,11,6/11/1968,15:30:00,America/Chicago,1968-06-11T20:30:00Z,WY,56,1,0,0,5000,44.75,-106.95,0,0,0.3,200,1,1,33,0,0,0,TRUE,0
386,1968,6,23,6/23/1968,17:30:00,America/Chicago,1968-06-23T22:30:00Z,WY,56,1,0,0,5000,41.2,-104.35,41.17,-104.28,3,333,1,1,21,0,0,0,FALSE,0
387,1968,6,23,6/23/1968,17:30:00,America/Chicago,1968-06-23T22:30:00Z,WY,56,1,0,0,5000,41.42,-104.08,0,0,0.1,10,1,1,21,0,0,0,FALSE,0
295,1968,6,5,6/5/1968,13:00:00,America/Chicago,1968-06-05T18:00:00Z,WY,56,1,0,0,5000,43.05,-108.4,0,0,0.1,50,1,1,13,0,0,0,FALSE,0
296,1968,6,5,6/5/1968,14:05:00,America/Chicago,1968-06-05T19:05:00Z,WY,56,1,0,0,500,42.4,-104.2,0,0,0.1,17,1,1,15,0,0,0,FALSE,0
298,1968,6,6,6/6/1968,15:30:00,America/Chicago,1968-06-06T20:30:00Z,WY,56,1,0,0,50000,43.13,-108.4,43.13,-108.32,3,50,1,1,13,0,0,0,FALSE,0
303,1968,6,7,6/7/1968,15:20:00,America/Chicago,1968-06-07T20:20:00Z,WY,56,1,0,0,5000,44.7,-106.8,0,0,0.3,200,1,1,33,0,0,0,FALSE,0
314,1968,6,9,6/9/1968,15:30:00,America/Chicago,1968-06-09T20:30:00Z,WY,56,0,0,0,NA,44.7,-105.7,0,0,0.1,10,1,1,5,0,0,0,TRUE,0
546,1968,9,2,9/2/1968,14:18:00,America/Chicago,1968-09-02T19:18:00Z,WY,56,0,0,0,50,42.9,-106.6,0,0,0.1,10,1,1,25,0,0,0,TRUE,0
173,1969,5,15,5/15/1969,14:57:00,America/Chicago,1969-05-15T19:57:00Z,WY,56,0,0,0,50,42.93,-106.33,42.97,-106.25,3.8,67,1,1,25,0,0,0,TRUE,0
254,1969,6,10,6/10/1969,13:20:00,America/Chicago,1969-06-10T18:20:00Z,WY,56,0,0,0,NA,41.8,-110.3,0,0,0.5,67,1,1,23,0,0,0,FALSE,0
312,1969,6,24,6/24/1969,16:20:00,America/Chicago,1969-06-24T21:20:00Z,WY,56,0,0,0,NA,44,-106,0,0,0.1,10,1,1,5,0,0,0,TRUE,0
445,1969,7,23,7/23/1969,20:50:00,America/Chicago,1969-07-24T01:50:00Z,WY,56,1,0,0,50000,41.92,-104.1,41.92,-103.95,7.3,50,1,1,15,0,0,0,FALSE,0
153,1971,4,18,4/18/1971,17:00:00,America/Chicago,1971-04-18T23:00:00Z,WY,56,1,0,0,5000,42.3,-104.45,0,0,0.8,33,1,1,15,0,0,0,FALSE,0
171,1971,4,19,4/19/1971,20:00:00,America/Chicago,1971-04-20T02:00:00Z,WY,56,1,0,0,5000,41.18,-104.73,0,0,0.8,20,1,1,21,0,0,0,FALSE,0
347,1971,5,29,5/29/1971,02:00:00,America/Chicago,1971-05-29T07:00:00Z,WY,56,2,3,0,NA,42.92,-106.2,0,0,0.2,10,1,1,25,0,0,0,FALSE,3
508,1971,6,12,6/12/1971,17:30:00,America/Chicago,1971-06-12T22:30:00Z,WY,56,1,0,0,5000,42.07,-104.17,0,0,1,10,1,1,15,0,0,0,FALSE,0
398,1971,6,3,6/3/1971,18:00:00,America/Chicago,1971-06-03T23:00:00Z,WY,56,1,0,0,5000,44.25,-106.7,0,0,1,27,1,1,19,0,0,0,FALSE,0
468,1971,6,8,6/8/1971,04:00:00,America/Chicago,1971-06-08T09:00:00Z,WY,56,1,0,0,NA,41.63,-104.85,41.45,-104.32,30.2,50,1,1,21,31,15,0,FALSE,0
473,1971,6,8,6/8/1971,17:30:00,America/Chicago,1971-06-08T22:30:00Z,WY,56,1,0,0,NA,41.53,-104.8,0,0,0.1,10,1,1,21,0,0,0,FALSE,0
360,1972,6,10,6/10/1972,15:00:00,America/Chicago,1972-06-10T20:00:00Z,WY,56,1,0,0,NA,44.32,-105.52,0,0,0.1,10,1,1,5,0,0,0,FALSE,0
384,1972,6,15,6/15/1972,15:00:00,America/Chicago,1972-06-15T20:00:00Z,WY,56,1,0,0,NA,44.47,-104.47,0,0,0.3,100,1,1,11,0,0,0,FALSE,0
564,1972,7,27,7/27/1972,22:04:00,America/Chicago,1972-07-28T03:04:00Z,WY,56,0,0,0,NA,41.73,-104.67,0,0,0.1,10,1,1,31,0,0,0,FALSE,0
797,1973,7,21,7/21/1973,18:00:00,America/Chicago,1973-07-21T23:00:00Z,WY,56,1,0,0,NA,44.22,-105.33,0,0,0.1,10,1,1,5,0,0,0,FALSE,0
798,1973,7,21,7/21/1973,18:00:00,America/Chicago,1973-07-21T23:00:00Z,WY,56,1,0,0,NA,44.3,-105.63,0,0,0.1,10,1,1,5,0,0,0,FALSE,0
801,1973,7,22,7/22/1973,17:15:00,America/Chicago,1973-07-22T22:15:00Z,WY,56,1,0,0,NA,41.12,-104.92,0,0,0.1,10,1,1,21,0,0,0,FALSE,0
803,1973,7,23,7/23/1973,13:50:00,America/Chicago,1973-07-23T18:50:00Z,WY,56,1,0,0,NA,44.23,-106.7,0,0,0.1,10,1,1,19,0,0,0,FALSE,0
865,1973,8,27,8/27/1973,15:30:00,America/Chicago,1973-08-27T20:30:00Z,WY,56,2,0,0,50000,42.58,-108.85,0,0,0.5,200,1,1,13,0,0,0,FALSE,0
899,1973,9,9,9/9/1973,16:28:00,America/Chicago,1973-09-09T21:28:00Z,WY,56,1,0,0,NA,41.6,-109.53,0,0,0.1,10,1,1,37,0,0,0,FALSE,0
635,1974,6,20,6/20/1974,15:00:00,America/Chicago,1974-06-20T20:00:00Z,WY,56,1,0,0,5000,44.38,-108.05,0,0,0.1,10,1,1,3,0,0,0,FALSE,0
636,1974,6,20,6/20/1974,15:30:00,America/Chicago,1974-06-20T20:30:00Z,WY,56,1,0,0,5000,44.5,-107.72,0,0,0.1,10,1,1,3,0,0,0,FALSE,0
688,1974,6,27,6/27/1974,16:00:00,America/Chicago,1974-06-27T21:00:00Z,WY,56,1,0,0,50000,41.53,-109.48,0,0,0.1,10,1,1,37,0,0,0,FALSE,0
732,1974,7,20,7/20/1974,20:30:00,America/Chicago,1974-07-21T01:30:00Z,WY,56,1,0,0,5000,44.63,-107.67,0,0,0.1,10,1,1,3,0,0,0,FALSE,0
689,1974,7,1,7/1/1974,18:00:00,America/Chicago,1974-07-01T23:00:00Z,WY,56,1,0,0,50000,42.48,-104.07,0,0,0.1,10,1,1,15,0,0,0,FALSE,0
807,1974,8,14,8/14/1974,16:00:00,America/Chicago,1974-08-14T21:00:00Z,WY,56,1,2,0,5000,43.88,-107.08,0,0,1.5,67,1,1,19,0,0,0,FALSE,2
845,1974,8,28,8/28/1974,22:00:00,America/Chicago,1974-08-29T03:00:00Z,WY,56,1,0,0,5000,41.65,-104.87,0,0,0.1,10,1,1,21,0,0,0,FALSE,0
771,1974,8,9,8/9/1974,13:50:00,America/Chicago,1974-08-09T18:50:00Z,WY,56,1,0,0,50,41,-106.17,0,0,0.1,10,1,1,1,0,0,0,FALSE,0
772,1974,8,9,8/9/1974,14:15:00,America/Chicago,1974-08-09T19:15:00Z,WY,56,1,0,0,50,41.32,-105.83,0,0,0.1,10,1,1,1,0,0,0,FALSE,0
773,1974,8,9,8/9/1974,17:43:00,America/Chicago,1974-08-09T22:43:00Z,WY,56,1,0,0,50,42.92,-106.68,0,0,0.1,10,1,1,25,0,0,0,FALSE,0
342,1975,5,8,5/8/1975,17:05:00,America/Chicago,1975-05-08T22:05:00Z,WY,56,1,0,0,50,43.45,-106.27,0,0,0.1,10,1,1,25,0,0,0,FALSE,0
585,1975,6,18,6/18/1975,17:09:00,America/Chicago,1975-06-18T22:09:00Z,WY,56,0,0,0,NA,44.08,-107.92,0,0,0.1,10,1,1,43,0,0,0,FALSE,0
632,1975,6,25,6/25/1975,15:30:00,America/Chicago,1975-06-25T20:30:00Z,WY,56,2,1,0,NA,44.3,-105.5,44.28,-105.17,16.3,67,1,1,5,0,0,0,FALSE,1
636,1975,6,25,6/25/1975,18:15:00,America/Chicago,1975-06-25T23:15:00Z,WY,56,3,0,0,50000,44.23,-104.35,44.37,-104.2,11.5,440,1,1,11,0,0,0,FALSE,0
637,1975,6,25,6/25/1975,18:30:00,America/Chicago,1975-06-25T23:30:00Z,WY,56,1,0,0,5000,44.27,-104.18,0,0,0.1,10,1,1,11,0,0,0,FALSE,0
638,1975,6,25,6/25/1975,18:40:00,America/Chicago,1975-06-25T23:40:00Z,WY,56,0,0,0,50,41.37,-104.13,0,0,0.1,10,1,1,21,0,0,0,FALSE,0
748,1975,7,30,7/30/1975,15:30:00,America/Chicago,1975-07-30T20:30:00Z,WY,56,1,0,0,50,42.88,-110.13,0,0,0.1,10,1,1,35,0,0,0,FALSE,0
750,1975,7,30,7/30/1975,21:00:00,America/Chicago,1975-07-31T02:00:00Z,WY,56,2,0,0,NA,43.82,-105.87,43.78,-105.62,12.4,33,1,1,5,0,0,0,FALSE,0
751,1975,7,30,7/30/1975,21:00:00,America/Chicago,1975-07-31T02:00:00Z,WY,56,1,0,0,NA,44.7,-105.83,0,0,2,33,1,1,5,0,0,0,FALSE,0
243,1976,4,12,4/12/1976,19:10:00,America/Chicago,1976-04-13T01:10:00Z,WY,56,1,0,0,50000,42.77,-104.65,0,0,0.3,13,1,1,27,0,0,0,FALSE,0
463,1976,5,29,5/29/1976,15:15:00,America/Chicago,1976-05-29T20:15:00Z,WY,56,2,0,0,500,41.25,-104.62,0,0,0.2,40,1,1,21,0,0,0,FALSE,0
468,1976,5,29,5/29/1976,15:50:00,America/Chicago,1976-05-29T20:50:00Z,WY,56,2,0,0,500,41.33,-104.35,0,0,0.1,40,1,1,21,0,0,0,FALSE,0
589,1976,6,13,6/13/1976,14:50:00,America/Chicago,1976-06-13T19:50:00Z,WY,56,0,0,0,50,44.28,-105.48,0,0,0.1,10,1,1,5,0,0,0,FALSE,0
609,1976,6,16,6/16/1976,17:51:00,America/Chicago,1976-06-16T22:51:00Z,WY,56,0,0,0,50,44.62,-105.48,0,0,0.1,10,1,1,5,0,0,0,FALSE,0
611,1976,6,17,6/17/1976,15:40:00,America/Chicago,1976-06-17T20:40:00Z,WY,56,0,0,0,5000,43.97,-107.45,0,0,0.1,10,1,1,43,0,0,0,FALSE,0
641,1976,6,26,6/26/1976,18:30:00,America/Chicago,1976-06-26T23:30:00Z,WY,56,1,0,0,5000,44.77,-108.73,0,0,2,27,1,1,29,0,0,0,FALSE,0
519,1976,6,4,6/4/1976,18:30:00,America/Chicago,1976-06-04T23:30:00Z,WY,56,0,0,0,50,44.97,-107.15,0,0,0.1,10,1,1,33,0,0,0,FALSE,0
520,1976,6,4,6/4/1976,18:30:00,America/Chicago,1976-06-04T23:30:00Z,WY,56,0,0,0,50,44.97,-107.15,0,0,0.1,10,1,1,33,0,0,0,FALSE,0
526,1976,6,5,6/5/1976,19:30:00,America/Chicago,1976-06-06T00:30:00Z,WY,56,0,0,0,50,44.52,-105.2,0,0,0.1,10,1,1,5,0,0,0,FALSE,0
527,1976,6,5,6/5/1976,19:30:00,America/Chicago,1976-06-06T00:30:00Z,WY,56,0,0,0,50,44.38,-104.8,0,0,0.1,10,1,1,11,0,0,0,FALSE,0
528,1976,6,5,6/5/1976,19:30:00,America/Chicago,1976-06-06T00:30:00Z,WY,56,0,0,0,50,44.33,-104.87,0,0,0.1,10,1,1,11,0,0,0,FALSE,0
529,1976,6,5,6/5/1976,19:39:00,America/Chicago,1976-06-06T00:39:00Z,WY,56,0,0,0,50,44.33,-105.48,0,0,0.1,10,1,1,5,0,0,0,FALSE,0
530,1976,6,5,6/5/1976,19:53:00,America/Chicago,1976-06-06T00:53:00Z,WY,56,0,0,0,50,44.63,-105.53,0,0,0.1,10,1,1,5,0,0,0,FALSE,0
531,1976,6,5,6/5/1976,20:45:00,America/Chicago,1976-06-06T01:45:00Z,WY,56,0,0,0,50,44.32,-105.2,0,0,0.1,10,1,1,5,0,0,0,FALSE,0
704,1976,7,12,7/12/1976,16:05:00,America/Chicago,1976-07-12T21:05:00Z,WY,56,0,0,0,NA,42.02,-104.52,0,0,0.1,10,1,1,15,0,0,0,FALSE,0
705,1976,7,12,7/12/1976,17:05:00,America/Chicago,1976-07-12T22:05:00Z,WY,56,0,0,0,NA,44.75,-105.75,0,0,0.1,10,1,1,5,0,0,0,FALSE,0
706,1976,7,12,7/12/1976,18:00:00,America/Chicago,1976-07-12T23:00:00Z,WY,56,1,0,0,50000,44.3,-104.67,0,0,0.1,10,1,1,11,0,0,0,FALSE,0
668,1976,7,2,7/2/1976,14:00:00,America/Chicago,1976-07-02T19:00:00Z,WY,56,2,0,0,500000,41.42,-106.38,0,0,2.5,433,1,1,7,0,0,0,FALSE,0
677,1976,7,4,7/4/1976,17:00:00,America/Chicago,1976-07-04T22:00:00Z,WY,56,1,0,0,NA,44.38,-108.03,0,0,0.2,10,1,1,3,0,0,0,FALSE,0
768,1976,8,15,8/15/1976,15:15:00,America/Chicago,1976-08-15T20:15:00Z,WY,56,1,0,0,500000,43.85,-105.5,0,0,0.1,10,1,1,5,0,0,0,FALSE,0
751,1976,8,3,8/3/1976,15:36:00,America/Chicago,1976-08-03T20:36:00Z,WY,56,1,0,0,NA,43.07,-107.87,0,0,0.1,10,1,1,13,0,0,0,FALSE,0
752,1976,8,4,8/4/1976,14:40:00,America/Chicago,1976-08-04T19:40:00Z,WY,56,1,0,0,NA,41.72,-104.82,0,0,0.1,10,1,1,31,0,0,0,FALSE,0
754,1976,8,8,8/8/1976,18:30:00,America/Chicago,1976-08-08T23:30:00Z,WY,56,0,0,0,NA,41.97,-104.57,0,0,0.1,10,1,1,15,0,0,0,FALSE,0
244,1977,5,9,5/9/1977,17:00:00,America/Chicago,1977-05-09T22:00:00Z,WY,56,1,0,0,500,44.22,-106.73,44.28,-106.78,4.5,27,1,1,19,0,0,0,FALSE,0
245,1977,5,9,5/9/1977,23:00:00,America/Chicago,1977-05-10T04:00:00Z,WY,56,1,0,0,5000,42.82,-104.3,0,0,0.1,10,1,1,9,0,0,0,FALSE,0
464,1977,6,18,6/18/1977,21:00:00,America/Chicago,1977-06-19T02:00:00Z,WY,56,1,1,0,50,41.17,-104.3,0,0,0.1,10,1,1,21,0,0,0,FALSE,1
470,1977,6,20,6/20/1977,12:15:00,America/Chicago,1977-06-20T17:15:00Z,WY,56,1,0,0,500,43.48,-109.88,0,0,2,20,1,1,13,0,0,0,FALSE,0
471,1977,6,20,6/20/1977,15:25:00,America/Chicago,1977-06-20T20:25:00Z,WY,56,1,0,0,50,43.52,-106.98,0,0,0.1,10,1,1,19,0,0,0,FALSE,0
473,1977,6,20,6/20/1977,17:15:00,America/Chicago,1977-06-20T22:15:00Z,WY,56,1,0,0,50,42.05,-105.17,0,0,0.1,10,1,1,31,0,0,0,FALSE,0
474,1977,6,20,6/20/1977,17:30:00,America/Chicago,1977-06-20T22:30:00Z,WY,56,1,0,0,50,41.93,-105.15,0,0,0.1,10,1,1,31,0,0,0,FALSE,0
477,1977,6,20,6/20/1977,18:45:00,America/Chicago,1977-06-20T23:45:00Z,WY,56,1,0,0,50,42.92,-105.78,0,0,0.1,10,1,1,9,0,0,0,FALSE,0
479,1977,6,20,6/20/1977,19:20:00,America/Chicago,1977-06-21T00:20:00Z,WY,56,1,0,0,50,42.07,-104.52,0,0,0.1,10,1,1,15,0,0,0,FALSE,0
482,1977,6,22,6/22/1977,13:15:00,America/Chicago,1977-06-22T18:15:00Z,WY,56,1,0,0,50,41.17,-104.63,0,0,0.1,10,1,1,21,0,0,0,FALSE,0
493,1977,6,25,6/25/1977,20:40:00,America/Chicago,1977-06-26T01:40:00Z,WY,56,1,0,0,50,44.4,-105.65,0,0,0.1,10,1,1,5,0,0,0,FALSE,0
413,1977,6,5,6/5/1977,18:57:00,America/Chicago,1977-06-05T23:57:00Z,WY,56,1,0,0,50,41.72,-105.88,0,0,0.1,10,1,1,1,0,0,0,FALSE,0
765,1977,9,21,9/21/1977,21:45:00,America/Chicago,1977-09-22T02:45:00Z,WY,56,0,0,0,NA,43,-104.45,0,0,0.1,10,1,1,27,0,0,0,FALSE,0
270,1978,5,16,5/16/1978,19:15:00,America/Chicago,1978-05-17T00:15:00Z,WY,56,0,0,0,NA,43.08,-104.97,0,0,2,180,1,1,9,0,0,0,TRUE,0
271,1978,5,16,5/16/1978,21:00:00,America/Chicago,1978-05-17T02:00:00Z,WY,56,0,0,0,NA,42.75,-104.83,0,0,2,180,1,1,9,0,0,0,TRUE,0
278,1978,5,17,5/17/1978,18:00:00,America/Chicago,1978-05-17T23:00:00Z,WY,56,0,0,0,NA,41.15,-105.32,0,0,0.1,10,1,1,21,0,0,0,TRUE,0
284,1978,5,18,5/18/1978,18:00:00,America/Chicago,1978-05-18T23:00:00Z,WY,56,0,0,0,NA,42.77,-105.25,0,0,0.1,10,1,1,9,0,0,0,TRUE,0
283,1978,5,18,5/18/1978,18:00:00,America/Chicago,1978-05-18T23:00:00Z,WY,56,0,0,0,NA,42.75,-105.27,0,0,0.1,10,1,1,9,0,0,0,TRUE,0
282,1978,5,18,5/18/1978,18:00:00,America/Chicago,1978-05-18T23:00:00Z,WY,56,0,0,0,NA,42.73,-105.25,0,0,0.1,10,1,1,9,0,0,0,TRUE,0
281,1978,5,18,5/18/1978,18:00:00,America/Chicago,1978-05-18T23:00:00Z,WY,56,0,0,0,NA,42.75,-105.25,0,0,0.1,10,1,1,9,0,0,0,TRUE,0
296,1978,5,22,5/22/1978,20:00:00,America/Chicago,1978-05-23T01:00:00Z,WY,56,1,0,0,500000,44.18,-105.48,0,0,3,140,1,1,5,0,0,0,TRUE,0
298,1978,5,23,5/23/1978,16:55:00,America/Chicago,1978-05-23T21:55:00Z,WY,56,3,0,0,500000,44.25,-105.75,44.25,-105.45,14.5,180,1,1,5,0,0,0,TRUE,0
334,1978,5,27,5/27/1978,12:14:00,America/Chicago,1978-05-27T17:14:00Z,WY,56,0,0,0,NA,42.65,-105.18,0,0,3,160,1,1,9,0,0,0,TRUE,0
358,1978,5,29,5/29/1978,17:30:00,America/Chicago,1978-05-29T22:30:00Z,WY,56,0,0,0,NA,44.28,-105.97,0,0,3,160,1,1,5,0,0,0,TRUE,0
450,1978,6,18,6/18/1978,21:00:00,America/Chicago,1978-06-19T02:00:00Z,WY,56,1,0,0,50000,44.83,-108.25,0,0,0.1,10,1,1,3,0,0,0,FALSE,0
510,1978,6,29,6/29/1978,15:50:00,America/Chicago,1978-06-29T20:50:00Z,WY,56,1,0,0,NA,42.03,-104.4,0,0,0.1,10,1,1,15,0,0,0,FALSE,0
582,1978,7,11,7/11/1978,16:20:00,America/Chicago,1978-07-11T21:20:00Z,WY,56,2,0,0,50000,44.67,-108.83,0,0,0.4,200,1,1,29,0,0,0,FALSE,0
616,1978,7,20,7/20/1978,18:40:00,America/Chicago,1978-07-20T23:40:00Z,WY,56,2,1,0,50000,43,-106.33,0,0,1,100,1,1,25,0,0,0,FALSE,1
620,1978,7,21,7/21/1978,13:53:00,America/Chicago,1978-07-21T18:53:00Z,WY,56,0,0,0,NA,41.32,-105.67,0,0,5,100,1,1,1,0,0,0,FALSE,0
648,1978,7,28,7/28/1978,19:00:00,America/Chicago,1978-07-29T00:00:00Z,WY,56,2,0,0,500000,43.03,-104.67,0,0,5,700,1,1,27,0,0,0,FALSE,0
649,1978,7,28,7/28/1978,19:30:00,America/Chicago,1978-07-29T00:30:00Z,WY,56,2,0,0,500000,42.3,-104.03,0,0,1,200,1,1,15,0,0,0,FALSE,0
656,1978,7,31,7/31/1978,15:58:00,America/Chicago,1978-07-31T20:58:00Z,WY,56,1,0,0,NA,41.6,-109.17,0,0,1,100,1,1,37,0,0,0,FALSE,0
536,1978,7,4,7/4/1978,14:30:00,America/Chicago,1978-07-04T19:30:00Z,WY,56,2,1,0,500000,44.5,-108,0,0,5,200,1,1,3,0,0,0,FALSE,1
722,1978,8,31,8/31/1978,13:00:00,America/Chicago,1978-08-31T18:00:00Z,WY,56,1,0,0,NA,41.17,-104.13,0,0,1,30,1,1,21,0,0,0,FALSE,0
242,1979,5,5,5/5/1979,21:00:00,America/Chicago,1979-05-06T02:00:00Z,WY,56,1,0,0,NA,41.32,-105.58,0,0,0.3,30,1,1,1,0,0,0,FALSE,0
339,1979,6,14,6/14/1979,19:00:00,America/Chicago,1979-06-15T00:00:00Z,WY,56,1,0,0,NA,41.33,-104,0,0,0.1,10,1,1,21,0,0,0,FALSE,0
340,1979,6,15,6/15/1979,23:30:00,America/Chicago,1979-06-16T04:30:00Z,WY,56,1,0,0,NA,44.23,-105.28,0,0,0.1,10,1,1,5,0,0,0,FALSE,0
348,1979,6,16,6/16/1979,19:46:00,America/Chicago,1979-06-17T00:46:00Z,WY,56,0,0,0,NA,41.32,-103.97,0,0,0.1,60,1,1,21,0,0,0,FALSE,0
351,1979,6,18,6/18/1979,16:00:00,America/Chicago,1979-06-18T21:00:00Z,WY,56,0,0,0,NA,44.33,-106.7,0,0,0.3,100,1,1,19,0,0,0,FALSE,0
352,1979,6,18,6/18/1979,16:00:00,America/Chicago,1979-06-18T21:00:00Z,WY,56,0,0,0,NA,44.33,-106.7,0,0,0.1,10,1,1,19,0,0,0,FALSE,0
353,1979,6,18,6/18/1979,16:00:00,America/Chicago,1979-06-18T21:00:00Z,WY,56,0,0,0,NA,44.33,-106.7,0,0,0.1,10,1,1,19,0,0,0,FALSE,0
401,1979,6,26,6/26/1979,15:10:00,America/Chicago,1979-06-26T20:10:00Z,WY,56,0,0,0,NA,41.25,-104.17,0,0,0.7,150,1,1,21,0,0,0,FALSE,0
404,1979,6,27,6/27/1979,14:00:00,America/Chicago,1979-06-27T19:00:00Z,WY,56,0,0,0,NA,44.28,-105.67,0,0,0.3,100,1,1,19,0,0,0,FALSE,0
405,1979,6,27,6/27/1979,14:00:00,America/Chicago,1979-06-27T19:00:00Z,WY,56,0,0,0,NA,44.28,-105.67,0,0,0.1,10,1,1,19,0,0,0,FALSE,0
436,1979,6,28,6/28/1979,19:00:00,America/Chicago,1979-06-29T00:00:00Z,WY,56,1,0,0,5000000,42.22,-104.52,0,0,2,300,1,1,15,0,0,0,FALSE,0
437,1979,6,28,6/28/1979,19:00:00,America/Chicago,1979-06-29T00:00:00Z,WY,56,0,0,0,NA,42.22,-104.52,0,0,0.1,10,1,1,15,0,0,0,FALSE,0
438,1979,6,28,6/28/1979,19:00:00,America/Chicago,1979-06-29T00:00:00Z,WY,56,0,0,0,NA,42.22,-104.52,0,0,0.1,10,1,1,15,0,0,0,FALSE,0
439,1979,6,28,6/28/1979,19:00:00,America/Chicago,1979-06-29T00:00:00Z,WY,56,0,0,0,NA,42.22,-104.52,0,0,0.1,10,1,1,15,0,0,0,FALSE,0
440,1979,6,28,6/28/1979,19:30:00,America/Chicago,1979-06-29T00:30:00Z,WY,56,1,0,0,50000,42.07,-104.18,0,0,1,200,1,1,15,0,0,0,FALSE,0
522,1979,7,16,7/16/1979,15:25:00,America/Chicago,1979-07-16T20:25:00Z,WY,56,3,40,1,50000000,41.17,-104.82,41.07,-104.7,8.8,80,1,1,21,0,0,0,FALSE,41
523,1979,7,16,7/16/1979,15:55:00,America/Chicago,1979-07-16T20:55:00Z,WY,56,0,0,0,50,41.13,-104.78,0,0,1,50,1,1,21,0,0,0,FALSE,0
543,1979,7,22,7/22/1979,20:00:00,America/Chicago,1979-07-23T01:00:00Z,WY,56,0,0,0,NA,44.5,-105.6,0,0,1,50,1,1,5,0,0,0,FALSE,0
559,1979,7,26,7/26/1979,20:00:00,America/Chicago,1979-07-27T01:00:00Z,WY,56,0,0,0,NA,44.28,-105.5,0,0,1,50,1,1,5,0,0,0,FALSE,0
560,1979,7,26,7/26/1979,20:00:00,America/Chicago,1979-07-27T01:00:00Z,WY,56,0,0,0,NA,44.28,-105.52,0,0,1,50,1,1,5,0,0,0,FALSE,0
561,1979,7,26,7/26/1979,20:00:00,America/Chicago,1979-07-27T01:00:00Z,WY,56,0,0,0,NA,44.35,-105.53,0,0,1,50,1,1,5,0,0,0,FALSE,0
562,1979,7,26,7/26/1979,20:00:00,America/Chicago,1979-07-27T01:00:00Z,WY,56,0,0,0,NA,44.37,-105.55,0,0,1,50,1,1,5,0,0,0,FALSE,0
566,1979,7,27,7/27/1979,20:20:00,America/Chicago,1979-07-28T01:20:00Z,WY,56,0,0,0,NA,42.85,-105.87,0,0,1,50,1,1,9,0,0,0,FALSE,0
567,1979,7,27,7/27/1979,20:20:00,America/Chicago,1979-07-28T01:20:00Z,WY,56,0,0,0,NA,42.87,-105.88,0,0,1,50,1,1,9,0,0,0,FALSE,0
568,1979,7,27,7/27/1979,20:20:00,America/Chicago,1979-07-28T01:20:00Z,WY,56,0,0,0,NA,42.88,-105.9,0,0,1,50,1,1,9,0,0,0,FALSE,0
569,1979,7,27,7/27/1979,21:10:00,America/Chicago,1979-07-28T02:10:00Z,WY,56,0,0,0,NA,43.03,-106.85,0,0,1,50,1,1,25,0,0,0,FALSE,0
570,1979,7,27,7/27/1979,22:35:00,America/Chicago,1979-07-28T03:35:00Z,WY,56,0,0,0,NA,42.75,-105.45,0,0,1,50,1,1,9,0,0,0,FALSE,0
572,1979,7,28,7/28/1979,21:50:00,America/Chicago,1979-07-29T02:50:00Z,WY,56,0,0,0,NA,44.28,-105.48,0,0,1,50,1,1,5,0,0,0,FALSE,0
573,1979,7,28,7/28/1979,21:50:00,America/Chicago,1979-07-29T02:50:00Z,WY,56,0,0,0,NA,44.3,-105.5,0,0,1,50,1,1,5,0,0,0,FALSE,0
574,1979,7,28,7/28/1979,23:00:00,America/Chicago,1979-07-29T04:00:00Z,WY,56,0,0,0,NA,44.58,-104.7,0,0,1,50,1,1,11,0,0,0,FALSE,0
585,1979,7,30,7/30/1979,13:30:00,America/Chicago,1979-07-30T18:30:00Z,WY,56,0,0,0,5000,41.15,-104.85,0,0,1,50,1,1,21,0,0,0,FALSE,0
586,1979,7,30,7/30/1979,13:30:00,America/Chicago,1979-07-30T18:30:00Z,WY,56,0,0,0,NA,41.15,-104.92,0,0,1,50,1,1,21,0,0,0,FALSE,0
466,1979,7,4,7/4/1979,16:00:00,America/Chicago,1979-07-04T21:00:00Z,WY,56,0,0,0,NA,44.42,-105.48,0,0,1,50,1,1,5,0,0,0,FALSE,0
644,1979,8,14,8/14/1979,13:00:00,America/Chicago,1979-08-14T18:00:00Z,WY,56,0,0,0,NA,41.67,-107.87,0,0,1,200,1,1,37,0,0,0,FALSE,0
645,1979,8,14,8/14/1979,14:00:00,America/Chicago,1979-08-14T19:00:00Z,WY,56,0,0,0,NA,41.72,-107.2,0,0,0.1,10,1,1,7,0,0,0,FALSE,0
646,1979,8,14,8/14/1979,14:00:00,America/Chicago,1979-08-14T19:00:00Z,WY,56,0,0,0,NA,41.72,-107.75,0,0,0.1,10,1,1,37,0,0,0,FALSE,0
647,1979,8,14,8/14/1979,14:00:00,America/Chicago,1979-08-14T19:00:00Z,WY,56,0,0,0,NA,41.72,-107.65,0,0,0.1,10,1,1,37,0,0,0,FALSE,0
698,1979,8,28,8/28/1979,15:35:00,America/Chicago,1979-08-28T20:35:00Z,WY,56,0,0,0,NA,41.15,-104.37,0,0,0.1,10,1,1,21,0,0,0,FALSE,0
699,1979,8,28,8/28/1979,15:35:00,America/Chicago,1979-08-28T20:35:00Z,WY,56,0,0,0,NA,41.15,-104.37,0,0,0.1,10,1,1,21,0,0,0,FALSE,0
593,1979,8,1,8/1/1979,21:00:00,America/Chicago,1979-08-02T02:00:00Z,WY,56,0,0,0,50000,42.67,-104.5,0,0,2,250,1,1,27,0,0,0,FALSE,0
756,1979,9,7,9/7/1979,13:30:00,America/Chicago,1979-09-07T18:30:00Z,WY,56,0,0,0,NA,41.15,-104.78,0,0,0.1,10,1,1,21,0,0,0,FALSE,0
757,1979,9,7,9/7/1979,14:00:00,America/Chicago,1979-09-07T19:00:00Z,WY,56,0,0,0,NA,41.15,-104.82,0,0,0.1,10,1,1,21,0,0,0,FALSE,0
288,1980,5,24,5/24/1980,18:30:00,America/Chicago,1980-05-24T23:30:00Z,WY,56,0,0,0,NA,42.9,-106.22,0,0,0.1,10,1,1,25,0,0,0,FALSE,0
289,1980,5,24,5/24/1980,19:20:00,America/Chicago,1980-05-25T00:20:00Z,WY,56,0,0,0,NA,41.03,-104.65,0,0,0.1,10,1,1,21,0,0,0,FALSE,0
338,1980,5,29,5/29/1980,13:55:00,America/Chicago,1980-05-29T18:55:00Z,WY,56,1,0,0,500000,41.17,-104.37,40.98,-104.27,14.5,40,2,0,0,0,0,0,FALSE,0
203,1980,5,6,5/6/1980,13:50:00,America/Chicago,1980-05-06T18:50:00Z,WY,56,0,0,0,NA,41.18,-104.82,0,0,0.1,10,1,1,21,0,0,0,FALSE,0
204,1980,5,6,5/6/1980,14:13:00,America/Chicago,1980-05-06T19:13:00Z,WY,56,0,0,0,NA,41.07,-104.82,0,0,0.1,10,1,1,21,0,0,0,FALSE,0
538,1980,6,14,6/14/1980,15:55:00,America/Chicago,1980-06-14T20:55:00Z,WY,56,1,0,0,500,44.68,-104.63,0,0,0.1,10,1,1,11,0,0,0,FALSE,0
539,1980,6,14,6/14/1980,16:15:00,America/Chicago,1980-06-14T21:15:00Z,WY,56,0,0,0,NA,43.3,-104.3,0,0,0.1,10,1,1,27,0,0,0,FALSE,0
614,1980,6,30,6/30/1980,17:00:00,America/Chicago,1980-06-30T22:00:00Z,WY,56,1,0,0,500,41.1,-104.27,0,0,0.1,10,1,1,21,0,0,0,FALSE,0
682,1980,7,17,7/17/1980,15:10:00,America/Chicago,1980-07-17T20:10:00Z,WY,56,0,0,0,NA,41.25,-104.07,0,0,0.1,10,1,1,21,0,0,0,TRUE,0
693,1980,7,22,7/22/1980,20:49:00,America/Chicago,1980-07-23T01:49:00Z,WY,56,0,0,0,NA,41.38,-105.07,0,0,0.1,10,1,1,21,0,0,0,TRUE,0
697,1980,7,24,7/24/1980,14:00:00,America/Chicago,1980-07-24T19:00:00Z,WY,56,1,0,0,50000,42.73,-110.92,0,0,0.1,10,1,1,23,0,0,0,TRUE,0
700,1980,7,25,7/25/1980,16:30:00,America/Chicago,1980-07-25T21:30:00Z,WY,56,0,0,0,NA,41.75,-104.83,0,0,0.1,10,1,1,9,0,0,0,TRUE,0
704,1980,7,26,7/26/1980,18:30:00,America/Chicago,1980-07-26T23:30:00Z,WY,56,0,0,0,NA,42.67,-104.18,0,0,0.1,10,1,1,15,0,0,0,TRUE,0
703,1980,7,26,7/26/1980,18:30:00,America/Chicago,1980-07-26T23:30:00Z,WY,56,0,0,0,NA,42.67,-104.18,0,0,0.1,10,1,1,15,0,0,0,TRUE,0
714,1980,8,3,8/3/1980,14:00:00,America/Chicago,1980-08-03T19:00:00Z,WY,56,1,0,0,500000,43.23,-108.12,0,0,0.1,10,1,1,13,0,0,0,FALSE,0
118,1981,4,20,4/20/1981,15:00:00,America/Chicago,1981-04-20T21:00:00Z,WY,56,0,0,0,NA,42.13,-104.97,0,0,0.1,10,1,1,31,0,0,0,FALSE,0
621,1981,7,24,7/24/1981,15:00:00,America/Chicago,1981-07-24T20:00:00Z,WY,56,1,0,0,NA,44.83,-108.38,0,0,0.1,10,1,1,3,0,0,0,FALSE,0
684,1981,8,16,8/16/1981,11:25:00,America/Chicago,1981-08-16T16:25:00Z,WY,56,0,0,0,NA,41.13,-105.15,0,0,0.1,10,1,1,21,0,0,0,FALSE,0
718,1981,9,2,9/2/1981,13:15:00,America/Chicago,1981-09-02T18:15:00Z,WY,56,0,0,0,NA,41.13,-104.18,41.08,-104.13,3.3,10,1,1,21,0,0,0,FALSE,0
641,1982,6,14,6/14/1982,11:00:00,America/Chicago,1982-06-14T16:00:00Z,WY,56,0,0,0,50,42.33,-106.22,0,0,1,17,1,1,7,0,0,0,FALSE,0
642,1982,6,14,6/14/1982,11:15:00,America/Chicago,1982-06-14T16:15:00Z,WY,56,0,0,0,50,42.33,-106.22,0,0,1,17,1,1,7,0,0,0,FALSE,0
643,1982,6,14,6/14/1982,11:35:00,America/Chicago,1982-06-14T16:35:00Z,WY,56,0,0,0,50,41.9,-107.25,0,0,0.1,10,1,1,7,0,0,0,FALSE,0
644,1982,6,14,6/14/1982,12:00:00,America/Chicago,1982-06-14T17:00:00Z,WY,56,0,0,0,50,41.78,-107.7,0,0,0.1,10,1,1,37,0,0,0,FALSE,0
645,1982,6,14,6/14/1982,12:30:00,America/Chicago,1982-06-14T17:30:00Z,WY,56,0,0,0,50,41.77,-106.57,0,0,0.1,10,1,1,7,0,0,0,FALSE,0
648,1982,6,14,6/14/1982,14:00:00,America/Chicago,1982-06-14T19:00:00Z,WY,56,0,0,0,50,44.23,-105.58,0,0,0.1,10,1,1,5,0,0,0,FALSE,0
651,1982,6,14,6/14/1982,14:30:00,America/Chicago,1982-06-14T19:30:00Z,WY,56,1,0,0,500,44.13,-105.77,44.2,-105.57,10,167,1,1,5,0,0,0,FALSE,0
733,1982,6,24,6/24/1982,19:15:00,America/Chicago,1982-06-25T00:15:00Z,WY,56,0,0,0,50,41.3,-104.82,0,0,0.5,10,1,1,21,0,0,0,FALSE,0
734,1982,6,25,6/25/1982,14:30:00,America/Chicago,1982-06-25T19:30:00Z,WY,56,0,0,0,50,41.42,-105.63,0,0,0.5,10,1,1,1,0,0,0,FALSE,0
591,1982,6,5,6/5/1982,19:04:00,America/Chicago,1982-06-06T00:04:00Z,WY,56,0,0,0,50,42.75,-105.42,0,0,0.1,10,1,1,9,0,0,0,FALSE,0
592,1982,6,5,6/5/1982,19:25:00,America/Chicago,1982-06-06T00:25:00Z,WY,56,2,1,0,50000,42.58,-105.63,42.58,-105.5,7,33,1,1,9,0,0,0,FALSE,1
593,1982,6,5,6/5/1982,19:45:00,America/Chicago,1982-06-06T00:45:00Z,WY,56,1,3,0,50000,42.73,-105.43,42.77,-105.32,7,33,1,1,9,0,0,0,FALSE,3
594,1982,6,5,6/5/1982,20:01:00,America/Chicago,1982-06-06T01:01:00Z,WY,56,0,0,0,50,42.77,-106.38,42.8,-106.25,6,33,1,1,25,0,0,0,FALSE,0
595,1982,6,5,6/5/1982,20:30:00,America/Chicago,1982-06-06T01:30:00Z,WY,56,2,3,0,500000,43.05,-104.67,0,0,1,17,1,1,27,0,0,0,FALSE,3
838,1982,7,24,7/24/1982,20:30:00,America/Chicago,1982-07-25T01:30:00Z,WY,56,1,0,0,5000,44.27,-104.95,0,0,1,50,1,1,11,0,0,0,FALSE,0
769,1982,7,5,7/5/1982,16:00:00,America/Chicago,1982-07-05T21:00:00Z,WY,56,0,0,0,500,43.72,-107.05,0,0,0.2,50,1,1,19,0,0,0,FALSE,0
562,1983,6,20,6/20/1983,18:40:00,America/Chicago,1983-06-20T23:40:00Z,WY,56,1,0,0,50,43.25,-104.3,0,0,1,30,1,1,27,0,0,0,FALSE,0
458,1983,6,4,6/4/1983,15:45:00,America/Chicago,1983-06-04T20:45:00Z,WY,56,1,0,0,50,41.13,-104.35,0,0,0.5,30,1,1,21,0,0,0,FALSE,0
672,1983,7,17,7/17/1983,01:30:00,America/Chicago,1983-07-17T06:30:00Z,WY,56,1,0,0,50000,43.72,-105.47,0,0,1.5,70,1,1,5,0,0,0,FALSE,0
764,1983,8,18,8/18/1983,15:45:00,America/Chicago,1983-08-18T20:45:00Z,WY,56,0,0,0,50,41.32,-105.58,0,0,0.2,17,1,1,1,0,0,0,FALSE,0
445,1984,5,31,5/31/1984,19:00:00,America/Chicago,1984-06-01T00:00:00Z,WY,56,2,0,0,50000,44.3,-104.95,0,0,0.5,20,1,1,11,0,0,0,FALSE,0
339,1984,5,3,5/3/1984,18:30:00,America/Chicago,1984-05-03T23:30:00Z,WY,56,0,0,0,5000,44.83,-108.38,0,0,0.5,10,1,1,3,0,0,0,FALSE,0
585,1984,6,13,6/13/1984,16:10:00,America/Chicago,1984-06-13T21:10:00Z,WY,56,0,0,0,NA,43.03,-107,0,0,0.5,10,1,1,25,0,0,0,FALSE,0
586,1984,6,13,6/13/1984,16:40:00,America/Chicago,1984-06-13T21:40:00Z,WY,56,0,0,0,NA,43.23,-105.1,0,0,0.5,10,1,1,9,0,0,0,FALSE,0
587,1984,6,13,6/13/1984,16:45:00,America/Chicago,1984-06-13T21:45:00Z,WY,56,1,0,0,50000,43.2,-105.32,0,0,2,20,1,1,9,0,0,0,FALSE,0
588,1984,6,13,6/13/1984,17:00:00,America/Chicago,1984-06-13T22:00:00Z,WY,56,1,0,0,50000,43.03,-104.67,0,0,1,20,1,1,27,0,0,0,FALSE,0
589,1984,6,13,6/13/1984,17:00:00,America/Chicago,1984-06-13T22:00:00Z,WY,56,1,0,0,50000,43.03,-104.67,0,0,1,20,1,1,27,0,0,0,FALSE,0
590,1984,6,13,6/13/1984,17:00:00,America/Chicago,1984-06-13T22:00:00Z,WY,56,1,0,0,50000,43.03,-104.67,0,0,1,20,1,1,27,0,0,0,FALSE,0
591,1984,6,13,6/13/1984,17:55:00,America/Chicago,1984-06-13T22:55:00Z,WY,56,0,0,0,NA,43.32,-105.15,0,0,1,17,1,1,9,0,0,0,FALSE,0
592,1984,6,13,6/13/1984,18:00:00,America/Chicago,1984-06-13T23:00:00Z,WY,56,0,0,0,5000,43.08,-105.37,0,0,1,20,1,1,9,0,0,0,FALSE,0
594,1984,6,13,6/13/1984,19:00:00,America/Chicago,1984-06-14T00:00:00Z,WY,56,2,1,0,500000,43,-104.67,43.03,-104.62,4,30,1,1,27,0,0,0,FALSE,1
601,1984,6,15,6/15/1984,13:45:00,America/Chicago,1984-06-15T18:45:00Z,WY,56,0,0,0,NA,41.77,-104.83,0,0,0.5,10,1,1,31,0,0,0,FALSE,0
602,1984,6,15,6/15/1984,13:46:00,America/Chicago,1984-06-15T18:46:00Z,WY,56,0,0,0,NA,41.77,-104.83,0,0,1,17,1,1,31,0,0,0,FALSE,0
603,1984,6,15,6/15/1984,14:00:00,America/Chicago,1984-06-15T19:00:00Z,WY,56,1,0,0,NA,44.88,-107.38,0,0,1,20,1,1,33,0,0,0,FALSE,0
634,1984,6,18,6/18/1984,13:30:00,America/Chicago,1984-06-18T18:30:00Z,WY,56,0,0,0,NA,42.75,-105.82,0,0,0.5,10,1,1,9,0,0,0,FALSE,0
635,1984,6,18,6/18/1984,14:55:00,America/Chicago,1984-06-18T19:55:00Z,WY,56,0,0,0,NA,42.83,-106.62,0,0,0.5,10,1,1,25,0,0,0,FALSE,0
640,1984,6,20,6/20/1984,14:00:00,America/Chicago,1984-06-20T19:00:00Z,WY,56,0,0,0,500,44.47,-109.13,0,0,1,10,1,1,29,0,0,0,FALSE,0
669,1984,6,22,6/22/1984,23:00:00,America/Chicago,1984-06-23T04:00:00Z,WY,56,0,0,0,5000000,42.08,-104.17,0,0,0.5,10,1,1,15,0,0,0,FALSE,0
792,1984,8,17,8/17/1984,17:25:00,America/Chicago,1984-08-17T22:25:00Z,WY,56,0,0,0,NA,41.13,-105.15,0,0,0.1,10,1,1,21,0,0,0,FALSE,0
210,1985,5,10,5/10/1985,18:30:00,America/Chicago,1985-05-10T23:30:00Z,WY,56,2,0,0,5000,44.17,-104.38,0,0,1,27,1,1,11,0,0,0,FALSE,0
192,1985,5,6,5/6/1985,17:40:00,America/Chicago,1985-05-06T22:40:00Z,WY,56,1,0,0,NA,41.93,-104.3,42,-104.05,15,27,1,1,15,0,0,0,FALSE,0
419,1985,6,20,6/20/1985,17:44:00,America/Chicago,1985-06-20T22:44:00Z,WY,56,0,0,0,50000,43.85,-108.2,0,0,1,50,1,1,17,0,0,0,FALSE,0
487,1985,7,26,7/26/1985,20:40:00,America/Chicago,1985-07-27T01:40:00Z,WY,56,0,0,0,5000,42.93,-104.45,0,0,0.2,10,1,1,27,0,0,0,FALSE,0
488,1985,7,26,7/26/1985,20:41:00,America/Chicago,1985-07-27T01:41:00Z,WY,56,0,0,0,5000,42.93,-104.45,0,0,0.2,10,1,1,27,0,0,0,FALSE,0
493,1985,7,31,7/31/1985,14:32:00,America/Chicago,1985-07-31T19:32:00Z,WY,56,0,0,0,NA,41.78,-104.28,0,0,0.2,10,1,1,15,0,0,0,FALSE,0
500,1985,8,2,8/2/1985,13:30:00,America/Chicago,1985-08-02T18:30:00Z,WY,56,3,0,0,NA,44.83,-107.95,0,0,0.2,10,1,1,3,0,0,0,FALSE,0
424,1986,6,12,6/12/1986,20:00:00,America/Chicago,1986-06-13T01:00:00Z,WY,56,1,0,0,NA,43.02,-106.63,0,0,1,23,1,1,25,0,0,0,FALSE,0
425,1986,6,13,6/13/1986,17:10:00,America/Chicago,1986-06-13T22:10:00Z,WY,56,0,0,0,NA,41.85,-104.83,41.87,-104.62,15,23,1,1,31,0,0,0,FALSE,0
427,1986,6,13,6/13/1986,19:20:00,America/Chicago,1986-06-14T00:20:00Z,WY,56,0,0,0,500,41.38,-104.15,0,0,1,23,1,1,21,0,0,0,FALSE,0
386,1986,6,7,6/7/1986,17:30:00,America/Chicago,1986-06-07T22:30:00Z,WY,56,2,0,0,500000,43.22,-108.12,0,0,2,50,1,1,13,0,0,0,FALSE,0
388,1986,6,7,6/7/1986,21:10:00,America/Chicago,1986-06-08T02:10:00Z,WY,56,0,0,0,NA,42.2,-104.37,0,0,2,23,1,1,15,0,0,0,FALSE,0
398,1986,6,8,6/8/1986,18:50:00,America/Chicago,1986-06-08T23:50:00Z,WY,56,0,0,0,NA,41.42,-104.1,0,0,2,23,1,1,21,0,0,0,FALSE,0
399,1986,6,8,6/8/1986,20:05:00,America/Chicago,1986-06-09T01:05:00Z,WY,56,0,0,0,NA,42.53,-104.45,0,0,1,23,1,1,15,0,0,0,FALSE,0
504,1986,7,4,7/4/1986,19:00:00,America/Chicago,1986-07-05T00:00:00Z,WY,56,1,0,0,50000,44.63,-104.18,0,0,2,50,1,1,11,0,0,0,FALSE,0
638,1986,8,25,8/25/1986,06:30:00,America/Chicago,1986-08-25T11:30:00Z,WY,56,1,0,0,50000,44.52,-108.97,0,0,1,23,1,1,29,0,0,0,FALSE,0
668,1986,9,18,9/18/1986,16:22:00,America/Chicago,1986-09-18T21:22:00Z,WY,56,1,0,0,500000,42.08,-105.02,0,0,2,50,1,1,31,0,0,0,FALSE,0
107,1987,5,18,5/18/1987,16:09:00,America/Chicago,1987-05-18T21:09:00Z,WY,56,0,0,0,NA,44.12,-107.57,0,0,0.1,10,1,1,43,0,0,0,FALSE,0
109,1987,5,18,5/18/1987,17:30:00,America/Chicago,1987-05-18T22:30:00Z,WY,56,0,0,0,NA,44.28,-105.32,0,0,0.1,10,1,1,5,0,0,0,FALSE,0
116,1987,5,19,5/19/1987,19:30:00,America/Chicago,1987-05-20T00:30:00Z,WY,56,0,0,0,NA,44.33,-105.03,0,0,0.2,10,1,1,11,0,0,0,FALSE,0
165,1987,5,26,5/26/1987,17:00:00,America/Chicago,1987-05-26T22:00:00Z,WY,56,0,0,0,NA,43.78,-106.75,0,0,0.1,13,1,1,19,0,0,0,FALSE,0
266,1987,6,17,6/17/1987,18:38:00,America/Chicago,1987-06-17T23:38:00Z,WY,56,0,0,0,NA,42.5,-105.02,0,0,0.2,10,1,1,31,0,0,0,FALSE,0
268,1987,6,18,6/18/1987,15:20:00,America/Chicago,1987-06-18T20:20:00Z,WY,56,2,0,0,500000,43,-106.32,43.05,-106.2,7,50,1,1,25,0,0,0,FALSE,0
270,1987,6,18,6/18/1987,18:08:00,America/Chicago,1987-06-18T23:08:00Z,WY,56,0,0,0,NA,44.03,-107.63,0,0,2,13,1,1,3,0,0,0,FALSE,0
274,1987,6,18,6/18/1987,21:35:00,America/Chicago,1987-06-19T02:35:00Z,WY,56,1,1,0,50000,42.58,-105.03,0,0,0.8,13,1,1,31,0,0,0,FALSE,1
276,1987,6,19,6/19/1987,19:40:00,America/Chicago,1987-06-20T00:40:00Z,WY,56,0,0,0,NA,44.37,-104.95,44.35,-104.83,5,50,1,1,11,0,0,0,FALSE,0
281,1987,6,20,6/20/1987,15:35:00,America/Chicago,1987-06-20T20:35:00Z,WY,56,0,0,0,NA,41.03,-104.32,0,0,0.8,23,1,1,21,0,0,0,FALSE,0
461,1987,7,21,7/21/1987,14:50:00,America/Chicago,1987-07-21T19:50:00Z,WY,56,4,0,0,5000000,43.9,-110.33,44.21,-110.09,24.3,2550,1,1,39,0,0,0,FALSE,0
476,1987,7,21,7/21/1987,19:50:00,America/Chicago,1987-07-22T00:50:00Z,WY,56,2,0,0,NA,43.13,-106.72,43.07,-106.63,5,140,1,1,25,0,0,0,FALSE,0
519,1987,8,6,8/6/1987,15:50:00,America/Chicago,1987-08-06T20:50:00Z,WY,56,0,0,0,NA,41.27,-104.07,0,0,0.5,17,1,1,21,0,0,0,FALSE,0
117,1988,5,6,5/6/1988,15:36:00,America/Chicago,1988-05-06T20:36:00Z,WY,56,1,0,0,NA,44.18,-105.35,0,0,0.5,20,1,1,5,0,0,0,FALSE,0
118,1988,5,6,5/6/1988,15:47:00,America/Chicago,1988-05-06T20:47:00Z,WY,56,2,2,0,5000000,44.18,-105.35,0,0,1.5,50,1,1,5,0,0,0,FALSE,2
119,1988,5,6,5/6/1988,16:00:00,America/Chicago,1988-05-06T21:00:00Z,WY,56,0,0,0,NA,44.12,-104.62,0,0,2,13,1,1,45,0,0,0,FALSE,0
263,1988,6,13,6/13/1988,15:08:00,America/Chicago,1988-06-13T20:08:00Z,WY,56,0,0,0,NA,41.65,-104.83,0,0,0.8,30,1,1,31,0,0,0,FALSE,0
372,1988,7,17,7/17/1988,19:15:00,America/Chicago,1988-07-18T00:15:00Z,WY,56,0,0,0,NA,43.7,-105.5,0,0,0.5,50,1,1,5,0,0,0,FALSE,0
373,1988,7,17,7/17/1988,19:15:00,America/Chicago,1988-07-18T00:15:00Z,WY,56,0,0,0,NA,43.7,-105.5,0,0,0.5,50,1,1,5,0,0,0,FALSE,0
374,1988,7,17,7/17/1988,19:15:00,America/Chicago,1988-07-18T00:15:00Z,WY,56,0,0,0,NA,43.7,-105.5,0,0,0.5,50,1,1,5,0,0,0,FALSE,0
375,1988,7,17,7/17/1988,19:34:00,America/Chicago,1988-07-18T00:34:00Z,WY,56,0,0,0,NA,44.1,-104.75,0,0,0.7,50,1,1,45,0,0,0,FALSE,0
377,1988,7,18,7/18/1988,18:00:00,America/Chicago,1988-07-18T23:00:00Z,WY,56,0,0,0,NA,41.37,-105.13,0,0,2,100,1,1,21,0,0,0,FALSE,0
325,1988,7,7,7/7/1988,18:50:00,America/Chicago,1988-07-07T23:50:00Z,WY,56,1,0,0,5000,42.48,-106.78,0,0,0.5,50,1,1,25,0,0,0,FALSE,0
327,1988,7,7,7/7/1988,19:20:00,America/Chicago,1988-07-08T00:20:00Z,WY,56,0,0,0,NA,42.78,-106.45,0,0,0.5,50,1,1,25,0,0,0,FALSE,0
328,1988,7,7,7/7/1988,19:25:00,America/Chicago,1988-07-08T00:25:00Z,WY,56,0,0,0,NA,42.97,-106.38,0,0,0.5,50,1,1,25,0,0,0,FALSE,0
330,1988,7,8,7/8/1988,15:00:00,America/Chicago,1988-07-08T20:00:00Z,WY,56,0,0,0,NA,42.43,-106.52,0,0,0.5,50,1,1,25,0,0,0,FALSE,0
219,1989,5,12,5/12/1989,17:10:00,America/Chicago,1989-05-12T22:10:00Z,WY,56,0,0,0,NA,42.05,-104.18,0,0,0.5,50,1,1,15,0,0,0,FALSE,0
220,1989,5,12,5/12/1989,17:10:00,America/Chicago,1989-05-12T22:10:00Z,WY,56,0,0,0,NA,42.08,-104.18,0,0,0.5,50,1,1,15,0,0,0,FALSE,0
221,1989,5,12,5/12/1989,17:12:00,America/Chicago,1989-05-12T22:12:00Z,WY,56,1,0,0,50000,42.07,-104.18,0,0,0.5,50,1,1,15,0,0,0,FALSE,0
377,1989,5,30,5/30/1989,13:25:00,America/Chicago,1989-05-30T18:25:00Z,WY,56,0,0,0,NA,41,-108.43,0,0,0.5,50,1,1,37,0,0,0,FALSE,0
378,1989,5,30,5/30/1989,14:35:00,America/Chicago,1989-05-30T19:35:00Z,WY,56,0,0,0,5000,41.32,-110.32,0,0,0.5,50,1,1,41,0,0,0,FALSE,0
379,1989,5,30,5/30/1989,14:35:00,America/Chicago,1989-05-30T19:35:00Z,WY,56,0,0,0,NA,41.33,-109.97,0,0,0.5,100,1,1,37,0,0,0,FALSE,0
507,1989,6,8,6/8/1989,15:05:00,America/Chicago,1989-06-08T20:05:00Z,WY,56,0,0,0,NA,44.05,-106.28,0,0,0.5,50,1,1,19,0,0,0,FALSE,0
683,1989,7,16,7/16/1989,17:21:00,America/Chicago,1989-07-16T22:21:00Z,WY,56,0,0,0,NA,43.35,-105.1,0,0,0.1,13,1,1,9,0,0,0,FALSE,0
685,1989,7,16,7/16/1989,18:15:00,America/Chicago,1989-07-16T23:15:00Z,WY,56,0,0,0,NA,43.05,-104.97,43.02,-105,5,23,1,1,9,0,0,0,FALSE,0
648,1989,7,9,7/9/1989,17:20:00,America/Chicago,1989-07-09T22:20:00Z,WY,56,0,0,0,NA,43.03,-108.32,0,0,0.2,13,1,1,13,0,0,0,FALSE,0
298,1990,5,12,5/12/1990,16:53:00,America/Chicago,1990-05-12T21:53:00Z,WY,56,0,0,0,NA,42.18,-104.57,0,0,0.1,40,1,1,15,0,0,0,FALSE,0
309,1990,5,13,5/13/1990,16:20:00,America/Chicago,1990-05-13T21:20:00Z,WY,56,0,0,0,NA,43.23,-105.33,0,0,0.5,50,1,1,9,0,0,0,FALSE,0
312,1990,5,13,5/13/1990,17:25:00,America/Chicago,1990-05-13T22:25:00Z,WY,56,0,0,0,NA,42.93,-104.38,0,0,0.5,50,1,1,27,0,0,0,FALSE,0
380,1990,5,18,5/18/1990,18:10:00,America/Chicago,1990-05-18T23:10:00Z,WY,56,0,0,0,5000,42.18,-104.57,0,0,1,30,1,1,15,0,0,0,FALSE,0
402,1990,5,20,5/20/1990,13:50:00,America/Chicago,1990-05-20T18:50:00Z,WY,56,0,0,0,NA,44.1,-105.07,0,0,0.1,40,1,1,45,0,0,0,FALSE,0
403,1990,5,20,5/20/1990,13:55:00,America/Chicago,1990-05-20T18:55:00Z,WY,56,0,0,0,500,41.13,-104.88,0,0,0.1,40,1,1,21,0,0,0,FALSE,0
415,1990,5,23,5/23/1990,16:55:00,America/Chicago,1990-05-23T21:55:00Z,WY,56,0,0,0,NA,41.08,-104.18,0,0,0.1,40,1,1,21,0,0,0,FALSE,0
416,1990,5,24,5/24/1990,15:10:00,America/Chicago,1990-05-24T20:10:00Z,WY,56,0,0,0,NA,42.12,-105.05,0,0,0.1,40,1,1,31,0,0,0,FALSE,0
417,1990,5,24,5/24/1990,15:45:00,America/Chicago,1990-05-24T20:45:00Z,WY,56,1,0,0,NA,41.42,-104.97,0,0,0.5,50,1,1,21,0,0,0,FALSE,0
418,1990,5,24,5/24/1990,15:55:00,America/Chicago,1990-05-24T20:55:00Z,WY,56,1,0,0,NA,41.63,-104.82,0,0,1,50,1,1,21,0,0,0,FALSE,0
420,1990,5,24,5/24/1990,16:05:00,America/Chicago,1990-05-24T21:05:00Z,WY,56,1,0,0,NA,41.77,-104.58,0,0,1,50,1,1,15,0,0,0,FALSE,0
421,1990,5,24,5/24/1990,16:10:00,America/Chicago,1990-05-24T21:10:00Z,WY,56,1,0,0,NA,41.47,-104.82,0,0,1,50,1,1,21,0,0,0,FALSE,0
430,1990,5,24,5/24/1990,17:35:00,America/Chicago,1990-05-24T22:35:00Z,WY,56,1,0,0,5000,43.72,-105.6,0,0,2,100,1,1,5,0,0,0,FALSE,0
431,1990,5,24,5/24/1990,17:45:00,America/Chicago,1990-05-24T22:45:00Z,WY,56,1,0,0,NA,41.42,-104.17,0,0,0.5,50,1,1,21,0,0,0,FALSE,0
432,1990,5,24,5/24/1990,17:50:00,America/Chicago,1990-05-24T22:50:00Z,WY,56,0,0,0,NA,43.83,-105.3,0,0,0.5,40,1,1,5,0,0,0,FALSE,0
428,1990,5,24,5/24/1990,17:55:00,America/Chicago,1990-05-24T22:55:00Z,WY,56,2,0,0,5000,41.43,-104.42,41.48,-104.35,5,400,1,1,21,0,0,0,FALSE,0
429,1990,5,24,5/24/1990,18:10:00,America/Chicago,1990-05-24T23:10:00Z,WY,56,1,0,0,5000,41.5,-104.35,0,0,1,150,1,1,21,0,0,0,FALSE,0
434,1990,5,24,5/24/1990,18:36:00,America/Chicago,1990-05-24T23:36:00Z,WY,56,0,0,0,5000,43.72,-105.93,0,0,1,50,1,1,5,0,0,0,FALSE,0
435,1990,5,24,5/24/1990,18:55:00,America/Chicago,1990-05-24T23:55:00Z,WY,56,0,0,0,NA,41.2,-104.25,0,0,0.2,40,1,1,21,0,0,0,FALSE,0
436,1990,5,24,5/24/1990,18:58:00,America/Chicago,1990-05-24T23:58:00Z,WY,56,0,0,0,NA,41.23,-104.37,0,0,0.3,40,1,1,21,0,0,0,FALSE,0
437,1990,5,24,5/24/1990,19:10:00,America/Chicago,1990-05-25T00:10:00Z,WY,56,0,0,0,NA,41.17,-104.33,0,0,0.3,40,1,1,21,0,0,0,FALSE,0
438,1990,5,24,5/24/1990,19:15:00,America/Chicago,1990-05-25T00:15:00Z,WY,56,0,0,0,NA,41.25,-104.07,0,0,0.3,40,1,1,21,0,0,0,FALSE,0
439,1990,5,24,5/24/1990,19:30:00,America/Chicago,1990-05-25T00:30:00Z,WY,56,0,0,0,NA,41.12,-104.07,0,0,0.3,40,1,1,21,0,0,0,FALSE,0
927,1990,7,24,7/24/1990,17:03:00,America/Chicago,1990-07-24T22:03:00Z,WY,56,0,0,0,NA,42.13,-109.22,0,0,0.1,10,1,1,37,0,0,0,FALSE,0
860,1990,7,8,7/8/1990,18:55:00,America/Chicago,1990-07-08T23:55:00Z,WY,56,0,0,0,NA,41.08,-104.82,0,0,0.1,10,1,1,21,0,0,0,FALSE,0
861,1990,7,8,7/8/1990,19:05:00,America/Chicago,1990-07-09T00:05:00Z,WY,56,0,0,0,NA,41.07,-104.72,0,0,0.1,10,1,1,21,0,0,0,FALSE,0
949,1990,8,3,8/3/1990,17:29:00,America/Chicago,1990-08-03T22:29:00Z,WY,56,0,0,0,NA,41.33,-105.55,0,0,0.1,10,1,1,1,0,0,0,FALSE,0
953,1990,8,4,8/4/1990,16:30:00,America/Chicago,1990-08-04T21:30:00Z,WY,56,0,0,0,NA,42.1,-109.78,0,0,0.1,10,1,1,37,0,0,0,FALSE,0
1040,1990,9,19,9/19/1990,18:32:00,America/Chicago,1990-09-19T23:32:00Z,WY,56,0,0,0,NA,42.6,-104.45,0,0,0.1,10,1,1,27,0,0,0,FALSE,0
490,1991,5,11,5/11/1991,18:54:00,America/Chicago,1991-05-11T23:54:00Z,WY,56,0,0,0,NA,43.15,-105.27,0,0,0.1,20,1,1,9,0,0,0,FALSE,0
498,1991,5,11,5/11/1991,20:39:00,America/Chicago,1991-05-12T01:39:00Z,WY,56,0,0,0,NA,44.1,-104.68,0,0,0.1,20,1,1,45,0,0,0,FALSE,0
509,1991,5,12,5/12/1991,00:22:00,America/Chicago,1991-05-12T05:22:00Z,WY,56,1,0,0,500000,43.88,-104.32,0,0,0.2,80,1,1,45,0,0,0,FALSE,0
530,1991,5,15,5/15/1991,17:05:00,America/Chicago,1991-05-15T22:05:00Z,WY,56,1,0,0,500000,41.13,-104.63,0,0,0.1,80,1,1,21,0,0,0,FALSE,0
626,1991,5,18,5/18/1991,19:07:00,America/Chicago,1991-05-19T00:07:00Z,WY,56,1,0,0,NA,44.75,-108.92,0,0,0.2,60,1,1,29,0,0,0,FALSE,0
627,1991,5,19,5/19/1991,16:40:00,America/Chicago,1991-05-19T21:40:00Z,WY,56,0,0,0,NA,41.95,-104.42,0,0,0.1,40,1,1,15,0,0,0,FALSE,0
418,1991,5,2,5/2/1991,18:05:00,America/Chicago,1991-05-02T23:05:00Z,WY,56,0,0,0,NA,42.6,-110.2,0,0,0.1,20,1,1,35,0,0,0,FALSE,0
419,1991,5,2,5/2/1991,18:36:00,America/Chicago,1991-05-02T23:36:00Z,WY,56,0,0,0,NA,42.18,-110.32,0,0,0.1,20,1,1,23,0,0,0,FALSE,0
899,1991,6,21,6/21/1991,15:10:00,America/Chicago,1991-06-21T20:10:00Z,WY,56,0,0,0,NA,41.57,-105.78,0,0,0.1,10,1,1,1,0,0,0,FALSE,0
917,1991,6,22,6/22/1991,14:05:00,America/Chicago,1991-06-22T19:05:00Z,WY,56,0,0,0,NA,41.03,-105.12,0,0,0.1,10,1,1,21,0,0,0,FALSE,0
936,1991,6,26,6/26/1991,18:17:00,America/Chicago,1991-06-26T23:17:00Z,WY,56,0,0,0,NA,42.77,-104.52,0,0,0.1,10,1,1,27,0,0,0,FALSE,0
938,1991,6,27,6/27/1991,21:55:00,America/Chicago,1991-06-28T02:55:00Z,WY,56,0,0,0,50000,41.43,-104.07,0,0,0.5,80,1,1,21,0,0,0,FALSE,0
945,1991,6,29,6/29/1991,18:17:00,America/Chicago,1991-06-29T23:17:00Z,WY,56,0,0,0,NA,42.77,-104.52,0,0,0.2,40,1,1,27,0,0,0,FALSE,0
754,1991,6,2,6/2/1991,11:00:00,America/Chicago,1991-06-02T16:00:00Z,WY,56,1,0,0,500000,42.27,-104.73,0,0,1,90,1,1,31,0,0,0,FALSE,0
813,1991,6,6,6/6/1991,19:10:00,America/Chicago,1991-06-07T00:10:00Z,WY,56,0,0,0,NA,41.35,-105.58,0,0,0.5,50,1,1,1,0,0,0,FALSE,0
816,1991,6,7,6/7/1991,15:10:00,America/Chicago,1991-06-07T20:10:00Z,WY,56,0,0,0,NA,42.83,-106.65,0,0,0.5,50,1,1,25,0,0,0,FALSE,0
825,1991,6,9,6/9/1991,16:54:00,America/Chicago,1991-06-09T21:54:00Z,WY,56,0,0,0,NA,41.02,-104.33,0,0,0.1,40,1,1,21,0,0,0,FALSE,0
827,1991,6,9,6/9/1991,16:56:00,America/Chicago,1991-06-09T21:56:00Z,WY,56,0,0,0,NA,41.05,-104.22,0,0,0.1,50,1,1,21,0,0,0,FALSE,0
828,1991,6,9,6/9/1991,16:57:00,America/Chicago,1991-06-09T21:57:00Z,WY,56,0,0,0,NA,41.13,-104.37,0,0,0.2,50,1,1,21,0,0,0,FALSE,0
830,1991,6,9,6/9/1991,17:24:00,America/Chicago,1991-06-09T22:24:00Z,WY,56,0,0,0,NA,41.13,-104.07,0,0,0.1,40,1,1,21,0,0,0,FALSE,0
1032,1991,8,7,8/7/1991,18:45:00,America/Chicago,1991-08-07T23:45:00Z,WY,56,0,0,0,NA,43.02,-104.45,0,0,0.1,40,1,1,27,0,0,0,FALSE,0
1069,1991,9,9,9/9/1991,18:40:00,America/Chicago,1991-09-09T23:40:00Z,WY,56,0,0,0,NA,42.22,-110.35,0,0,0.5,50,1,1,23,0,0,0,FALSE,0
1070,1991,9,9,9/9/1991,18:56:00,America/Chicago,1991-09-09T23:56:00Z,WY,56,0,0,0,NA,42.1,-109.85,0,0,0.4,40,1,1,37,0,0,0,FALSE,0
231,1992,5,15,5/15/1992,23:05:00,America/Chicago,1992-05-16T04:05:00Z,WY,56,0,0,0,NA,42.1,-109,0,0,0.1,10,1,1,37,0,0,0,FALSE,0
667,1992,6,29,6/29/1992,15:58:00,America/Chicago,1992-06-29T20:58:00Z,WY,56,0,0,0,NA,41.68,-104.97,0,0,0.1,10,1,1,31,0,0,0,FALSE,0
668,1992,6,29,6/29/1992,16:00:00,America/Chicago,1992-06-29T21:00:00Z,WY,56,0,0,0,NA,41.93,-104.97,0,0,0.1,10,1,1,31,0,0,0,FALSE,0
670,1992,6,29,6/29/1992,17:23:00,America/Chicago,1992-06-29T22:23:00Z,WY,56,0,0,0,NA,42.22,-104.63,0,0,0.1,10,1,1,15,0,0,0,FALSE,0
671,1992,6,29,6/29/1992,20:45:00,America/Chicago,1992-06-30T01:45:00Z,WY,56,0,0,0,NA,42.05,-104.95,0,0,0.1,10,1,1,31,0,0,0,FALSE,0
754,1992,7,12,7/12/1992,13:55:00,America/Chicago,1992-07-12T18:55:00Z,WY,56,0,0,0,NA,44.78,-108.53,0,0,0.1,10,1,1,3,0,0,0,FALSE,0
861,1992,7,23,7/23/1992,20:03:00,America/Chicago,1992-07-24T01:03:00Z,WY,56,0,0,0,NA,44.28,-105.67,0,0,0.1,20,1,1,5,0,0,0,FALSE,0
862,1992,7,23,7/23/1992,20:26:00,America/Chicago,1992-07-24T01:26:00Z,WY,56,0,0,0,NA,44.28,-105.62,0,0,0.1,20,1,1,5,0,0,0,FALSE,0
863,1992,7,23,7/23/1992,20:26:00,America/Chicago,1992-07-24T01:26:00Z,WY,56,0,0,0,NA,44.32,-105.48,0,0,0.1,20,1,1,5,0,0,0,FALSE,0
693,1992,7,1,7/1/1992,20:45:00,America/Chicago,1992-07-02T01:45:00Z,WY,56,0,0,0,NA,42.05,-104.92,0,0,0.1,10,1,1,31,0,0,0,FALSE,0
356,1993,5,28,5/28/1993,18:15:00,America/Chicago,1993-05-28T23:15:00Z,WY,56,0,0,0,NA,41.62,-104.15,0,0,0.5,50,1,1,15,0,0,0,FALSE,0
357,1993,5,28,5/28/1993,18:53:00,America/Chicago,1993-05-28T23:53:00Z,WY,56,0,0,0,NA,43.6,-106.3,43.58,-106.2,3,100,1,1,19,0,0,0,FALSE,0
568,1993,6,22,6/22/1993,16:25:00,America/Chicago,1993-06-22T21:25:00Z,WY,56,0,0,0,NA,44.93,-104.2,0,0,0.3,50,1,1,11,0,0,0,FALSE,0
570,1993,6,22,6/22/1993,16:36:00,America/Chicago,1993-06-22T21:36:00Z,WY,56,0,0,0,NA,44.55,-104.08,0,0,0.3,50,1,1,11,0,0,0,FALSE,0
626,1993,6,29,6/29/1993,10:50:00,America/Chicago,1993-06-29T15:50:00Z,WY,56,3,0,0,5000,44.37,-104.05,44.4,-104,3,150,2,0,0,0,0,0,FALSE,0
816,1993,7,16,7/16/1993,18:20:00,America/Chicago,1993-07-16T23:20:00Z,WY,56,0,0,0,NA,42.57,-104.18,0,0,0.1,10,1,1,15,0,0,0,FALSE,0
830,1993,7,19,7/19/1993,16:40:00,America/Chicago,1993-07-19T21:40:00Z,WY,56,0,0,0,NA,42.42,-105.35,0,0,0.5,23,1,1,9,0,0,0,FALSE,0
837,1993,7,21,7/21/1993,15:30:00,America/Chicago,1993-07-21T20:30:00Z,WY,56,0,0,0,NA,44.53,-105.48,0,0,0.1,10,1,1,5,0,0,0,FALSE,0
974,1993,8,13,8/13/1993,20:10:00,America/Chicago,1993-08-14T01:10:00Z,WY,56,0,0,0,NA,44.95,-104.97,0,0,0.5,33,1,1,11,0,0,0,FALSE,0
975,1993,8,13,8/13/1993,20:20:00,America/Chicago,1993-08-14T01:20:00Z,WY,56,0,0,0,NA,44.87,-105.05,0,0,0.5,50,1,1,11,0,0,0,FALSE,0
976,1993,8,13,8/13/1993,20:30:00,America/Chicago,1993-08-14T01:30:00Z,WY,56,0,0,0,NA,44.98,-104.6,0,0,1,100,1,1,11,0,0,0,FALSE,0
997,1993,8,19,8/19/1993,17:20:00,America/Chicago,1993-08-19T22:20:00Z,WY,56,1,0,0,500000,44.28,-105.35,0,0,0.5,50,1,1,5,0,0,0,FALSE,0
384,1994,5,19,5/19/1994,20:15:00,America/Chicago,1994-05-20T01:15:00Z,WY,56,0,0,0,NA,41.75,-105.15,0,0,0.1,10,1,1,31,0,0,0,FALSE,0
446,1994,5,31,5/31/1994,15:00:00,America/Denver,1994-05-31T21:00:00Z,WY,56,0,0,0,NA,41.98,-105.62,0,0,2,50,1,1,1,0,0,0,FALSE,0
748,1994,7,13,7/13/1994,19:14:00,America/Chicago,1994-07-14T00:14:00Z,WY,56,0,0,0,NA,41.93,-104.6,0,0,0.1,10,1,1,15,0,0,0,FALSE,0
749,1994,7,13,7/13/1994,19:25:00,America/Chicago,1994-07-14T00:25:00Z,WY,56,0,0,0,NA,41.92,-104.3,0,0,0.1,10,1,1,15,0,0,0,FALSE,0
751,1994,7,13,7/13/1994,20:35:00,America/Chicago,1994-07-14T01:35:00Z,WY,56,0,0,0,NA,41.57,-105.35,0,0,0.1,10,1,1,1,0,0,0,FALSE,0
754,1994,7,14,7/14/1994,19:30:00,America/Chicago,1994-07-15T00:30:00Z,WY,56,1,0,0,50000,42.05,-104.97,0,0,1,50,1,1,31,0,0,0,FALSE,0
757,1994,7,15,7/15/1994,18:35:00,America/Chicago,1994-07-15T23:35:00Z,WY,56,0,0,0,NA,41.92,-104.3,0,0,0.1,10,1,1,15,0,0,0,FALSE,0
331,1995,5,11,5/11/1995,14:30:00,America/Chicago,1995-05-11T19:30:00Z,WY,56,0,0,0,NA,44.97,-107.23,0,0,0.1,23,1,1,33,0,0,0,FALSE,0
540,1995,5,25,5/25/1995,15:30:00,America/Chicago,1995-05-25T20:30:00Z,WY,56,0,0,0,NA,41.67,-108.2,0,0,0.5,50,1,1,37,0,0,0,FALSE,0
541,1995,5,25,5/25/1995,17:40:00,America/Chicago,1995-05-25T22:40:00Z,WY,56,0,0,0,NA,42,-107.25,0,0,0.5,40,1,1,7,0,0,0,FALSE,0
799,1995,6,22,6/22/1995,16:05:00,America/Chicago,1995-06-22T21:05:00Z,WY,56,0,0,0,NA,44.12,-106.02,44.13,-106,0.2,10,1,1,19,5,0,0,FALSE,0
800,1995,6,22,6/22/1995,16:50:00,America/Chicago,1995-06-22T21:50:00Z,WY,56,0,0,0,NA,44.25,-105.53,44.25,-105.43,7,10,1,1,5,0,0,0,FALSE,0
816,1995,6,27,6/27/1995,19:00:00,America/Chicago,1995-06-28T00:00:00Z,WY,56,0,0,0,NA,41.73,-105.5,0,0,0.1,10,1,1,1,0,0,0,FALSE,0
819,1995,6,28,6/28/1995,13:10:00,America/Chicago,1995-06-28T18:10:00Z,WY,56,0,0,0,NA,44.85,-106.95,0,0,0.1,10,1,1,33,0,0,0,FALSE,0
820,1995,6,28,6/28/1995,13:15:00,America/Chicago,1995-06-28T18:15:00Z,WY,56,0,0,0,NA,44.8,-106.88,0,0,0.1,10,1,1,33,0,0,0,FALSE,0
617,1995,6,2,6/2/1995,17:40:00,America/Chicago,1995-06-02T22:40:00Z,WY,56,0,0,0,NA,42.78,-106.52,0,0,0.1,10,1,1,25,0,0,0,FALSE,0
175,1996,5,23,5/23/1996,13:30:00,America/Chicago,1996-05-23T18:30:00Z,WY,56,0,0,0,50000,41.37,-105.58,41.37,-105.58,0.2,50,1,1,1,0,0,0,FALSE,0
239,1996,5,7,5/7/1996,17:30:00,America/Chicago,1996-05-07T22:30:00Z,WY,56,1,0,0,10000,44.85,-104.6,44.85,-104.5,3,100,1,1,11,0,0,0,FALSE,0
393,1996,6,22,6/22/1996,16:15:00,America/Chicago,1996-06-22T21:15:00Z,WY,56,0,0,0,NA,44.8,-105.7,44.8,-105.7,0.1,20,1,1,5,0,0,0,FALSE,0
220,1996,6,22,6/22/1996,16:16:00,America/Chicago,1996-06-22T21:16:00Z,WY,56,0,0,0,NA,42,-104.18,41.97,-104.18,1.5,60,1,1,15,0,0,0,FALSE,0
445,1996,7,26,7/26/1996,16:07:00,America/Chicago,1996-07-26T21:07:00Z,WY,56,0,0,0,NA,41.08,-104.37,41.08,-104.3,1,100,1,1,21,0,0,0,FALSE,0
446,1996,7,30,7/30/1996,18:32:00,America/Chicago,1996-07-30T23:32:00Z,WY,56,1,0,0,70000,41.88,-104.38,41.87,-104.38,1,100,1,1,15,0,0,0,FALSE,0
292,1997,6,10,6/10/1997,14:45:00,America/Chicago,1997-06-10T19:45:00Z,WY,56,0,0,0,NA,41.4,-109.33,41.4,-109.33,0.1,30,1,1,37,0,0,0,FALSE,0
339,1997,6,10,6/10/1997,18:50:00,America/Chicago,1997-06-10T23:50:00Z,WY,56,0,0,0,NA,41.98,-104.97,41.98,-104.97,0.1,10,1,1,31,0,0,0,FALSE,0
271,1997,6,11,6/11/1997,11:40:00,America/Chicago,1997-06-11T16:40:00Z,WY,56,0,0,0,NA,44.35,-104.38,44.35,-104.38,0.1,10,1,1,11,0,0,0,FALSE,0
801,1997,6,13,6/13/1997,19:25:00,America/Chicago,1997-06-14T00:25:00Z,WY,56,0,0,0,NA,44.33,-108.05,44.33,-108.05,0.1,30,1,1,3,0,0,0,FALSE,0
802,1997,6,13,6/13/1997,19:35:00,America/Chicago,1997-06-14T00:35:00Z,WY,56,0,0,0,NA,44.37,-108.05,44.37,-108.05,0.1,30,1,1,3,0,0,0,FALSE,0
447,1997,6,14,6/14/1997,16:25:00,America/Chicago,1997-06-14T21:25:00Z,WY,56,0,0,0,NA,42.33,-110.2,42.35,-110.2,0.5,30,1,1,23,0,0,0,FALSE,0
340,1997,6,14,6/14/1997,17:45:00,America/Chicago,1997-06-14T22:45:00Z,WY,56,0,0,0,NA,41.22,-104.38,41.22,-104.38,0.1,10,1,1,21,0,0,0,FALSE,0
342,1997,6,18,6/18/1997,14:25:00,America/Chicago,1997-06-18T19:25:00Z,WY,56,1,0,0,2000,41.17,-104.77,41.17,-104.77,0.1,10,1,1,21,0,0,0,FALSE,0
335,1997,6,1,6/1/1997,17:45:00,America/Chicago,1997-06-01T22:45:00Z,WY,56,0,0,0,NA,41.2,-104.07,41.2,-104.07,0.1,10,1,1,21,0,0,0,FALSE,0
336,1997,6,2,6/2/1997,14:35:00,America/Chicago,1997-06-02T19:35:00Z,WY,56,0,0,0,NA,41.9,-104.97,41.9,-104.97,0.1,10,1,1,31,0,0,0,FALSE,0
337,1997,6,6,6/6/1997,14:04:00,America/Chicago,1997-06-06T19:04:00Z,WY,56,0,0,0,NA,42.08,-106.92,42.08,-106.92,0.1,10,1,1,7,0,0,0,FALSE,0
291,1997,6,6,6/6/1997,15:25:00,America/Chicago,1997-06-06T20:25:00Z,WY,56,1,0,0,NA,42.98,-108.32,43,-108.33,2,40,1,1,13,0,0,0,FALSE,0
798,1997,6,6,6/6/1997,17:58:00,America/Chicago,1997-06-06T22:58:00Z,WY,56,0,0,0,NA,44.52,-108.05,44.52,-108.05,0.5,50,1,1,3,0,0,0,FALSE,0
800,1997,6,6,6/6/1997,18:00:00,America/Chicago,1997-06-06T23:00:00Z,WY,56,0,0,0,NA,44.38,-108.07,44.38,-108.07,0.2,30,1,1,3,0,0,0,FALSE,0
799,1997,6,6,6/6/1997,18:10:00,America/Chicago,1997-06-06T23:10:00Z,WY,56,1,0,0,NA,44.57,-108.05,44.58,-108.05,1,50,1,1,3,0,0,0,FALSE,0
338,1997,6,8,6/8/1997,15:34:00,America/Chicago,1997-06-08T20:34:00Z,WY,56,0,0,0,NA,41.63,-106.95,41.63,-106.95,0.1,10,1,1,7,0,0,0,FALSE,0
361,1997,7,19,7/19/1997,14:33:00,America/Chicago,1997-07-19T19:33:00Z,WY,56,0,0,0,NA,42.63,-110.17,42.77,-109.97,3,100,1,1,35,0,0,0,FALSE,0
362,1997,7,24,7/24/1997,16:09:00,America/Chicago,1997-07-24T21:09:00Z,WY,56,0,0,0,NA,44.38,-108.08,44.38,-108.08,0.1,50,1,1,3,0,0,0,FALSE,0
896,1997,7,29,7/29/1997,15:50:00,America/Chicago,1997-07-29T20:50:00Z,WY,56,0,0,0,NA,42.75,-105.07,42.75,-105.07,0.1,10,1,1,9,0,0,0,FALSE,0
895,1997,7,29,7/29/1997,15:54:00,America/Chicago,1997-07-29T20:54:00Z,WY,56,0,0,0,NA,42.77,-105.02,42.77,-105.02,0.1,10,1,1,9,0,0,0,FALSE,0
897,1997,7,29,7/29/1997,16:00:00,America/Chicago,1997-07-29T21:00:00Z,WY,56,0,0,0,NA,42.75,-105,42.75,-105,0.1,10,1,1,9,0,0,0,FALSE,0
898,1997,7,29,7/29/1997,16:58:00,America/Chicago,1997-07-29T21:58:00Z,WY,56,0,0,0,NA,42.7,-105.4,42.7,-105.4,0.1,10,1,1,9,0,0,0,FALSE,0
354,1997,7,6,7/6/1997,17:02:00,America/Chicago,1997-07-06T22:02:00Z,WY,56,0,0,0,NA,41.12,-104.13,41.12,-104.13,0.1,10,1,1,21,0,0,0,FALSE,0
434,1997,8,10,8/10/1997,15:46:00,America/Chicago,1997-08-10T20:46:00Z,WY,56,0,0,0,NA,41.85,-107.17,41.85,-107.15,1,10,1,1,7,0,0,0,FALSE,0
432,1997,8,2,8/2/1997,15:30:00,America/Chicago,1997-08-02T20:30:00Z,WY,56,0,0,0,NA,41.13,-104.9,41.13,-104.9,0.1,10,1,1,21,0,0,0,FALSE,0
433,1997,8,6,8/6/1997,12:17:00,America/Chicago,1997-08-06T17:17:00Z,WY,56,0,0,0,NA,41.78,-104.35,41.78,-104.35,0.1,10,1,1,15,0,0,0,FALSE,0
179,1998,5,19,5/19/1998,16:02:00,America/Chicago,1998-05-19T21:02:00Z,WY,56,0,0,0,NA,41.22,-104.33,41.22,-104.33,0.2,30,1,1,21,0,0,0,FALSE,0
347,1998,5,20,5/20/1998,15:20:00,America/Chicago,1998-05-20T20:20:00Z,WY,56,0,0,0,NA,43.5,-104.38,43.5,-104.38,5,30,1,1,45,0,0,0,FALSE,0
181,1998,5,20,5/20/1998,15:25:00,America/Chicago,1998-05-20T20:25:00Z,WY,56,0,0,0,NA,43.48,-104.45,43.53,-104.45,3,30,1,1,27,0,0,0,FALSE,0
184,1998,5,21,5/21/1998,10:35:00,America/Chicago,1998-05-21T15:35:00Z,WY,56,0,0,0,NA,42.67,-104.1,42.67,-104.07,2,30,1,1,27,0,0,0,FALSE,0
230,1998,5,26,5/26/1998,12:30:00,America/Chicago,1998-05-26T17:30:00Z,WY,56,0,0,0,NA,42.87,-106.25,42.9,-106.25,2.5,150,1,1,25,0,0,0,FALSE,0
178,1998,5,5,5/5/1998,16:12:00,America/Chicago,1998-05-05T21:12:00Z,WY,56,0,0,0,NA,42.85,-105.5,42.87,-105.52,2,30,1,1,9,0,0,0,FALSE,0
340,1998,6,11,6/11/1998,12:08:00,America/Chicago,1998-06-11T17:08:00Z,WY,56,0,0,0,NA,43.87,-106.87,43.87,-106.87,0.1,30,1,1,19,0,0,0,FALSE,0
371,1998,6,11,6/11/1998,12:20:00,America/Chicago,1998-06-11T17:20:00Z,WY,56,0,0,0,NA,44.05,-104.5,44.05,-104.5,0.1,30,1,1,45,0,0,0,FALSE,0
317,1998,6,13,6/13/1998,11:40:00,America/Chicago,1998-06-13T16:40:00Z,WY,56,0,0,0,NA,43.23,-105.37,43.23,-105.37,0.2,30,1,1,9,0,0,0,FALSE,0
318,1998,6,13,6/13/1998,14:57:00,America/Chicago,1998-06-13T19:57:00Z,WY,56,0,0,0,NA,42.57,-104.18,42.43,-103.7,4,30,1,1,15,0,0,0,FALSE,0
372,1998,6,13,6/13/1998,16:30:00,America/Chicago,1998-06-13T21:30:00Z,WY,56,1,0,0,20000,44.3,-104.25,44.3,-104.23,1.5,30,1,1,11,0,0,0,FALSE,0
315,1998,6,9,6/9/1998,13:04:00,America/Chicago,1998-06-09T18:04:00Z,WY,56,0,0,0,NA,41.65,-104.97,41.75,-104.83,11.5,30,1,1,31,0,0,0,FALSE,0
339,1998,6,9,6/9/1998,14:55:00,America/Chicago,1998-06-09T19:55:00Z,WY,56,0,0,0,NA,43.1,-107,43.1,-107,0.1,30,1,1,25,0,0,0,FALSE,0
572,1998,7,5,7/5/1998,15:38:00,America/Chicago,1998-07-05T20:38:00Z,WY,56,0,0,0,NA,41.25,-104.07,41.25,-104.02,1,30,1,1,21,0,0,0,FALSE,0
577,1998,8,21,8/21/1998,16:15:00,America/Chicago,1998-08-21T21:15:00Z,WY,56,0,0,0,NA,41.2,-104.37,41.22,-104.32,5,30,1,1,21,0,0,0,FALSE,0
576,1998,8,9,8/9/1998,14:43:00,America/Chicago,1998-08-09T19:43:00Z,WY,56,0,0,0,NA,41.23,-104.68,41.28,-104.63,4,30,1,1,21,0,0,0,FALSE,0
225,1999,4,28,4/28/1999,17:15:00,America/Chicago,1999-04-28T22:15:00Z,WY,56,0,0,0,NA,43.23,-107.95,43.23,-107.93,1,100,1,1,13,0,0,0,FALSE,0
226,1999,4,28,4/28/1999,17:50:00,America/Chicago,1999-04-28T22:50:00Z,WY,56,0,0,0,NA,43.18,-107.72,43.18,-107.72,0.1,50,1,1,13,0,0,0,FALSE,0
309,1999,5,30,5/30/1999,13:25:00,America/Chicago,1999-05-30T18:25:00Z,WY,56,0,0,0,2000,41.13,-104.82,41.13,-104.82,0.2,50,1,1,21,0,0,0,FALSE,0
310,1999,5,31,5/31/1999,12:08:00,America/Chicago,1999-05-31T17:08:00Z,WY,56,0,0,0,NA,42.05,-104.97,42.05,-104.97,0.1,30,1,1,31,0,0,0,FALSE,0
1296,1999,6,12,6/12/1999,15:45:00,America/Chicago,1999-06-12T20:45:00Z,WY,56,0,0,0,NA,43.72,-105.9,43.58,-105.65,12,400,1,1,5,0,0,0,FALSE,0
475,1999,6,12,6/12/1999,16:15:00,America/Chicago,1999-06-12T21:15:00Z,WY,56,0,0,0,NA,43.57,-105.68,43.43,-105.47,16.3,0,1,1,5,9,0,0,FALSE,0
476,1999,6,12,6/12/1999,17:11:00,America/Chicago,1999-06-12T22:11:00Z,WY,56,0,0,0,NA,43.23,-105.27,43.23,-105.27,0.2,0,1,1,9,0,0,0,FALSE,0
1298,1999,6,12,6/12/1999,17:20:00,America/Chicago,1999-06-12T22:20:00Z,WY,56,0,0,0,NA,43.62,-105.6,43.62,-105.6,1,30,1,1,5,0,0,0,FALSE,0
1299,1999,6,17,6/17/1999,18:12:00,America/Chicago,1999-06-17T23:12:00Z,WY,56,0,0,0,NA,44.13,-105.7,44.13,-105.7,1,50,1,1,5,0,0,0,FALSE,0
1300,1999,6,17,6/17/1999,19:30:00,America/Chicago,1999-06-18T00:30:00Z,WY,56,0,0,0,NA,43.87,-105.47,43.87,-105.47,0.1,10,1,1,5,0,0,0,FALSE,0
479,1999,6,26,6/26/1999,20:50:00,America/Chicago,1999-06-27T01:50:00Z,WY,56,0,0,0,NA,41.63,-104.17,41.63,-104.17,0.1,30,1,1,15,0,0,0,FALSE,0
480,1999,6,27,6/27/1999,15:28:00,America/Chicago,1999-06-27T20:28:00Z,WY,56,0,0,0,NA,42.77,-104.45,42.77,-104.45,0.2,40,1,1,27,0,0,0,FALSE,0
1295,1999,6,5,6/5/1999,14:45:00,America/Chicago,1999-06-05T19:45:00Z,WY,56,0,0,0,NA,44.62,-104.2,44.62,-104.2,0.1,10,1,1,11,0,0,0,FALSE,0
556,1999,7,17,7/17/1999,15:24:00,America/Chicago,1999-07-17T20:24:00Z,WY,56,0,0,0,NA,43.8,-104.28,43.8,-104.28,0.1,10,1,1,45,0,0,0,FALSE,0
569,1999,8,11,8/11/1999,16:35:00,America/Chicago,1999-08-11T21:35:00Z,WY,56,0,0,0,NA,44.02,-107.73,44.02,-107.73,0.2,50,1,1,43,0,0,0,FALSE,0
570,1999,8,11,8/11/1999,19:21:00,America/Chicago,1999-08-12T00:21:00Z,WY,56,1,0,0,10000,43.85,-106.18,43.85,-106.18,0.2,0,1,1,19,0,0,0,FALSE,0
571,1999,8,28,8/28/1999,15:45:00,America/Chicago,1999-08-28T20:45:00Z,WY,56,0,0,0,NA,43.82,-107.68,43.82,-107.68,1,0,1,1,43,0,0,0,FALSE,0
581,1999,9,1,9/1/1999,14:50:00,America/Chicago,1999-09-01T19:50:00Z,WY,56,0,0,0,NA,41.83,-104.27,41.83,-104.27,0.1,30,1,1,15,0,0,0,FALSE,0
582,1999,9,1,9/1/1999,14:59:00,America/Chicago,1999-09-01T19:59:00Z,WY,56,0,0,0,NA,41.73,-104.2,41.73,-104.2,0.2,0,1,1,15,0,0,0,FALSE,0
584,1999,9,3,9/3/1999,16:51:00,America/Chicago,1999-09-03T21:51:00Z,WY,56,0,0,0,NA,42.93,-105.98,42.93,-105.98,0.2,0,1,1,9,0,0,0,FALSE,0
100,2000,4,14,4/14/2000,13:35:00,America/Chicago,2000-04-14T18:35:00Z,WY,56,1,0,0,30000,41.52,-109.57,41.52,-109.57,0.5,50,1,1,37,0,0,0,FALSE,0
245,2000,5,16,5/16/2000,19:07:00,America/Chicago,2000-05-17T00:07:00Z,WY,56,0,0,0,NA,42.3,-104.7,42.3,-104.7,0.2,30,1,1,31,0,0,0,FALSE,0
240,2000,5,6,5/6/2000,20:05:00,America/Chicago,2000-05-07T01:05:00Z,WY,56,0,0,0,NA,42.05,-104.35,42.05,-104.35,0.1,30,1,1,15,0,0,0,FALSE,0
241,2000,5,6,5/6/2000,20:15:00,America/Chicago,2000-05-07T01:15:00Z,WY,56,0,0,0,NA,42.02,-104.18,42.02,-104.18,0.1,20,1,1,15,0,0,0,FALSE,0
242,2000,5,6,5/6/2000,20:27:00,America/Chicago,2000-05-07T01:27:00Z,WY,56,0,0,0,NA,41.97,-104.18,41.97,-104.18,0.1,20,1,1,15,0,0,0,FALSE,0
81,2001,4,20,4/20/2001,12:45:00,America/Chicago,2001-04-20T17:45:00Z,WY,56,1,0,0,NA,41.52,-109.57,41.52,-109.57,0.2,10,1,1,37,0,0,0,FALSE,0
244,2001,6,12,6/12/2001,13:27:00,America/Chicago,2001-06-12T18:27:00Z,WY,56,0,0,0,NA,44.23,-105.48,44.23,-105.42,2,25,1,1,5,0,0,0,FALSE,0
245,2001,6,12,6/12/2001,13:30:00,America/Chicago,2001-06-12T18:30:00Z,WY,56,0,0,0,NA,44.13,-105.48,44.13,-105.28,9,25,1,1,5,0,0,0,FALSE,0
957,2001,6,12,6/12/2001,13:50:00,America/Chicago,2001-06-12T18:50:00Z,WY,56,1,0,0,NA,43.88,-105.25,43.97,-104.82,27,25,1,1,5,45,0,0,FALSE,0
246,2001,6,12,6/12/2001,14:35:00,America/Chicago,2001-06-12T19:35:00Z,WY,56,1,0,0,NA,43.6,-104.97,43.63,-104.6,20,30,1,1,45,0,0,0,FALSE,0
283,2001,6,12,6/12/2001,15:05:00,America/Chicago,2001-06-12T20:05:00Z,WY,56,0,0,0,NA,43.38,-104.67,43.38,-104.67,0.2,30,1,1,27,0,0,0,FALSE,0
203,2001,6,26,6/26/2001,15:25:00,America/Chicago,2001-06-26T20:25:00Z,WY,56,0,0,0,NA,42.57,-106.72,42.57,-106.72,0.2,20,1,1,25,0,0,0,FALSE,0
202,2001,6,26,6/26/2001,18:42:00,America/Chicago,2001-06-26T23:42:00Z,WY,56,0,0,0,NA,44.28,-108.2,44.28,-108.2,0.5,50,1,1,3,0,0,0,FALSE,0
204,2001,6,26,6/26/2001,18:56:00,America/Chicago,2001-06-26T23:56:00Z,WY,56,1,0,0,NA,44.48,-108.05,44.48,-108.05,0.7,400,1,1,3,0,0,0,FALSE,0
282,2001,6,3,6/3/2001,12:20:00,America/Chicago,2001-06-03T17:20:00Z,WY,56,0,0,0,NA,41.88,-105.2,41.88,-105.2,0.1,20,1,1,31,0,0,0,FALSE,0
201,2001,6,3,6/3/2001,12:40:00,America/Chicago,2001-06-03T17:40:00Z,WY,56,0,0,0,NA,43.07,-106.77,43.07,-106.77,0.1,25,1,1,25,0,0,0,FALSE,0
243,2001,6,9,6/9/2001,16:50:00,America/Chicago,2001-06-09T21:50:00Z,WY,56,0,2,0,NA,43.85,-104.22,43.83,-104.22,0.5,10,1,1,45,0,0,0,FALSE,2
322,2001,7,10,7/10/2001,14:45:00,America/Chicago,2001-07-10T19:45:00Z,WY,56,1,0,0,NA,41.77,-110.12,41.77,-110.03,5,100,1,1,23,0,0,0,FALSE,0
323,2001,7,10,7/10/2001,16:30:00,America/Chicago,2001-07-10T21:30:00Z,WY,56,2,0,0,NA,43.83,-108.22,43.83,-108.22,0.5,50,1,1,17,0,0,0,FALSE,0
1062,2001,7,26,7/26/2001,16:30:00,America/Chicago,2001-07-26T21:30:00Z,WY,56,0,0,0,NA,44.32,-105.43,44.33,-105.42,1,20,1,1,5,0,0,0,FALSE,0
1063,2001,7,26,7/26/2001,16:40:00,America/Chicago,2001-07-26T21:40:00Z,WY,56,0,0,0,NA,44.32,-105.43,44.33,-105.42,1,20,1,1,5,0,0,0,FALSE,0
237,2002,8,24,8/24/2002,13:22:00,America/Chicago,2002-08-24T18:22:00Z,WY,56,0,0,0,NA,41.13,-105.23,41.13,-105.23,0.3,20,1,1,21,0,0,0,FALSE,0
238,2002,8,24,8/24/2002,13:28:00,America/Chicago,2002-08-24T18:28:00Z,WY,56,0,0,0,NA,41.15,-105.37,41.15,-105.37,0.2,25,1,1,1,0,0,0,FALSE,0
240,2002,8,24,8/24/2002,16:17:00,America/Chicago,2002-08-24T21:17:00Z,WY,56,0,0,0,NA,41.92,-104.78,41.92,-104.78,0.2,25,1,1,15,0,0,0,FALSE,0
241,2002,8,27,8/27/2002,20:18:00,America/Chicago,2002-08-28T01:18:00Z,WY,56,0,0,0,NA,41.47,-105.58,41.47,-105.58,0.2,25,1,1,1,0,0,0,FALSE,0
242,2002,8,27,8/27/2002,20:54:00,America/Chicago,2002-08-28T01:54:00Z,WY,56,0,0,0,NA,41.43,-105.43,41.27,-105.95,0.1,25,1,1,1,0,0,0,FALSE,0
243,2002,8,28,8/28/2002,19:18:00,America/Chicago,2002-08-29T00:18:00Z,WY,56,0,0,0,30000,41.18,-104.45,41.17,-104.37,4.5,60,1,1,21,0,0,0,FALSE,0
244,2002,8,29,8/29/2002,15:05:00,America/Chicago,2002-08-29T20:05:00Z,WY,56,0,0,0,NA,41.73,-104.82,41.73,-104.82,0.2,20,1,1,31,0,0,0,FALSE,0
245,2002,8,29,8/29/2002,15:06:00,America/Chicago,2002-08-29T20:06:00Z,WY,56,0,0,0,NA,41.87,-104.9,41.87,-104.9,0.1,20,1,1,31,0,0,0,FALSE,0
1218,2003,6,21,6/21/2003,13:50:00,America/Chicago,2003-06-21T18:50:00Z,WY,56,0,0,0,NA,44.28,-105.73,44.28,-105.73,0.5,10,1,1,5,0,0,0,FALSE,0
1219,2003,6,21,6/21/2003,14:25:00,America/Chicago,2003-06-21T19:25:00Z,WY,56,0,0,0,NA,44.28,-105.38,44.28,-105.38,1,10,1,1,5,0,0,0,FALSE,0
407,2003,6,24,6/24/2003,13:30:00,America/Chicago,2003-06-24T18:30:00Z,WY,56,0,0,0,NA,41.23,-108.07,41.23,-108.07,0,0,1,1,37,0,0,0,FALSE,0
636,2003,9,8,9/8/2003,16:30:00,America/Chicago,2003-09-08T21:30:00Z,WY,56,0,0,0,NA,43.12,-106.32,43.12,-106.32,0,0,1,1,25,0,0,0,FALSE,0
209,2004,5,22,5/22/2004,14:10:00,America/Chicago,2004-05-22T19:10:00Z,WY,56,0,0,0,NA,41.63,-104.17,41.63,-104.17,0.2,25,1,1,15,0,0,0,FALSE,0
720,2004,6,10,6/10/2004,15:25:00,America/Chicago,2004-06-10T20:25:00Z,WY,56,0,0,0,NA,44.87,-106.95,44.87,-106.95,3.6,100,1,1,33,0,0,0,FALSE,0
310,2004,7,13,7/13/2004,19:43:00,America/Chicago,2004-07-14T00:43:00Z,WY,56,0,0,0,NA,43.75,-105.47,43.75,-105.47,0.1,10,1,1,5,0,0,0,FALSE,0
484,2004,9,14,9/14/2004,13:44:00,America/Chicago,2004-09-14T18:44:00Z,WY,56,0,0,0,NA,43.93,-104.87,43.93,-104.87,0.1,10,1,1,45,0,0,0,FALSE,0
485,2004,9,14,9/14/2004,14:00:00,America/Chicago,2004-09-14T19:00:00Z,WY,56,0,0,0,NA,43.68,-104.85,43.68,-104.85,0.5,10,1,1,45,0,0,0,FALSE,0
546,2004,9,30,9/30/2004,17:25:00,America/Chicago,2004-09-30T22:25:00Z,WY,56,0,0,0,NA,42.87,-108.77,42.87,-108.77,1,50,1,1,13,0,0,0,FALSE,0
877,2005,6,1,6/1/2005,13:17:00,America/Chicago,2005-06-01T18:17:00Z,WY,56,0,0,0,NA,44.72,-108.65,44.75,-108.57,4,30,1,1,29,3,0,0,FALSE,0
202,2005,6,1,6/1/2005,13:38:00,America/Chicago,2005-06-01T18:38:00Z,WY,56,0,0,0,NA,44.75,-108.5,44.78,-108.42,4,30,1,1,3,0,0,0,FALSE,0
203,2005,6,1,6/1/2005,13:40:00,America/Chicago,2005-06-01T18:40:00Z,WY,56,0,0,0,NA,44.47,-108.45,44.45,-108.27,10,20,1,1,3,0,0,0,FALSE,0
191,2005,6,7,6/7/2005,16:34:00,America/Chicago,2005-06-07T21:34:00Z,WY,56,1,0,0,NA,44.88,-105.48,45.02,-105.7,4,30,1,1,5,0,0,0,FALSE,0
330,2005,8,12,8/12/2005,16:40:00,America/Chicago,2005-08-12T21:40:00Z,WY,56,2,13,2,5000000,43.73,-105.47,43.72,-105.47,1.5,450,1,1,5,0,0,0,FALSE,15
257,2005,8,12,8/12/2005,19:05:00,America/Chicago,2005-08-13T00:05:00Z,WY,56,0,0,0,NA,42.93,-105.37,42.93,-105.37,0.1,30,1,1,9,0,0,0,FALSE,0
712,2006,7,3,7/3/2006,17:34:00,America/Chicago,2006-07-03T22:34:00Z,WY,56,0,0,0,NA,42.75,-105.77,42.75,-105.77,0.1,20,1,1,9,0,0,0,FALSE,0
603,2007,5,17,5/17/2007,15:29:00,America/Chicago,2007-05-17T20:29:00Z,WY,56,0,0,0,NA,42.27,-105,42.27,-105,0.1,30,1,1,31,0,0,0,FALSE,0
608,2007,5,20,5/20/2007,19:12:00,America/Chicago,2007-05-21T00:12:00Z,WY,56,1,0,0,NA,44.1,-105.74,44.12,-105.71,2,10,1,1,5,0,0,0,FALSE,0
645,2007,5,28,5/28/2007,16:47:00,America/Chicago,2007-05-28T21:47:00Z,WY,56,0,0,0,NA,43.66,-105.65,43.66,-105.65,0.1,10,1,1,5,0,0,0,FALSE,0
698,2007,6,6,6/6/2007,14:35:00,America/Chicago,2007-06-06T19:35:00Z,WY,56,0,0,0,NA,44.16,-105.6,44.2,-105.55,3.72,30,1,1,5,0,0,0,FALSE,0
699,2007,6,6,6/6/2007,14:54:00,America/Chicago,2007-06-06T19:54:00Z,WY,56,0,0,0,NA,44.17,-105.24,44.17,-105.24,0.5,10,1,1,5,0,0,0,FALSE,0
1690,2008,5,22,5/22/2008,12:58:00,America/Chicago,2008-05-22T17:58:00Z,WY,56,2,1,0,300000,40.9988,-105.274,41.3345,-105.58,25.13,100,1,1,1,0,0,0,FALSE,1
799,2008,5,22,5/22/2008,20:28:00,America/Chicago,2008-05-23T01:28:00Z,WY,56,1,0,0,20000,41.13,-104.69,0,0,0.7,50,1,1,21,0,0,0,FALSE,0
800,2008,5,22,5/22/2008,20:32:00,America/Chicago,2008-05-23T01:32:00Z,WY,56,0,0,0,NA,41.09,-104.87,0,0,0.3,30,1,1,21,0,0,0,FALSE,0
802,2008,5,23,5/23/2008,15:13:00,America/Chicago,2008-05-23T20:13:00Z,WY,56,1,0,0,NA,41.25,-104.98,41.28,-105.01,2.66,100,1,1,21,0,0,0,FALSE,0
804,2008,5,23,5/23/2008,15:26:00,America/Chicago,2008-05-23T20:26:00Z,WY,56,0,0,0,NA,41.8,-104.8,42.1,-104.81,20.48,50,1,1,31,0,0,0,FALSE,0
810,2008,5,23,5/23/2008,16:09:00,America/Chicago,2008-05-23T21:09:00Z,WY,56,0,0,0,NA,41.11,-104.15,41.14,-104.17,2.3,75,1,1,21,0,0,0,FALSE,0
821,2008,5,23,5/23/2008,17:26:00,America/Chicago,2008-05-23T22:26:00Z,WY,56,1,0,0,10000,41.54,-104.29,41.89,-104.34,24.41,75,1,1,15,0,0,0,FALSE,0
947,2008,5,28,5/28/2008,15:08:00,America/Chicago,2008-05-28T20:08:00Z,WY,56,0,1,0,10000,43.53,-109.63,43.53,-109.63,0.04,10,1,1,13,0,0,0,FALSE,1
951,2008,5,29,5/29/2008,12:34:00,America/Chicago,2008-05-29T17:34:00Z,WY,56,0,0,0,NA,43.67,-108.42,43.67,-108.41,0.3,35,1,1,17,0,0,0,FALSE,0
954,2008,5,29,5/29/2008,15:25:00,America/Chicago,2008-05-29T20:25:00Z,WY,56,0,0,0,NA,44.15,-106.28,44.15,-106.28,0.14,10,1,1,19,0,0,0,FALSE,0
618,2008,5,7,5/7/2008,15:12:00,America/Chicago,2008-05-07T20:12:00Z,WY,56,0,0,0,NA,42.81,-106.32,0,0,0.05,30,1,1,25,0,0,0,FALSE,0
659,2008,5,9,5/9/2008,14:12:00,America/Chicago,2008-05-09T19:12:00Z,WY,56,0,0,0,NA,43.55,-104.88,0,0,0.1,150,1,1,45,0,0,0,FALSE,0
1164,2008,6,10,6/10/2008,18:50:00,America/Chicago,2008-06-10T23:50:00Z,WY,56,1,0,0,NA,44.04,-104.1,44.11,-104,7.22,400,2,0,0,0,0,0,FALSE,0
1268,2008,6,20,6/20/2008,17:05:00,America/Chicago,2008-06-20T22:05:00Z,WY,56,0,0,0,NA,44.96,-105.57,0,0,0.02,10,1,1,5,0,0,0,FALSE,0
1011,2008,6,1,6/1/2008,17:40:00,America/Chicago,2008-06-01T22:40:00Z,WY,56,0,0,0,NA,43.72,-105.87,0,0,0.02,10,1,1,5,0,0,0,FALSE,0
1014,2008,6,2,6/2/2008,15:20:00,America/Chicago,2008-06-02T20:20:00Z,WY,56,0,0,0,10000,44.3,-105.55,0,0,0.25,50,1,1,5,0,0,0,FALSE,0
1015,2008,6,2,6/2/2008,17:30:00,America/Chicago,2008-06-02T22:30:00Z,WY,56,0,0,0,NA,43.97,-104.92,0,0,0.5,20,1,1,45,0,0,0,FALSE,0
1513,2008,9,1,9/1/2008,16:24:00,America/Chicago,2008-09-01T21:24:00Z,WY,56,0,0,0,NA,43.92,-105.71,0,0,0.11,20,1,1,5,0,0,0,FALSE,0
642,2009,6,10,6/10/2009,13:55:00,America/Chicago,2009-06-10T18:55:00Z,WY,56,0,0,0,NA,41.78,-104.503,41.78,-104.503,0.1,30,1,1,15,0,0,0,FALSE,0
687,2009,6,14,6/14/2009,13:27:00,America/Chicago,2009-06-14T18:27:00Z,WY,56,0,0,0,NA,41.8114,-104.748,41.8109,-104.633,5.92,40,1,1,31,0,0,0,FALSE,0
688,2009,6,14,6/14/2009,14:53:00,America/Chicago,2009-06-14T19:53:00Z,WY,56,0,0,0,NA,43.7197,-108.447,43.7105,-108.421,0.67,30,1,1,17,0,0,0,FALSE,0
853,2009,6,30,6/30/2009,15:00:00,America/Chicago,2009-06-30T20:00:00Z,WY,56,0,0,0,NA,44.3617,-105.112,44.3617,-105.112,0.02,10,1,1,5,0,0,0,FALSE,0
586,2009,6,1,6/1/2009,15:58:00,America/Chicago,2009-06-01T20:58:00Z,WY,56,1,0,0,5000,44.2477,-107.803,44.2429,-107.806,0.36,35,1,1,3,0,0,0,FALSE,0
600,2009,6,3,6/3/2009,19:43:00,America/Chicago,2009-06-04T00:43:00Z,WY,56,0,0,0,NA,42.2936,-108.01,42.2876,-107.994,0.9,50,1,1,13,0,0,0,FALSE,0
610,2009,6,5,6/5/2009,16:07:00,America/Chicago,2009-06-05T21:07:00Z,WY,56,2,0,0,10000,41.63,-104.383,41.6134,-104.224,8.31,100,1,1,15,0,0,0,FALSE,0
618,2009,6,7,6/7/2009,13:03:00,America/Chicago,2009-06-07T18:03:00Z,WY,56,0,0,0,NA,41.5891,-104.115,41.6331,-104.018,3.95,25,2,0,0,0,0,0,FALSE,0
886,2009,7,13,7/13/2009,18:10:00,America/Chicago,2009-07-13T23:10:00Z,WY,56,2,2,0,300000,44.588,-104.429,44.557,-104.243,9.4,600,1,1,11,0,0,0,FALSE,2
934,2009,7,27,7/27/2009,17:25:00,America/Chicago,2009-07-27T22:25:00Z,WY,56,0,0,0,2000,43.7897,-105.8,43.7897,-105.8,0.5,100,1,1,5,0,0,0,FALSE,0
1080,2009,8,14,8/14/2009,17:27:00,America/Chicago,2009-08-14T22:27:00Z,WY,56,0,0,0,NA,43.8358,-107.714,43.8428,-107.703,0.75,30,1,1,43,0,0,0,FALSE,0
356,2010,5,18,5/18/2010,15:40:00,America/Chicago,2010-05-18T20:40:00Z,WY,56,0,0,0,NA,41.03,-104.715,41.03,-104.715,5,50,1,1,21,0,0,0,FALSE,0
357,2010,5,18,5/18/2010,15:41:00,America/Chicago,2010-05-18T20:41:00Z,WY,56,0,0,0,NA,41.0866,-104.82,41.0866,-104.82,5,50,1,1,21,0,0,0,FALSE,0
358,2010,5,18,5/18/2010,15:45:00,America/Chicago,2010-05-18T20:45:00Z,WY,56,0,0,0,NA,41.03,-104.715,41.03,-104.715,5,50,1,1,21,0,0,0,FALSE,0
366,2010,5,18,5/18/2010,18:00:00,America/Chicago,2010-05-18T23:00:00Z,WY,56,0,0,0,NA,41.1202,-104.23,41.1202,-104.23,1,25,1,1,21,0,0,0,FALSE,0
367,2010,5,18,5/18/2010,18:06:00,America/Chicago,2010-05-18T23:06:00Z,WY,56,0,0,0,NA,41.17,-104.224,41.17,-104.224,1,25,1,1,21,0,0,0,FALSE,0
368,2010,5,18,5/18/2010,18:15:00,America/Chicago,2010-05-18T23:15:00Z,WY,56,0,0,0,NA,41.17,-104.166,41.17,-104.166,0.25,25,1,1,21,0,0,0,FALSE,0
369,2010,5,18,5/18/2010,18:21:00,America/Chicago,2010-05-18T23:21:00Z,WY,56,0,0,0,NA,41.17,-104.166,41.17,-104.166,0.25,25,1,1,21,0,0,0,FALSE,0
370,2010,5,18,5/18/2010,18:24:00,America/Chicago,2010-05-18T23:24:00Z,WY,56,0,0,0,NA,41.17,-104.243,41.17,-104.243,0.25,25,1,1,21,0,0,0,FALSE,0
374,2010,5,18,5/18/2010,18:55:00,America/Chicago,2010-05-18T23:55:00Z,WY,56,2,0,0,50000,41.18,-104.37,41.18,-104.37,1.5,100,1,1,21,0,0,0,FALSE,0
415,2010,5,21,5/21/2010,16:59:00,America/Chicago,2010-05-21T21:59:00Z,WY,56,0,0,0,NA,42.3174,-105.119,42.3174,-105.119,0.25,20,1,1,31,0,0,0,FALSE,0
719,2010,6,20,6/20/2010,16:26:00,America/Chicago,2010-06-20T21:26:00Z,WY,56,0,0,0,NA,41.7295,-104.803,41.7002,-104.669,7.19,100,1,1,31,0,0,0,FALSE,0
720,2010,6,20,6/20/2010,17:20:00,America/Chicago,2010-06-20T22:20:00Z,WY,56,0,0,0,NA,43.1469,-105.545,43.1469,-105.545,0.25,25,1,1,9,0,0,0,FALSE,0
755,2010,6,22,6/22/2010,17:38:00,America/Chicago,2010-06-22T22:38:00Z,WY,56,0,0,0,NA,43.9976,-104.458,43.9976,-104.458,0.01,30,1,1,45,0,0,0,FALSE,0
512,2010,6,1,6/1/2010,17:54:00,America/Chicago,2010-06-01T22:54:00Z,WY,56,0,0,0,NA,44.1759,-106.022,44.1764,-106.02,0.11,25,1,1,19,0,0,0,FALSE,0
839,2010,7,4,7/4/2010,14:06:00,America/Chicago,2010-07-04T19:06:00Z,WY,56,0,0,0,NA,41.75,-104.733,41.75,-104.733,1,25,1,1,31,0,0,0,FALSE,0
840,2010,7,4,7/4/2010,14:24:00,America/Chicago,2010-07-04T19:24:00Z,WY,56,0,0,0,NA,41.6273,-105.065,41.6273,-105.065,0.25,25,1,1,21,0,0,0,FALSE,0
841,2010,7,4,7/4/2010,15:38:00,America/Chicago,2010-07-04T20:38:00Z,WY,56,0,0,0,NA,41.13,-104.689,41.13,-104.689,0.25,20,1,1,21,0,0,0,FALSE,0
1009,2010,8,12,8/12/2010,15:11:00,America/Chicago,2010-08-12T20:11:00Z,WY,56,0,0,0,NA,44.6038,-108.313,44.6172,-108.268,2.44,30,1,1,3,0,0,0,FALSE,0
1031,2010,8,30,8/30/2010,13:51:00,America/Chicago,2010-08-30T18:51:00Z,WY,56,1,0,0,70000,43.9766,-107.49,44.0195,-107.42,4.55,30,1,1,43,0,0,0,FALSE,0
982,2010,8,3,8/3/2010,11:02:00,America/Chicago,2010-08-03T16:02:00Z,WY,56,0,0,0,1000,44.1215,-105.339,44.1215,-105.339,0.05,10,1,1,5,0,0,0,FALSE,0
303997,2011,6,11,6/11/2011,15:50:00,America/Chicago,2011-06-11T20:50:00Z,WY,56,0,0,0,NA,41.92,-104.3,41.92,-104.3,0.01,25,1,1,15,0,0,0,FALSE,0
304038,2011,6,12,6/12/2011,14:58:00,America/Chicago,2011-06-12T19:58:00Z,WY,56,0,0,0,NA,43.3302,-104.254,43.3302,-104.254,0.02,25,1,1,27,0,0,0,FALSE,0
304040,2011,6,12,6/12/2011,15:30:00,America/Chicago,2011-06-12T20:30:00Z,WY,56,0,0,0,NA,43.357,-104.239,43.357,-104.239,0.01,30,1,1,27,0,0,0,FALSE,0
312713,2011,7,2,7/2/2011,18:47:00,America/Chicago,2011-07-02T23:47:00Z,WY,56,0,0,0,NA,42.2916,-104.423,42.2916,-104.423,0.02,25,1,1,15,0,0,0,FALSE,0
312714,2011,7,2,7/2/2011,19:00:00,America/Chicago,2011-07-03T00:00:00Z,WY,56,0,0,0,NA,42.13,-104.35,42.13,-104.35,0.05,25,1,1,15,0,0,0,FALSE,0
312720,2011,7,2,7/2/2011,19:18:00,America/Chicago,2011-07-03T00:18:00Z,WY,56,0,0,0,NA,42.0411,-104.18,42.0411,-104.18,0.01,20,1,1,15,0,0,0,FALSE,0
312724,2011,7,2,7/2/2011,19:37:00,America/Chicago,2011-07-03T00:37:00Z,WY,56,0,0,0,NA,41.92,-104.07,41.92,-104.07,0.02,20,1,1,15,0,0,0,FALSE,0
373346,2012,5,18,5/18/2012,14:09:00,America/Chicago,2012-05-18T19:09:00Z,WY,56,0,0,0,NA,42.2527,-104.845,42.2645,-104.835,0.99,50,1,1,31,0,0,0,FALSE,0
377624,2012,6,7,6/7/2012,15:07:00,America/Chicago,2012-06-07T20:07:00Z,WY,56,2,1,0,NA,42.05,-105.106,41.85,-104.81,20.57,200,1,1,31,0,0,0,FALSE,1
377625,2012,6,7,6/7/2012,16:33:00,America/Chicago,2012-06-07T21:33:00Z,WY,56,0,0,0,NA,41.44,-104.87,41.4396,-104.868,0.1,50,1,1,21,0,0,0,FALSE,0
377626,2012,6,7,6/7/2012,18:25:00,America/Chicago,2012-06-07T23:25:00Z,WY,56,0,0,0,NA,41.46,-104.74,41.4593,-104.735,0.25,50,1,1,21,0,0,0,FALSE,0
443248,2013,5,27,5/27/2013,11:00:00,America/Chicago,2013-05-27T16:00:00Z,WY,56,0,0,0,NA,44.328,-108.827,44.3791,-108.722,6.27,20,1,1,29,0,0,0,FALSE,0
448688,2013,6,22,6/22/2013,13:58:00,America/Chicago,2013-06-22T18:58:00Z,WY,56,0,0,0,NA,41.9776,-104.97,41.9816,-104.965,0.37,30,1,1,31,0,0,0,FALSE,0
451405,2013,6,22,6/22/2013,14:06:00,America/Chicago,2013-06-22T19:06:00Z,WY,56,0,0,0,NA,42.9562,-106.091,42.9567,-106.09,0.08,20,1,1,25,0,0,0,FALSE,0
448692,2013,6,22,6/22/2013,15:54:00,America/Chicago,2013-06-22T20:54:00Z,WY,56,0,0,0,NA,41.8477,-104.507,41.8484,-104.5,0.39,30,1,1,15,0,0,0,FALSE,0
448929,2013,6,22,6/22/2013,16:30:00,America/Chicago,2013-06-22T21:30:00Z,WY,56,0,0,0,NA,41.7168,-104.17,41.6709,-104.115,4.25,40,1,1,15,0,0,0,FALSE,0
457237,2013,7,29,7/29/2013,18:03:00,America/Chicago,2013-07-29T23:03:00Z,WY,56,0,0,0,NA,41.27,-105.05,41.26,-105.03,1.25,50,1,1,21,0,0,0,FALSE,0
460386,2013,8,12,8/12/2013,13:30:00,America/Chicago,2013-08-12T18:30:00Z,WY,56,0,0,0,NA,42.5468,-106.769,42.5475,-106.767,0.09,10,1,1,25,0,0,0,FALSE,0
469337,2013,9,15,9/15/2013,17:11:00,America/Chicago,2013-09-15T22:11:00Z,WY,56,0,0,0,NA,41.8658,-109.678,41.8658,-109.678,0.05,30,1,1,37,0,0,0,FALSE,0
521803,2014,5,21,5/21/2014,19:15:00,America/Chicago,2014-05-22T00:15:00Z,WY,56,0,0,0,NA,42.2021,-105.005,42.21,-104.99,0.94,25,1,1,31,0,0,0,FALSE,0
509256,2014,5,23,5/23/2014,13:35:00,America/Chicago,2014-05-23T18:35:00Z,WY,56,0,0,0,NA,42.7319,-106.423,42.7435,-106.459,2,40,1,1,25,0,0,0,FALSE,0
509260,2014,5,24,5/24/2014,14:36:00,America/Chicago,2014-05-24T19:36:00Z,WY,56,0,0,0,NA,44.9217,-108.443,44.9114,-108.437,0.77,20,1,1,3,0,0,0,FALSE,0
511652,2014,5,31,5/31/2014,13:34:00,America/Chicago,2014-05-31T18:34:00Z,WY,56,0,0,0,NA,43.34,-110.006,43.3445,-110.004,0.32,30,1,1,35,0,0,0,FALSE,0
506456,2014,5,6,5/6/2014,14:05:00,America/Chicago,2014-05-06T19:05:00Z,WY,56,0,0,0,NA,43.2194,-108.383,43.2547,-108.301,4.79,30,1,1,13,0,0,0,FALSE,0
509167,2014,5,6,5/6/2014,14:07:00,America/Chicago,2014-05-06T19:07:00Z,WY,56,1,0,0,12000,43.2966,-108.337,43.3148,-108.32,1.52,50,1,1,13,0,0,0,FALSE,0
521866,2014,5,7,5/7/2014,15:08:00,America/Chicago,2014-05-07T20:08:00Z,WY,56,0,0,0,NA,41.905,-109.385,41.9096,-109.377,0.53,30,1,1,37,0,0,0,FALSE,0
530614,2014,6,13,6/13/2014,16:41:00,America/Chicago,2014-06-13T21:41:00Z,WY,56,2,1,0,100000,44.714,-104.573,44.722,-104.237,16.51,530,1,1,11,0,0,0,FALSE,1
530615,2014,6,25,6/25/2014,18:05:00,America/Chicago,2014-06-25T23:05:00Z,WY,56,1,0,0,10000,44.572,-104.62,44.589,-104.502,5.92,100,1,1,11,0,0,0,FALSE,0
530653,2014,6,26,6/26/2014,16:55:00,America/Chicago,2014-06-26T21:55:00Z,WY,56,0,0,0,10000,44.053,-105.689,44.053,-105.689,0.33,30,1,1,5,0,0,0,FALSE,0
517093,2014,6,3,6/3/2014,12:07:00,America/Chicago,2014-06-03T17:07:00Z,WY,56,0,0,0,NA,43.7665,-108.864,43.7548,-108.823,2.21,30,1,1,17,0,0,0,FALSE,0
526236,2014,6,8,6/8/2014,13:00:00,America/Chicago,2014-06-08T18:00:00Z,WY,56,0,0,0,NA,41.0688,-104.255,41.0692,-104.245,0.54,25,1,1,21,0,0,0,FALSE,0
520142,2014,7,13,7/13/2014,13:40:00,America/Chicago,2014-07-13T18:40:00Z,WY,56,0,0,0,NA,41.14,-104.628,41.1382,-104.626,0.17,25,1,1,21,0,0,0,FALSE,0
572101,2015,5,15,5/15/2015,15:34:00,America/Chicago,2015-05-15T20:34:00Z,WY,56,1,0,0,NA,41.919,-104.211,42.054,-104.15,9.84,400,1,1,15,0,0,0,FALSE,0
570224,2015,5,16,5/16/2015,13:13:00,America/Chicago,2015-05-16T18:13:00Z,WY,56,0,0,0,NA,44.5021,-108.749,44.4883,-108.729,1.37,20,1,1,29,0,0,0,FALSE,0
572080,2015,5,23,5/23/2015,12:55:00,America/Chicago,2015-05-23T17:55:00Z,WY,56,0,0,0,NA,41.5357,-105.843,41.5392,-105.847,0.3,35,1,1,1,0,0,0,FALSE,0
586003,2015,6,15,6/15/2015,16:16:00,America/Chicago,2015-06-15T21:16:00Z,WY,56,0,0,0,NA,41.9,-106.044,41.9009,-106.024,1.03,30,1,1,7,0,0,0,FALSE,0
584114,2015,6,16,6/16/2015,15:03:00,America/Chicago,2015-06-16T20:03:00Z,WY,56,0,0,0,NA,42.76,-105.774,42.76,-105.755,1,35,1,1,9,0,0,0,FALSE,0
586553,2015,6,25,6/25/2015,16:45:00,America/Chicago,2015-06-25T21:45:00Z,WY,56,0,0,0,NA,41.7069,-104.529,41.6883,-104.502,1.9,50,1,1,15,0,0,0,FALSE,0
586835,2015,6,3,6/3/2015,19:20:00,America/Chicago,2015-06-04T00:20:00Z,WY,56,0,0,0,NA,43.8295,-105.79,43.8295,-105.79,0.01,10,1,1,5,0,0,0,FALSE,0
596393,2015,7,7,7/7/2015,15:30:00,America/Chicago,2015-07-07T20:30:00Z,WY,56,0,0,0,NA,41.6651,-108.156,41.6651,-108.156,0.05,10,1,1,37,0,0,0,FALSE,0
614263,2016,8,7,8/7/2016,19:55:00,America/Chicago,2016-08-08T00:55:00Z,WY,56,1,0,0,NA,44.289,-105.3636,44.2968,-105.3348,1.52,365,1,1,5,0,0,0,FALSE,0
614355,2016,9,4,9/4/2016,13:06:00,America/Chicago,2016-09-04T18:06:00Z,WY,56,1,0,0,1000,43.0661,-110.2556,43.101,-110.2528,2.42,300,1,1,35,0,0,0,FALSE,0
615343,2017,5,26,5/26/2017,12:40:00,America/Chicago,2017-05-26T17:40:00Z,WY,56,0,0,0,1000,41.6437,-108.4234,41.6514,-108.2037,11.36,30,1,1,37,0,0,0,FALSE,0
615399,2017,6,12,6/12/2017,15:55:00,America/Chicago,2017-06-12T20:55:00Z,WY,56,NA,0,0,NA,42.1006,-104.6379,42.3752,-104.3755,23.24,40,1,1,15,0,0,0,FALSE,0
615400,2017,6,12,6/12/2017,16:40:00,America/Chicago,2017-06-12T21:40:00Z,WY,56,0,0,0,NA,41.3045,-104.6858,41.3446,-104.6818,2.78,80,1,1,21,0,0,0,FALSE,0
615402,2017,6,12,6/12/2017,16:49:00,America/Chicago,2017-06-12T21:49:00Z,WY,56,1,0,0,NA,42.5793,-105.7104,42.5793,-105.7104,0.5,25,1,1,9,0,0,0,FALSE,0
615403,2017,6,12,6/12/2017,17:05:00,America/Chicago,2017-06-12T22:05:00Z,WY,56,1,0,0,NA,41.0296,-104.1333,41.0482,-104.1181,1.51,80,1,1,21,0,0,0,FALSE,0
615404,2017,6,12,6/12/2017,17:09:00,America/Chicago,2017-06-12T22:09:00Z,WY,56,2,2,0,603000,42.276,-104.1957,42.583,-103.9198,25.55,500,2,0,0,0,0,0,FALSE,2
615405,2017,6,12,6/12/2017,17:30:00,America/Chicago,2017-06-12T22:30:00Z,WY,56,2,0,0,10000,43.6916,-106.685,43.714,-106.679,1.58,250,1,1,19,0,0,0,FALSE,0
615406,2017,6,12,6/12/2017,17:50:00,America/Chicago,2017-06-12T22:50:00Z,WY,56,0,0,0,NA,44.42,-108.91,44.43,-108.91,0.69,25,1,1,29,0,0,0,FALSE,0
615409,2017,6,12,6/12/2017,18:14:00,America/Chicago,2017-06-12T23:14:00Z,WY,56,0,0,0,NA,44.17,-108.42,44.21,-108.45,3.14,30,1,1,3,0,0,0,FALSE,0
615413,2017,6,12,6/12/2017,18:36:00,America/Chicago,2017-06-12T23:36:00Z,WY,56,0,0,0,NA,42.93,-106.39,42.931,-106.39,0.07,20,1,1,25,0,0,0,FALSE,0
616261,2018,5,27,5/27/2018,14:43:00,America/Chicago,2018-05-27T19:43:00Z,WY,56,NA,0,0,NA,41.1613,-105.3063,41.2173,-105.2267,7.45,50,1,1,1,21,0,0,FALSE,0
616262,2018,5,27,5/27/2018,15:20:00,America/Chicago,2018-05-27T20:20:00Z,WY,56,2,0,0,NA,41.2747,-105.1089,41.2589,-105.1115,1,500,1,1,21,0,0,0,FALSE,0
616264,2018,5,27,5/27/2018,16:05:00,America/Chicago,2018-05-27T21:05:00Z,WY,56,NA,0,0,NA,42.3697,-105.03,42.394,-104.9918,2.57,50,1,1,31,0,0,0,FALSE,0
616265,2018,5,27,5/27/2018,16:21:00,America/Chicago,2018-05-27T21:21:00Z,WY,56,NA,0,0,NA,41.4007,-104.8802,41.4024,-104.868,0.64,100,1,1,21,0,0,0,FALSE,0
616273,2018,5,28,5/28/2018,15:00:00,America/Chicago,2018-05-28T20:00:00Z,WY,56,0,0,0,NA,42.3367,-108.7514,42.3314,-108.758,0.49,20,1,1,13,0,0,0,FALSE,0
616275,2018,5,28,5/28/2018,15:39:00,America/Chicago,2018-05-28T20:39:00Z,WY,56,0,0,0,NA,41.5959,-109.9419,41.6086,-109.8652,3.45,25,1,1,37,0,0,0,FALSE,0
616386,2018,6,19,6/19/2018,14:37:00,America/Chicago,2018-06-19T19:37:00Z,WY,56,0,0,0,NA,41.56,-104.98,41.56,-104.98,0.1,25,1,1,21,0,0,0,FALSE,0
616387,2018,6,19,6/19/2018,14:54:00,America/Chicago,2018-06-19T19:54:00Z,WY,56,0,0,0,NA,41.4758,-104.9032,41.4758,-104.9032,0.1,25,1,1,21,0,0,0,FALSE,0
616464,2018,6,29,6/29/2018,16:05:00,America/Chicago,2018-06-29T21:05:00Z,WY,56,1,0,0,NA,44.3206,-104.287,44.353,-104.0556,11.65,200,1,1,11,0,0,0,FALSE,0
616317,2018,6,1,6/1/2018,12:11:00,America/Chicago,2018-06-01T17:11:00Z,WY,56,2,0,0,20000,43.9988,-107.1501,44.0043,-107.1319,0.98,300,1,1,43,0,0,0,FALSE,0
616318,2018,6,1,6/1/2018,12:16:00,America/Chicago,2018-06-01T17:16:00Z,WY,56,2,0,0,NA,44.0285,-107.1061,44.042,-107.1149,1.03,300,1,1,19,0,0,0,FALSE,0
616319,2018,6,1,6/1/2018,13:34:00,America/Chicago,2018-06-01T18:34:00Z,WY,56,0,0,0,NA,44.295,-105.73,44.306,-105.716,1.03,25,1,1,5,0,0,0,FALSE,0
616320,2018,6,1,6/1/2018,13:41:00,America/Chicago,2018-06-01T18:41:00Z,WY,56,3,2,0,NA,44.329,-105.711,44.352,-105.642,3.76,200,1,1,5,0,0,0,FALSE,2
616321,2018,6,1,6/1/2018,13:55:00,America/Chicago,2018-06-01T18:55:00Z,WY,56,1,0,0,50000,44.328,-105.482,44.33,-105.473,0.47,25,1,1,5,0,0,0,FALSE,0
616322,2018,6,1,6/1/2018,13:59:00,America/Chicago,2018-06-01T18:59:00Z,WY,56,1,0,0,NA,44.379,-105.552,44.391,-105.46,4.62,50,1,1,5,0,0,0,FALSE,0
616335,2018,6,6,6/6/2018,17:43:00,America/Chicago,2018-06-06T22:43:00Z,WY,56,2,0,0,NA,41.416,-105.605,41.416,-105.597,0.6,50,1,1,1,0,0,0,FALSE,0
616336,2018,6,6,6/6/2018,17:43:00,America/Chicago,2018-06-06T22:43:00Z,WY,56,3,0,0,NA,41.469,-105.676,41.469,-105.46,11.3,600,1,1,1,0,0,0,FALSE,0
616537,2018,7,26,7/26/2018,15:32:00,America/Chicago,2018-07-26T20:32:00Z,WY,56,0,0,0,NA,42.9,-106.32,42.8974,-106.3173,0.23,20,1,1,25,0,0,0,FALSE,0
616545,2018,7,28,7/28/2018,15:50:00,America/Chicago,2018-07-28T20:50:00Z,WY,56,3,0,0,NA,42.6452,-105.5134,42.5841,-105.4862,4.44,350,1,1,9,0,0,0,FALSE,0
616546,2018,7,28,7/28/2018,16:20:00,America/Chicago,2018-07-28T21:20:00Z,WY,56,1,0,0,NA,42.5681,-105.4325,42.5498,-105.4078,1.78,150,1,1,9,0,0,0,FALSE,0
616547,2018,7,28,7/28/2018,16:27:00,America/Chicago,2018-07-28T21:27:00Z,WY,56,NA,0,0,NA,42.4329,-105.2829,42.4009,-105.2333,3.36,50,1,1,31,0,0,0,FALSE,0
616550,2018,7,29,7/29/2018,13:55:00,America/Chicago,2018-07-29T18:55:00Z,WY,56,0,0,0,NA,41.44,-104.35,41.4314,-104.3334,1.04,75,1,1,21,0,0,0,FALSE,0
616552,2018,7,29,7/29/2018,14:45:00,America/Chicago,2018-07-29T19:45:00Z,WY,56,0,0,0,NA,41.2073,-104.8065,41.2052,-104.8049,0.17,50,1,1,21,0,0,0,FALSE,0
617392,2019,4,26,4/26/2019,12:30:00,America/Chicago,2019-04-26T17:30:00Z,WY,56,0,0,0,20000,42.558,-110.1055,42.5587,-110.1037,0.1,20,1,1,35,0,0,0,FALSE,0
617515,2019,5,6,5/6/2019,16:00:00,America/Chicago,2019-05-06T21:00:00Z,WY,56,NA,0,0,NA,41.23,-104.7,41.2291,-104.6928,0.38,30,1,1,21,0,0,0,FALSE,0
618083,2019,6,19,6/19/2019,18:56:00,America/Chicago,2019-06-19T23:56:00Z,WY,56,1,0,0,2000,44.1539,-107.0959,44.1423,-107.015,4.09,250,1,1,19,0,0,0,FALSE,0
618084,2019,6,19,6/19/2019,19:50:00,America/Chicago,2019-06-20T00:50:00Z,WY,56,0,0,0,NA,43.23,-105.24,43.12,-105.04,12.62,50,1,1,9,0,0,0,FALSE,0
618132,2019,6,25,6/25/2019,19:56:00,America/Chicago,2019-06-26T00:56:00Z,WY,56,1,0,0,NA,44.7721,-104.721,44.745,-104.6218,5.28,60,1,1,11,0,0,0,FALSE,0
618133,2019,6,25,6/25/2019,20:02:00,America/Chicago,2019-06-26T01:02:00Z,WY,56,1,0,0,NA,44.7699,-104.7214,44.7417,-104.6248,5.37,80,1,1,11,0,0,0,FALSE,0
618187,2019,7,16,7/16/2019,19:34:00,America/Chicago,2019-07-17T00:34:00Z,WY,56,0,0,0,NA,44.2704,-105.1142,44.2701,-105.0901,1.19,10,1,1,5,0,0,0,FALSE,0
618192,2019,7,17,7/17/2019,18:05:00,America/Chicago,2019-07-17T23:05:00Z,WY,56,NA,0,0,NA,42.99,-104.15,42.9881,-104.1453,0.27,20,1,1,27,0,0,0,FALSE,0
618194,2019,7,17,7/17/2019,18:45:00,America/Chicago,2019-07-17T23:45:00Z,WY,56,0,0,0,NA,44.09,-104.187,44.073,-104.171,1.42,100,1,1,45,0,0,0,FALSE,0
618144,2019,7,3,7/3/2019,16:28:00,America/Chicago,2019-07-03T21:28:00Z,WY,56,0,0,0,NA,43.507,-104.079,43.547,-104.004,4.67,50,2,0,0,0,0,0,FALSE,0
618145,2019,7,3,7/3/2019,16:30:00,America/Chicago,2019-07-03T21:30:00Z,WY,56,NA,0,0,NA,43.5,-104.06,43.5,-104.0595,0.02,50,1,1,27,0,0,0,FALSE,0
618148,2019,7,4,7/4/2019,16:46:00,America/Chicago,2019-07-04T21:46:00Z,WY,56,NA,0,0,NA,41.6929,-105.0926,41.6929,-105.0926,0.01,10,1,1,31,0,0,0,FALSE,0
618149,2019,7,4,7/4/2019,17:16:00,America/Chicago,2019-07-04T22:16:00Z,WY,56,NA,0,0,NA,41.6833,-104.8932,41.68,-104.8541,2.03,200,1,1,31,0,0,0,FALSE,0
618162,2019,7,6,7/6/2019,18:10:00,America/Chicago,2019-07-06T23:10:00Z,WY,56,1,0,0,NA,41.5556,-105.7349,41.5341,-105.6636,3.98,500,1,1,1,0,0,0,FALSE,0
618163,2019,7,6,7/6/2019,19:49:00,America/Chicago,2019-07-07T00:49:00Z,WY,56,NA,0,0,NA,41.7175,-104.621,41.6774,-104.5763,3.61,20,1,1,15,0,0,0,FALSE,0
618260,2019,8,11,8/11/2019,14:54:00,America/Chicago,2019-08-11T19:54:00Z,WY,56,NA,0,0,NA,41.16,-104.48,41.1461,-104.4633,1.3,50,1,1,21,0,0,0,FALSE,0
618305,2019,8,23,8/23/2019,16:22:00,America/Chicago,2019-08-23T21:22:00Z,WY,56,0,0,0,NA,42.93,-106.35,42.9399,-106.3407,0.83,30,1,1,25,0,0,0,FALSE,0
618361,2019,9,10,9/10/2019,15:09:00,America/Chicago,2019-09-10T20:09:00Z,WY,56,NA,0,0,NA,42.31,-104.7,42.33,-104.61,4.8,30,1,1,31,15,0,0,FALSE,0
618362,2019,9,10,9/10/2019,16:14:00,America/Chicago,2019-09-10T21:14:00Z,WY,56,2,0,0,NA,42.3339,-104.5405,42.26,-104.18,19.12,200,1,1,15,0,0,0,FALSE,0
618363,2019,9,10,9/10/2019,16:58:00,America/Chicago,2019-09-10T21:58:00Z,WY,56,NA,0,0,NA,41.76,-104.72,41.79,-104.56,8.52,30,1,1,31,15,0,0,FALSE,0
619156,2020,6,6,6/6/2020,14:51:00,America/Chicago,2020-06-06T19:51:00Z,WY,56,1,0,0,NA,41.4594,-106.4015,41.475,-106.3982,1.21,600,1,1,7,0,0,0,FALSE,0
619249,2020,7,6,7/6/2020,17:26:00,America/Chicago,2020-07-06T22:26:00Z,WY,56,NA,0,0,NA,44.872,-104.908,44.832,-104.859,3.66,50,1,1,11,0,0,0,FALSE,0
619250,2020,7,6,7/6/2020,18:38:00,America/Chicago,2020-07-06T23:38:00Z,WY,56,2,0,0,NA,44.294,-104.096,44.289,-104.055,2.06,770,1,1,11,0,0,0,FALSE,0
619429,2020,8,11,8/11/2020,17:52:00,America/Chicago,2020-08-11T22:52:00Z,WY,56,0,0,0,NA,43.1176,-108.5544,43.1153,-108.5524,0.19,20,1,1,13,0,0,0,FALSE,0
620006,2021,5,17,5/17/2021,15:45:00,America/Chicago,2021-05-17T20:45:00Z,WY,56,NA,0,0,NA,41.76,-107.25,41.7568,-107.2478,0.25,20,1,1,7,0,0,0,FALSE,0
621736,2022,6,12,6/12/2022,16:35:00,America/Chicago,2022-06-12T21:35:00Z,WY,56,2,0,0,NA,43.5884,-110.5228,43.5971,-110.482,2.13,360,1,1,39,0,0,0,FALSE,0
621691,2022,6,7,6/7/2022,14:21:00,America/Chicago,2022-06-07T19:21:00Z,WY,56,1,0,0,NA,42.6999,-104.2002,42.6626,-104.1344,3.5,225,1,1,27,0,0,0,FALSE,0
